2026-08-19T03:21:43.606324+00:00   INFO pegaflow_server: lib.rs:480 Starting pega-engine-server v0.23.3
2026-08-19T03:21:44.435005+00:00   INFO pegaflow_server: lib.rs:319 Ascend ACL runtime initialized, device 0 set as current
2026-08-19T03:21:44.435228+00:00   INFO pegaflow_server::check_ascend_version: check_ascend_version.rs:40 Ascend preflight: minimum required version 1.16.0
2026-08-19T03:21:44.435310+00:00   INFO pegaflow_server::check_ascend_version: check_ascend_version.rs:52 Ascend preflight: runtime version 1.17.0 detected
2026-08-19T03:21:44.435353+00:00   INFO pegaflow_server: lib.rs:498 Using specified device(s): [0, 1, 2, 3, 4, 5, 6, 7]
2026-08-19T03:21:53.257595+00:00   INFO pegaflow_server: lib.rs:397 Initialized context for device 0 in 0.01s
2026-08-19T03:21:53.974005+00:00   INFO pegaflow_server: lib.rs:397 Initialized context for device 1 in 0.72s
2026-08-19T03:21:54.702593+00:00   INFO pegaflow_server: lib.rs:397 Initialized context for device 2 in 0.73s
2026-08-19T03:21:55.427446+00:00   INFO pegaflow_server: lib.rs:397 Initialized context for device 3 in 0.72s
2026-08-19T03:21:56.151454+00:00   INFO pegaflow_server: lib.rs:397 Initialized context for device 4 in 0.72s
2026-08-19T03:21:56.867981+00:00   INFO pegaflow_server: lib.rs:397 Initialized context for device 5 in 0.72s
2026-08-19T03:21:57.608199+00:00   INFO pegaflow_server: lib.rs:397 Initialized context for device 6 in 0.74s
2026-08-19T03:21:58.328823+00:00   INFO pegaflow_server: lib.rs:397 Initialized context for device 7 in 0.72s
2026-08-19T03:21:58.329081+00:00   INFO pegaflow_server: lib.rs:507 Device runtime initialized for 8 device(s): [0, 1, 2, 3, 4, 5, 6, 7]
2026-08-19T03:21:58.329451+00:00   INFO pegaflow_server: lib.rs:528 Creating PegaEngine with pinned memory pool: 16.00 GiB (17179869184 bytes), hugepages=false
2026-08-19T03:21:58.357136+00:00   INFO pegaflow_server: lib.rs:446 Prometheus metrics exporter enabled
2026-08-19T03:21:58.357512+00:00   INFO opentelemetry: metrics.rs:29  name="MeterProvider.GlobalSet" message=Global meter provider is set. Meters can now be created using global::meter() or global::meter_with_scope().
2026-08-19T03:22:03.741248+00:00   INFO pegaflow_common::numa: numa.rs:650 === Device-NUMA Topology ===
2026-08-19T03:22:03.741408+00:00   INFO pegaflow_common::numa: numa.rs:651 NUMA nodes: 8
2026-08-19T03:22:03.741457+00:00   INFO pegaflow_common::numa: numa.rs:659   Device 0 -> NUMA6
2026-08-19T03:22:03.741483+00:00   INFO pegaflow_common::numa: numa.rs:659   Device 1 -> NUMA0
2026-08-19T03:22:03.741503+00:00   INFO pegaflow_common::numa: numa.rs:659   Device 2 -> NUMA6
2026-08-19T03:22:03.741522+00:00   INFO pegaflow_common::numa: numa.rs:659   Device 3 -> NUMA0
2026-08-19T03:22:03.741540+00:00   INFO pegaflow_common::numa: numa.rs:659   Device 4 -> NUMA4
2026-08-19T03:22:03.741559+00:00   INFO pegaflow_common::numa: numa.rs:659   Device 5 -> NUMA2
2026-08-19T03:22:03.741577+00:00   INFO pegaflow_common::numa: numa.rs:659   Device 6 -> NUMA4
2026-08-19T03:22:03.741595+00:00   INFO pegaflow_common::numa: numa.rs:659   Device 7 -> NUMA2
2026-08-19T03:22:03.741655+00:00   INFO pegaflow_core: lib.rs:163 Auto-enabling NUMA-aware memory allocation for 4 GPU-local NUMA nodes (8 CPU NUMA nodes detected)
2026-08-19T03:22:03.741681+00:00   INFO pegaflow_core::storage: mod.rs:150 Creating NUMA-aware pinned pools for 4 nodes
2026-08-19T03:22:03.741716+00:00   INFO pegaflow_core::pinned_pool: pinned_pool.rs:547 Creating NUMA-aware pools: total=16.0 GiB, nodes=4, per_node=4.0 GiB, shards_per_node=1
2026-08-19T03:22:03.743287+00:00   INFO pegaflow_core::pinned_pool: pinned_pool.rs:203 Allocating pinned memory pool with aclrtMallocHost mapped pages
2026-08-19T03:22:03.743484+00:00   INFO pegaflow_core::pinned_pool: pinned_pool.rs:262 Ascend pinned pool on NUMA node NUMA0 → using device 3
2026-08-19T03:22:03.913480+00:00   INFO pegaflow_core::pinned_pool: pinned_pool.rs:213 Pinned pool: backing_size=4.0 GiB, unit_size=512 B, max_units=8388608, allocatable_size=4.0 GiB
2026-08-19T03:22:04.257039+00:00   INFO pegaflow_core::pinned_pool: pinned_pool.rs:580 Created pinned pool on NUMA0: capacity=4.0 GiB
2026-08-19T03:22:04.258090+00:00   INFO pegaflow_core::pinned_pool: pinned_pool.rs:203 Allocating pinned memory pool with aclrtMallocHost mapped pages
2026-08-19T03:22:04.258243+00:00   INFO pegaflow_core::pinned_pool: pinned_pool.rs:262 Ascend pinned pool on NUMA node NUMA2 → using device 5
2026-08-19T03:22:04.429176+00:00   INFO pegaflow_core::pinned_pool: pinned_pool.rs:213 Pinned pool: backing_size=4.0 GiB, unit_size=512 B, max_units=8388608, allocatable_size=4.0 GiB
2026-08-19T03:22:04.771837+00:00   INFO pegaflow_core::pinned_pool: pinned_pool.rs:580 Created pinned pool on NUMA2: capacity=4.0 GiB
2026-08-19T03:22:04.772843+00:00   INFO pegaflow_core::pinned_pool: pinned_pool.rs:203 Allocating pinned memory pool with aclrtMallocHost mapped pages
2026-08-19T03:22:04.773047+00:00   INFO pegaflow_core::pinned_pool: pinned_pool.rs:262 Ascend pinned pool on NUMA node NUMA4 → using device 6
2026-08-19T03:22:04.942918+00:00   INFO pegaflow_core::pinned_pool: pinned_pool.rs:213 Pinned pool: backing_size=4.0 GiB, unit_size=512 B, max_units=8388608, allocatable_size=4.0 GiB
2026-08-19T03:22:05.283283+00:00   INFO pegaflow_core::pinned_pool: pinned_pool.rs:580 Created pinned pool on NUMA4: capacity=4.0 GiB
2026-08-19T03:22:05.284242+00:00   INFO pegaflow_core::pinned_pool: pinned_pool.rs:203 Allocating pinned memory pool with aclrtMallocHost mapped pages
2026-08-19T03:22:05.284465+00:00   INFO pegaflow_core::pinned_pool: pinned_pool.rs:262 Ascend pinned pool on NUMA node NUMA6 → using device 2
2026-08-19T03:22:05.449207+00:00   INFO pegaflow_core::pinned_pool: pinned_pool.rs:213 Pinned pool: backing_size=4.0 GiB, unit_size=512 B, max_units=8388608, allocatable_size=4.0 GiB
2026-08-19T03:22:05.783457+00:00   INFO pegaflow_core::pinned_pool: pinned_pool.rs:580 Created pinned pool on NUMA6: capacity=4.0 GiB
2026-08-19T03:22:05.784292+00:00   INFO pegaflow_server: lib.rs:688 Background GC task started (interval=60s, inflight_max_age=5m, failed_remote_max_age=5m)
2026-08-19T03:22:05.784835+00:00   INFO pegaflow_server::http_server: http_server.rs:187 Starting HTTP server on 0.0.0.0:9091 (/health, /metrics, /instances, /instances/cleanup, /cache/memory/cleanup)
2026-08-19T03:22:05.784974+00:00   INFO pegaflow_server: lib.rs:716 PegaEngine gRPC server listening on 0.0.0.0:50080
2026-08-19T03:24:10.005514+00:00   INFO pegaflow_server::registry: registry.rs:217 IPC import timing: device_id=2 size_bytes=533725184 import_ms=11.67 (perf-t1)
2026-08-19T03:24:10.010712+00:00   INFO pegaflow_server::registry: registry.rs:217 IPC import timing: device_id=2 size_bytes=533725184 import_ms=3.00 (perf-t1)
2026-08-19T03:24:10.014239+00:00   INFO pegaflow_server::registry: registry.rs:217 IPC import timing: device_id=2 size_bytes=533725184 import_ms=2.88 (perf-t1)
2026-08-19T03:24:10.017858+00:00   INFO pegaflow_server::registry: registry.rs:217 IPC import timing: device_id=2 size_bytes=533725184 import_ms=3.02 (perf-t1)
2026-08-19T03:24:10.022735+00:00   INFO pegaflow_server::registry: registry.rs:217 IPC import timing: device_id=2 size_bytes=533725184 import_ms=4.14 (perf-t1)
2026-08-19T03:24:10.026327+00:00   INFO pegaflow_server::registry: registry.rs:217 IPC import timing: device_id=2 size_bytes=533725184 import_ms=3.01 (perf-t1)
2026-08-19T03:24:10.029845+00:00   INFO pegaflow_server::registry: registry.rs:217 IPC import timing: device_id=2 size_bytes=533725184 import_ms=2.93 (perf-t1)
2026-08-19T03:24:10.033564+00:00   INFO pegaflow_server::registry: registry.rs:217 IPC import timing: device_id=2 size_bytes=533725184 import_ms=3.06 (perf-t1)
2026-08-19T03:24:10.037132+00:00   INFO pegaflow_server::registry: registry.rs:217 IPC import timing: device_id=2 size_bytes=533725184 import_ms=2.93 (perf-t1)
2026-08-19T03:24:10.044240+00:00   INFO pegaflow_server::registry: registry.rs:217 IPC import timing: device_id=2 size_bytes=533725184 import_ms=6.49 (perf-t1)
2026-08-19T03:24:10.048322+00:00   INFO pegaflow_server::registry: registry.rs:217 IPC import timing: device_id=2 size_bytes=533725184 import_ms=3.33 (perf-t1)
2026-08-19T03:24:10.051936+00:00   INFO pegaflow_server::registry: registry.rs:217 IPC import timing: device_id=2 size_bytes=533725184 import_ms=2.94 (perf-t1)
2026-08-19T03:24:10.055656+00:00   INFO pegaflow_server::registry: registry.rs:217 IPC import timing: device_id=2 size_bytes=533725184 import_ms=3.06 (perf-t1)
2026-08-19T03:24:10.059232+00:00   INFO pegaflow_server::registry: registry.rs:217 IPC import timing: device_id=2 size_bytes=533725184 import_ms=2.86 (perf-t1)
2026-08-19T03:24:10.062848+00:00   INFO pegaflow_server::registry: registry.rs:217 IPC import timing: device_id=2 size_bytes=533725184 import_ms=3.00 (perf-t1)
2026-08-19T03:24:10.066401+00:00   INFO pegaflow_server::registry: registry.rs:217 IPC import timing: device_id=2 size_bytes=533725184 import_ms=2.82 (perf-t1)
2026-08-19T03:24:10.070174+00:00   INFO pegaflow_server::registry: registry.rs:217 IPC import timing: device_id=2 size_bytes=533725184 import_ms=3.08 (perf-t1)
2026-08-19T03:24:10.077001+00:00   INFO pegaflow_server::registry: registry.rs:217 IPC import timing: device_id=2 size_bytes=533725184 import_ms=6.22 (perf-t1)
2026-08-19T03:24:10.081234+00:00   INFO pegaflow_server::registry: registry.rs:217 IPC import timing: device_id=2 size_bytes=533725184 import_ms=3.15 (perf-t1)
2026-08-19T03:24:10.085175+00:00   INFO pegaflow_server::registry: registry.rs:217 IPC import timing: device_id=2 size_bytes=533725184 import_ms=3.06 (perf-t1)
2026-08-19T03:24:10.127144+00:00   INFO pegaflow_server::registry: registry.rs:217 IPC import timing: device_id=2 size_bytes=533725184 import_ms=41.23 (perf-t1)
2026-08-19T03:24:10.130950+00:00   INFO pegaflow_server::registry: registry.rs:217 IPC import timing: device_id=2 size_bytes=533725184 import_ms=2.96 (perf-t1)
2026-08-19T03:24:10.134418+00:00   INFO pegaflow_server::registry: registry.rs:217 IPC import timing: device_id=2 size_bytes=533725184 import_ms=2.78 (perf-t1)
2026-08-19T03:24:10.137933+00:00   INFO pegaflow_server::registry: registry.rs:217 IPC import timing: device_id=2 size_bytes=533725184 import_ms=2.95 (perf-t1)
2026-08-19T03:24:10.141301+00:00   INFO pegaflow_server::registry: registry.rs:217 IPC import timing: device_id=2 size_bytes=533725184 import_ms=2.80 (perf-t1)
2026-08-19T03:24:10.145751+00:00   INFO pegaflow_server::registry: registry.rs:217 IPC import timing: device_id=2 size_bytes=533725184 import_ms=3.82 (perf-t1)
2026-08-19T03:24:10.149108+00:00   INFO pegaflow_server::registry: registry.rs:217 IPC import timing: device_id=2 size_bytes=533725184 import_ms=2.77 (perf-t1)
2026-08-19T03:24:10.152901+00:00   INFO pegaflow_server::registry: registry.rs:217 IPC import timing: device_id=2 size_bytes=533725184 import_ms=3.24 (perf-t1)
2026-08-19T03:24:10.156316+00:00   INFO pegaflow_server::registry: registry.rs:217 IPC import timing: device_id=2 size_bytes=533725184 import_ms=2.78 (perf-t1)
2026-08-19T03:24:10.161169+00:00   INFO pegaflow_server::registry: registry.rs:217 IPC import timing: device_id=2 size_bytes=533725184 import_ms=4.06 (perf-t1)
2026-08-19T03:24:10.164827+00:00   INFO pegaflow_server::registry: registry.rs:217 IPC import timing: device_id=2 size_bytes=533725184 import_ms=3.08 (perf-t1)
2026-08-19T03:24:10.168261+00:00   INFO pegaflow_server::registry: registry.rs:217 IPC import timing: device_id=2 size_bytes=533725184 import_ms=2.76 (perf-t1)
2026-08-19T03:24:10.172939+00:00   INFO pegaflow_server::registry: registry.rs:217 IPC import timing: device_id=2 size_bytes=533725184 import_ms=4.08 (perf-t1)
2026-08-19T03:24:10.176315+00:00   INFO pegaflow_server::registry: registry.rs:217 IPC import timing: device_id=2 size_bytes=533725184 import_ms=2.81 (perf-t1)
2026-08-19T03:24:10.179786+00:00   INFO pegaflow_server::registry: registry.rs:217 IPC import timing: device_id=2 size_bytes=533725184 import_ms=2.82 (perf-t1)
2026-08-19T03:24:10.186143+00:00   INFO pegaflow_server::registry: registry.rs:217 IPC import timing: device_id=2 size_bytes=533725184 import_ms=5.81 (perf-t1)
2026-08-19T03:24:10.189568+00:00   INFO pegaflow_server::registry: registry.rs:217 IPC import timing: device_id=2 size_bytes=533725184 import_ms=2.84 (perf-t1)
2026-08-19T03:24:10.193383+00:00   INFO pegaflow_server::registry: registry.rs:217 IPC import timing: device_id=2 size_bytes=533725184 import_ms=2.79 (perf-t1)
2026-08-19T03:24:10.197276+00:00   INFO pegaflow_server::registry: registry.rs:217 IPC import timing: device_id=2 size_bytes=533725184 import_ms=3.27 (perf-t1)
2026-08-19T03:24:10.200724+00:00   INFO pegaflow_server::registry: registry.rs:217 IPC import timing: device_id=2 size_bytes=533725184 import_ms=2.86 (perf-t1)
2026-08-19T03:24:10.204288+00:00   INFO pegaflow_server::registry: registry.rs:217 IPC import timing: device_id=2 size_bytes=533725184 import_ms=2.93 (perf-t1)
2026-08-19T03:24:10.207906+00:00   INFO pegaflow_server::registry: registry.rs:217 IPC import timing: device_id=2 size_bytes=533725184 import_ms=2.92 (perf-t1)
2026-08-19T03:24:10.211328+00:00   INFO pegaflow_server::registry: registry.rs:217 IPC import timing: device_id=2 size_bytes=533725184 import_ms=2.82 (perf-t1)
2026-08-19T03:24:10.214987+00:00   INFO pegaflow_server::registry: registry.rs:217 IPC import timing: device_id=2 size_bytes=533725184 import_ms=3.02 (perf-t1)
2026-08-19T03:24:10.218348+00:00   INFO pegaflow_server::registry: registry.rs:217 IPC import timing: device_id=2 size_bytes=533725184 import_ms=2.78 (perf-t1)
2026-08-19T03:24:10.223845+00:00   INFO pegaflow_server::registry: registry.rs:217 IPC import timing: device_id=2 size_bytes=533725184 import_ms=4.91 (perf-t1)
2026-08-19T03:24:10.227917+00:00   INFO pegaflow_server::registry: registry.rs:217 IPC import timing: device_id=2 size_bytes=533725184 import_ms=3.24 (perf-t1)
2026-08-19T03:24:10.265729+00:00   INFO pegaflow_server::registry: registry.rs:217 IPC import timing: device_id=2 size_bytes=533725184 import_ms=37.10 (perf-t1)
2026-08-19T03:24:10.269656+00:00   INFO pegaflow_server::registry: registry.rs:217 IPC import timing: device_id=2 size_bytes=533725184 import_ms=2.97 (perf-t1)
2026-08-19T03:24:10.273276+00:00   INFO pegaflow_server::registry: registry.rs:217 IPC import timing: device_id=2 size_bytes=533725184 import_ms=2.85 (perf-t1)
2026-08-19T03:24:10.276871+00:00   INFO pegaflow_server::registry: registry.rs:217 IPC import timing: device_id=2 size_bytes=533725184 import_ms=2.97 (perf-t1)
2026-08-19T03:24:10.280358+00:00   INFO pegaflow_server::registry: registry.rs:217 IPC import timing: device_id=2 size_bytes=533725184 import_ms=2.77 (perf-t1)
2026-08-19T03:24:10.284895+00:00   INFO pegaflow_server::registry: registry.rs:217 IPC import timing: device_id=2 size_bytes=533725184 import_ms=3.84 (perf-t1)
2026-08-19T03:24:10.288478+00:00   INFO pegaflow_server::registry: registry.rs:217 IPC import timing: device_id=2 size_bytes=533725184 import_ms=2.96 (perf-t1)
2026-08-19T03:24:10.292107+00:00   INFO pegaflow_server::registry: registry.rs:217 IPC import timing: device_id=2 size_bytes=533725184 import_ms=3.00 (perf-t1)
2026-08-19T03:24:10.295668+00:00   INFO pegaflow_server::registry: registry.rs:217 IPC import timing: device_id=2 size_bytes=533725184 import_ms=2.84 (perf-t1)
2026-08-19T03:24:10.299225+00:00   INFO pegaflow_server::registry: registry.rs:217 IPC import timing: device_id=2 size_bytes=533725184 import_ms=2.96 (perf-t1)
2026-08-19T03:24:10.302947+00:00   INFO pegaflow_server::registry: registry.rs:217 IPC import timing: device_id=2 size_bytes=533725184 import_ms=2.88 (perf-t1)
2026-08-19T03:24:10.306542+00:00   INFO pegaflow_server::registry: registry.rs:217 IPC import timing: device_id=2 size_bytes=533725184 import_ms=2.91 (perf-t1)
2026-08-19T03:24:10.309908+00:00   INFO pegaflow_server::registry: registry.rs:217 IPC import timing: device_id=2 size_bytes=533725184 import_ms=2.77 (perf-t1)
2026-08-19T03:24:10.313507+00:00   INFO pegaflow_server::registry: registry.rs:217 IPC import timing: device_id=2 size_bytes=533725184 import_ms=2.99 (perf-t1)
2026-08-19T03:24:10.317987+00:00   INFO pegaflow_server::registry: registry.rs:217 IPC import timing: device_id=2 size_bytes=533725184 import_ms=3.82 (perf-t1)
2026-08-19T03:24:10.322019+00:00   INFO pegaflow_server::registry: registry.rs:217 IPC import timing: device_id=2 size_bytes=533725184 import_ms=3.35 (perf-t1)
2026-08-19T03:24:10.325983+00:00   INFO pegaflow_server::registry: registry.rs:217 IPC import timing: device_id=2 size_bytes=533725184 import_ms=3.36 (perf-t1)
2026-08-19T03:24:10.329504+00:00   INFO pegaflow_server::registry: registry.rs:217 IPC import timing: device_id=2 size_bytes=533725184 import_ms=2.89 (perf-t1)
2026-08-19T03:24:10.333071+00:00   INFO pegaflow_server::registry: registry.rs:217 IPC import timing: device_id=2 size_bytes=533725184 import_ms=2.88 (perf-t1)
2026-08-19T03:24:10.336552+00:00   INFO pegaflow_server::registry: registry.rs:217 IPC import timing: device_id=2 size_bytes=533725184 import_ms=2.87 (perf-t1)
2026-08-19T03:24:10.340117+00:00   INFO pegaflow_server::registry: registry.rs:217 IPC import timing: device_id=2 size_bytes=533725184 import_ms=2.98 (perf-t1)
2026-08-19T03:24:10.345654+00:00   INFO pegaflow_server::registry: registry.rs:217 IPC import timing: device_id=2 size_bytes=533725184 import_ms=4.83 (perf-t1)
2026-08-19T03:24:10.349334+00:00   INFO pegaflow_server::registry: registry.rs:217 IPC import timing: device_id=2 size_bytes=533725184 import_ms=2.99 (perf-t1)
2026-08-19T03:24:10.353117+00:00   INFO pegaflow_server::registry: registry.rs:217 IPC import timing: device_id=2 size_bytes=533725184 import_ms=3.09 (perf-t1)
2026-08-19T03:24:10.356935+00:00   INFO pegaflow_server::registry: registry.rs:217 IPC import timing: device_id=2 size_bytes=533725184 import_ms=2.94 (perf-t1)
2026-08-19T03:24:10.360840+00:00   INFO pegaflow_core::gpu_worker: gpu_worker.rs:338 GPU worker initialized: device=2 backend=ascend_batch device_id=2
2026-08-19T03:24:10.360940+00:00   INFO pegaflow_core::gpu_worker: gpu_worker.rs:338 GPU worker initialized: device=2 backend=ascend_batch device_id=2
2026-08-19T03:24:10.361292+00:00   INFO pegaflow_core::gpu_worker: gpu_worker.rs:200 GPU worker pool started: device=2, numa_node=NUMA6, transfer_mode=AscendDirect
2026-08-19T03:24:10.362140+00:00   INFO pegaflow_core::instance: instance.rs:706 Sealed instance topology: instance=af5be599-2dd2-4d8e-8d5a-f9cb48106ef6-8c77b68b87414fcea9412f35456bc772, num_layers=72, tp_size=1, world_size=1, total_slots=72
2026-08-19T03:24:10.362201+00:00   INFO pegaflow_core::instance: instance.rs:719 Initialized GPU context: device_id=2, numa_node=NUMA6
2026-08-19T03:24:10.362233+00:00   INFO pegaflow_core: lib.rs:452 Registered context batch: instance=af5be599-2dd2-4d8e-8d5a-f9cb48106ef6-8c77b68b87414fcea9412f35456bc772, namespace=perf-t3-h50-iso-c1-2, device=2, layers=72, tp_rank=0/1, pp_rank=0
2026-08-19T03:24:12.599686+00:00   INFO pegaflow_server::registry: registry.rs:217 IPC import timing: device_id=6 size_bytes=533725184 import_ms=4.21 (perf-t1)
2026-08-19T03:24:12.647923+00:00   INFO pegaflow_server::registry: registry.rs:217 IPC import timing: device_id=6 size_bytes=533725184 import_ms=47.20 (perf-t1)
2026-08-19T03:24:12.700779+00:00   INFO pegaflow_server::registry: registry.rs:217 IPC import timing: device_id=6 size_bytes=533725184 import_ms=52.09 (perf-t1)
2026-08-19T03:24:12.791195+00:00   INFO pegaflow_server::registry: registry.rs:217 IPC import timing: device_id=6 size_bytes=533725184 import_ms=89.84 (perf-t1)
2026-08-19T03:24:12.886974+00:00   INFO pegaflow_server::registry: registry.rs:217 IPC import timing: device_id=6 size_bytes=533725184 import_ms=95.19 (perf-t1)
2026-08-19T03:24:12.983272+00:00   INFO pegaflow_server::registry: registry.rs:217 IPC import timing: device_id=6 size_bytes=533725184 import_ms=92.27 (perf-t1)
2026-08-19T03:24:13.033602+00:00   INFO pegaflow_server::registry: registry.rs:217 IPC import timing: device_id=6 size_bytes=533725184 import_ms=49.76 (perf-t1)
2026-08-19T03:24:13.079218+00:00   INFO pegaflow_server::registry: registry.rs:217 IPC import timing: device_id=6 size_bytes=533725184 import_ms=44.96 (perf-t1)
2026-08-19T03:24:13.170950+00:00   INFO pegaflow_server::registry: registry.rs:217 IPC import timing: device_id=6 size_bytes=533725184 import_ms=91.12 (perf-t1)
2026-08-19T03:24:13.263065+00:00   INFO pegaflow_server::registry: registry.rs:217 IPC import timing: device_id=6 size_bytes=533725184 import_ms=91.53 (perf-t1)
2026-08-19T03:24:13.355309+00:00   INFO pegaflow_server::registry: registry.rs:217 IPC import timing: device_id=6 size_bytes=533725184 import_ms=91.48 (perf-t1)
2026-08-19T03:24:13.495050+00:00   INFO pegaflow_server::registry: registry.rs:217 IPC import timing: device_id=6 size_bytes=533725184 import_ms=139.16 (perf-t1)
2026-08-19T03:24:13.591038+00:00   INFO pegaflow_server::registry: registry.rs:217 IPC import timing: device_id=6 size_bytes=533725184 import_ms=95.15 (perf-t1)
2026-08-19T03:24:13.698293+00:00   INFO pegaflow_server::registry: registry.rs:217 IPC import timing: device_id=6 size_bytes=533725184 import_ms=106.69 (perf-t1)
2026-08-19T03:24:13.783144+00:00   INFO pegaflow_server::registry: registry.rs:217 IPC import timing: device_id=6 size_bytes=533725184 import_ms=84.03 (perf-t1)
2026-08-19T03:24:13.857220+00:00   INFO pegaflow_server::registry: registry.rs:217 IPC import timing: device_id=6 size_bytes=533725184 import_ms=73.51 (perf-t1)
2026-08-19T03:24:13.905182+00:00   INFO pegaflow_server::registry: registry.rs:217 IPC import timing: device_id=6 size_bytes=533725184 import_ms=47.09 (perf-t1)
2026-08-19T03:24:13.956252+00:00   INFO pegaflow_server::registry: registry.rs:217 IPC import timing: device_id=6 size_bytes=533725184 import_ms=50.45 (perf-t1)
2026-08-19T03:24:14.003864+00:00   INFO pegaflow_server::registry: registry.rs:217 IPC import timing: device_id=6 size_bytes=533725184 import_ms=47.03 (perf-t1)
2026-08-19T03:24:14.057208+00:00   INFO pegaflow_server::registry: registry.rs:217 IPC import timing: device_id=6 size_bytes=533725184 import_ms=52.76 (perf-t1)
2026-08-19T03:24:14.103990+00:00   INFO pegaflow_server::registry: registry.rs:217 IPC import timing: device_id=6 size_bytes=533725184 import_ms=45.99 (perf-t1)
2026-08-19T03:24:14.151807+00:00   INFO pegaflow_server::registry: registry.rs:217 IPC import timing: device_id=6 size_bytes=533725184 import_ms=47.24 (perf-t1)
2026-08-19T03:24:14.199675+00:00   INFO pegaflow_server::registry: registry.rs:217 IPC import timing: device_id=6 size_bytes=533725184 import_ms=47.31 (perf-t1)
2026-08-19T03:24:14.247618+00:00   INFO pegaflow_server::registry: registry.rs:217 IPC import timing: device_id=6 size_bytes=533725184 import_ms=47.33 (perf-t1)
2026-08-19T03:24:14.295595+00:00   INFO pegaflow_server::registry: registry.rs:217 IPC import timing: device_id=6 size_bytes=533725184 import_ms=47.06 (perf-t1)
2026-08-19T03:24:14.343597+00:00   INFO pegaflow_server::registry: registry.rs:217 IPC import timing: device_id=6 size_bytes=533725184 import_ms=47.41 (perf-t1)
2026-08-19T03:24:14.397726+00:00   INFO pegaflow_server::registry: registry.rs:217 IPC import timing: device_id=6 size_bytes=533725184 import_ms=53.56 (perf-t1)
2026-08-19T03:24:14.418332+00:00   INFO pegaflow_server::registry: registry.rs:217 IPC import timing: device_id=6 size_bytes=533725184 import_ms=20.09 (perf-t1)
2026-08-19T03:24:14.454531+00:00   INFO pegaflow_server::registry: registry.rs:217 IPC import timing: device_id=6 size_bytes=533725184 import_ms=35.40 (perf-t1)
2026-08-19T03:24:14.459529+00:00   INFO pegaflow_server::registry: registry.rs:217 IPC import timing: device_id=6 size_bytes=533725184 import_ms=4.33 (perf-t1)
2026-08-19T03:24:14.508574+00:00   INFO pegaflow_server::registry: registry.rs:217 IPC import timing: device_id=6 size_bytes=533725184 import_ms=48.52 (perf-t1)
2026-08-19T03:24:14.542523+00:00   INFO pegaflow_server::registry: registry.rs:217 IPC import timing: device_id=6 size_bytes=533725184 import_ms=33.42 (perf-t1)
2026-08-19T03:24:14.546238+00:00   INFO pegaflow_server::registry: registry.rs:217 IPC import timing: device_id=6 size_bytes=533725184 import_ms=3.16 (perf-t1)
2026-08-19T03:24:14.590056+00:00   INFO pegaflow_server::registry: registry.rs:217 IPC import timing: device_id=6 size_bytes=533725184 import_ms=43.32 (perf-t1)
2026-08-19T03:24:14.597636+00:00   INFO pegaflow_server::registry: registry.rs:217 IPC import timing: device_id=6 size_bytes=533725184 import_ms=7.06 (perf-t1)
2026-08-19T03:24:14.643582+00:00   INFO pegaflow_server::registry: registry.rs:217 IPC import timing: device_id=6 size_bytes=533725184 import_ms=45.42 (perf-t1)
2026-08-19T03:24:14.647328+00:00   INFO pegaflow_server::registry: registry.rs:217 IPC import timing: device_id=6 size_bytes=533725184 import_ms=2.95 (perf-t1)
2026-08-19T03:24:14.697642+00:00   INFO pegaflow_server::registry: registry.rs:217 IPC import timing: device_id=6 size_bytes=533725184 import_ms=49.79 (perf-t1)
2026-08-19T03:24:14.738385+00:00   INFO pegaflow_server::registry: registry.rs:217 IPC import timing: device_id=6 size_bytes=533725184 import_ms=40.15 (perf-t1)
2026-08-19T03:24:14.741890+00:00   INFO pegaflow_server::registry: registry.rs:217 IPC import timing: device_id=6 size_bytes=533725184 import_ms=2.96 (perf-t1)
2026-08-19T03:24:14.788686+00:00   INFO pegaflow_server::registry: registry.rs:217 IPC import timing: device_id=6 size_bytes=533725184 import_ms=46.30 (perf-t1)
2026-08-19T03:24:14.796679+00:00   INFO pegaflow_server::registry: registry.rs:217 IPC import timing: device_id=6 size_bytes=533725184 import_ms=7.47 (perf-t1)
2026-08-19T03:24:14.838904+00:00   INFO pegaflow_server::registry: registry.rs:217 IPC import timing: device_id=6 size_bytes=533725184 import_ms=41.72 (perf-t1)
2026-08-19T03:24:14.882541+00:00   INFO pegaflow_server::registry: registry.rs:217 IPC import timing: device_id=6 size_bytes=533725184 import_ms=42.78 (perf-t1)
2026-08-19T03:24:14.886201+00:00   INFO pegaflow_server::registry: registry.rs:217 IPC import timing: device_id=6 size_bytes=533725184 import_ms=3.09 (perf-t1)
2026-08-19T03:24:14.931469+00:00   INFO pegaflow_server::registry: registry.rs:217 IPC import timing: device_id=6 size_bytes=533725184 import_ms=44.75 (perf-t1)
2026-08-19T03:24:14.934991+00:00   INFO pegaflow_server::registry: registry.rs:217 IPC import timing: device_id=6 size_bytes=533725184 import_ms=3.01 (perf-t1)
2026-08-19T03:24:14.978366+00:00   INFO pegaflow_server::registry: registry.rs:217 IPC import timing: device_id=6 size_bytes=533725184 import_ms=42.87 (perf-t1)
2026-08-19T03:24:14.981854+00:00   INFO pegaflow_server::registry: registry.rs:217 IPC import timing: device_id=6 size_bytes=533725184 import_ms=2.98 (perf-t1)
2026-08-19T03:24:15.030382+00:00   INFO pegaflow_server::registry: registry.rs:217 IPC import timing: device_id=6 size_bytes=533725184 import_ms=48.01 (perf-t1)
2026-08-19T03:24:15.034006+00:00   INFO pegaflow_server::registry: registry.rs:217 IPC import timing: device_id=6 size_bytes=533725184 import_ms=2.79 (perf-t1)
2026-08-19T03:24:15.037349+00:00   INFO pegaflow_server::registry: registry.rs:217 IPC import timing: device_id=6 size_bytes=533725184 import_ms=2.78 (perf-t1)
2026-08-19T03:24:15.043635+00:00   INFO pegaflow_server::registry: registry.rs:217 IPC import timing: device_id=6 size_bytes=533725184 import_ms=5.78 (perf-t1)
2026-08-19T03:24:15.047019+00:00   INFO pegaflow_server::registry: registry.rs:217 IPC import timing: device_id=6 size_bytes=533725184 import_ms=2.84 (perf-t1)
2026-08-19T03:24:15.050401+00:00   INFO pegaflow_server::registry: registry.rs:217 IPC import timing: device_id=6 size_bytes=533725184 import_ms=2.85 (perf-t1)
2026-08-19T03:24:15.053834+00:00   INFO pegaflow_server::registry: registry.rs:217 IPC import timing: device_id=6 size_bytes=533725184 import_ms=2.94 (perf-t1)
2026-08-19T03:24:15.057318+00:00   INFO pegaflow_server::registry: registry.rs:217 IPC import timing: device_id=6 size_bytes=533725184 import_ms=2.98 (perf-t1)
2026-08-19T03:24:15.060838+00:00   INFO pegaflow_server::registry: registry.rs:217 IPC import timing: device_id=6 size_bytes=533725184 import_ms=2.90 (perf-t1)
2026-08-19T03:24:15.064192+00:00   INFO pegaflow_server::registry: registry.rs:217 IPC import timing: device_id=6 size_bytes=533725184 import_ms=2.86 (perf-t1)
2026-08-19T03:24:15.067505+00:00   INFO pegaflow_server::registry: registry.rs:217 IPC import timing: device_id=6 size_bytes=533725184 import_ms=2.77 (perf-t1)
2026-08-19T03:24:15.070901+00:00   INFO pegaflow_server::registry: registry.rs:217 IPC import timing: device_id=6 size_bytes=533725184 import_ms=2.85 (perf-t1)
2026-08-19T03:24:15.075526+00:00   INFO pegaflow_server::registry: registry.rs:217 IPC import timing: device_id=6 size_bytes=533725184 import_ms=4.14 (perf-t1)
2026-08-19T03:24:15.079076+00:00   INFO pegaflow_server::registry: registry.rs:217 IPC import timing: device_id=6 size_bytes=533725184 import_ms=3.04 (perf-t1)
2026-08-19T03:24:15.082552+00:00   INFO pegaflow_server::registry: registry.rs:217 IPC import timing: device_id=6 size_bytes=533725184 import_ms=2.93 (perf-t1)
2026-08-19T03:24:15.085886+00:00   INFO pegaflow_server::registry: registry.rs:217 IPC import timing: device_id=6 size_bytes=533725184 import_ms=2.83 (perf-t1)
2026-08-19T03:24:15.089256+00:00   INFO pegaflow_server::registry: registry.rs:217 IPC import timing: device_id=6 size_bytes=533725184 import_ms=2.89 (perf-t1)
2026-08-19T03:24:15.092652+00:00   INFO pegaflow_server::registry: registry.rs:217 IPC import timing: device_id=6 size_bytes=533725184 import_ms=2.87 (perf-t1)
2026-08-19T03:24:15.095998+00:00   INFO pegaflow_server::registry: registry.rs:217 IPC import timing: device_id=6 size_bytes=533725184 import_ms=2.86 (perf-t1)
2026-08-19T03:24:15.099259+00:00   INFO pegaflow_server::registry: registry.rs:217 IPC import timing: device_id=6 size_bytes=533725184 import_ms=2.75 (perf-t1)
2026-08-19T03:24:15.102716+00:00   INFO pegaflow_server::registry: registry.rs:217 IPC import timing: device_id=6 size_bytes=533725184 import_ms=2.91 (perf-t1)
2026-08-19T03:24:15.106056+00:00   INFO pegaflow_server::registry: registry.rs:217 IPC import timing: device_id=6 size_bytes=533725184 import_ms=2.84 (perf-t1)
2026-08-19T03:24:15.109365+00:00   INFO pegaflow_server::registry: registry.rs:217 IPC import timing: device_id=6 size_bytes=533725184 import_ms=2.83 (perf-t1)
2026-08-19T03:24:15.113137+00:00   INFO pegaflow_server::registry: registry.rs:217 IPC import timing: device_id=5 size_bytes=533725184 import_ms=3.02 (perf-t1)
2026-08-19T03:24:15.113134+00:00   INFO pegaflow_core::gpu_worker: gpu_worker.rs:338 GPU worker initialized: device=6 backend=ascend_batch device_id=6
2026-08-19T03:24:15.113320+00:00   INFO pegaflow_core::gpu_worker: gpu_worker.rs:338 GPU worker initialized: device=6 backend=ascend_batch device_id=6
2026-08-19T03:24:15.113509+00:00   INFO pegaflow_core::gpu_worker: gpu_worker.rs:200 GPU worker pool started: device=6, numa_node=NUMA4, transfer_mode=AscendDirect
2026-08-19T03:24:15.114282+00:00   INFO pegaflow_core::instance: instance.rs:706 Sealed instance topology: instance=2f4fa619-f64b-4f37-ae97-0da099a9ecdd-4807687f6a274af19893e0c074d01e08, num_layers=72, tp_size=1, world_size=1, total_slots=72
2026-08-19T03:24:15.114352+00:00   INFO pegaflow_core::instance: instance.rs:719 Initialized GPU context: device_id=6, numa_node=NUMA4
2026-08-19T03:24:15.114384+00:00   INFO pegaflow_core: lib.rs:452 Registered context batch: instance=2f4fa619-f64b-4f37-ae97-0da099a9ecdd-4807687f6a274af19893e0c074d01e08, namespace=perf-t3-h50-iso-c1-6, device=6, layers=72, tp_rank=0/1, pp_rank=0
2026-08-19T03:24:15.116890+00:00   INFO pegaflow_server::registry: registry.rs:217 IPC import timing: device_id=5 size_bytes=533725184 import_ms=3.21 (perf-t1)
2026-08-19T03:24:15.120417+00:00   INFO pegaflow_server::registry: registry.rs:217 IPC import timing: device_id=5 size_bytes=533725184 import_ms=3.00 (perf-t1)
2026-08-19T03:24:15.123976+00:00   INFO pegaflow_server::registry: registry.rs:217 IPC import timing: device_id=5 size_bytes=533725184 import_ms=3.03 (perf-t1)
2026-08-19T03:24:15.127433+00:00   INFO pegaflow_server::registry: registry.rs:217 IPC import timing: device_id=5 size_bytes=533725184 import_ms=2.94 (perf-t1)
2026-08-19T03:24:15.130954+00:00   INFO pegaflow_server::registry: registry.rs:217 IPC import timing: device_id=5 size_bytes=533725184 import_ms=3.03 (perf-t1)
2026-08-19T03:24:15.134369+00:00   INFO pegaflow_server::registry: registry.rs:217 IPC import timing: device_id=5 size_bytes=533725184 import_ms=2.89 (perf-t1)
2026-08-19T03:24:15.137815+00:00   INFO pegaflow_server::registry: registry.rs:217 IPC import timing: device_id=5 size_bytes=533725184 import_ms=2.95 (perf-t1)
2026-08-19T03:24:15.141235+00:00   INFO pegaflow_server::registry: registry.rs:217 IPC import timing: device_id=5 size_bytes=533725184 import_ms=2.89 (perf-t1)
2026-08-19T03:24:15.146115+00:00   INFO pegaflow_server::registry: registry.rs:217 IPC import timing: device_id=5 size_bytes=533725184 import_ms=4.35 (perf-t1)
2026-08-19T03:24:15.149493+00:00   INFO pegaflow_server::registry: registry.rs:217 IPC import timing: device_id=5 size_bytes=533725184 import_ms=2.87 (perf-t1)
2026-08-19T03:24:15.152915+00:00   INFO pegaflow_server::registry: registry.rs:217 IPC import timing: device_id=5 size_bytes=533725184 import_ms=2.93 (perf-t1)
2026-08-19T03:24:15.156762+00:00   INFO pegaflow_server::registry: registry.rs:217 IPC import timing: device_id=5 size_bytes=533725184 import_ms=3.32 (perf-t1)
2026-08-19T03:24:15.160068+00:00   INFO pegaflow_server::registry: registry.rs:217 IPC import timing: device_id=5 size_bytes=533725184 import_ms=2.81 (perf-t1)
2026-08-19T03:24:15.163461+00:00   INFO pegaflow_server::registry: registry.rs:217 IPC import timing: device_id=5 size_bytes=533725184 import_ms=2.87 (perf-t1)
2026-08-19T03:24:15.167859+00:00   INFO pegaflow_server::registry: registry.rs:217 IPC import timing: device_id=5 size_bytes=533725184 import_ms=3.86 (perf-t1)
2026-08-19T03:24:15.173004+00:00   INFO pegaflow_server::registry: registry.rs:217 IPC import timing: device_id=5 size_bytes=533725184 import_ms=4.59 (perf-t1)
2026-08-19T03:24:15.185034+00:00   INFO pegaflow_server::registry: registry.rs:217 IPC import timing: device_id=5 size_bytes=533725184 import_ms=11.51 (perf-t1)
2026-08-19T03:24:15.190281+00:00   INFO pegaflow_server::registry: registry.rs:217 IPC import timing: device_id=5 size_bytes=533725184 import_ms=4.73 (perf-t1)
2026-08-19T03:24:15.195743+00:00   INFO pegaflow_server::registry: registry.rs:217 IPC import timing: device_id=5 size_bytes=533725184 import_ms=4.98 (perf-t1)
2026-08-19T03:24:15.199674+00:00   INFO pegaflow_server::registry: registry.rs:217 IPC import timing: device_id=5 size_bytes=533725184 import_ms=3.44 (perf-t1)
2026-08-19T03:24:15.204157+00:00   INFO pegaflow_server::registry: registry.rs:217 IPC import timing: device_id=5 size_bytes=533725184 import_ms=3.96 (perf-t1)
2026-08-19T03:24:15.207574+00:00   INFO pegaflow_server::registry: registry.rs:217 IPC import timing: device_id=5 size_bytes=533725184 import_ms=2.91 (perf-t1)
2026-08-19T03:24:15.211118+00:00   INFO pegaflow_server::registry: registry.rs:217 IPC import timing: device_id=5 size_bytes=533725184 import_ms=3.06 (perf-t1)
2026-08-19T03:24:15.214963+00:00   INFO pegaflow_server::registry: registry.rs:217 IPC import timing: device_id=5 size_bytes=533725184 import_ms=3.33 (perf-t1)
2026-08-19T03:24:15.218631+00:00   INFO pegaflow_server::registry: registry.rs:217 IPC import timing: device_id=5 size_bytes=533725184 import_ms=3.17 (perf-t1)
2026-08-19T03:24:15.222612+00:00   INFO pegaflow_server::registry: registry.rs:217 IPC import timing: device_id=5 size_bytes=533725184 import_ms=3.43 (perf-t1)
2026-08-19T03:24:15.226060+00:00   INFO pegaflow_server::registry: registry.rs:217 IPC import timing: device_id=5 size_bytes=533725184 import_ms=2.90 (perf-t1)
2026-08-19T03:24:15.230711+00:00   INFO pegaflow_server::registry: registry.rs:217 IPC import timing: device_id=5 size_bytes=533725184 import_ms=4.16 (perf-t1)
2026-08-19T03:24:15.234362+00:00   INFO pegaflow_server::registry: registry.rs:217 IPC import timing: device_id=5 size_bytes=533725184 import_ms=3.13 (perf-t1)
2026-08-19T03:24:15.237734+00:00   INFO pegaflow_server::registry: registry.rs:217 IPC import timing: device_id=5 size_bytes=533725184 import_ms=2.86 (perf-t1)
2026-08-19T03:24:15.244007+00:00   INFO pegaflow_server::registry: registry.rs:217 IPC import timing: device_id=5 size_bytes=533725184 import_ms=5.80 (perf-t1)
2026-08-19T03:24:15.247516+00:00   INFO pegaflow_server::registry: registry.rs:217 IPC import timing: device_id=5 size_bytes=533725184 import_ms=3.00 (perf-t1)
2026-08-19T03:24:15.250890+00:00   INFO pegaflow_server::registry: registry.rs:217 IPC import timing: device_id=5 size_bytes=533725184 import_ms=2.86 (perf-t1)
2026-08-19T03:24:15.254470+00:00   INFO pegaflow_server::registry: registry.rs:217 IPC import timing: device_id=5 size_bytes=533725184 import_ms=3.09 (perf-t1)
2026-08-19T03:24:15.258132+00:00   INFO pegaflow_server::registry: registry.rs:217 IPC import timing: device_id=5 size_bytes=533725184 import_ms=2.80 (perf-t1)
2026-08-19T03:24:15.261572+00:00   INFO pegaflow_server::registry: registry.rs:217 IPC import timing: device_id=5 size_bytes=533725184 import_ms=2.93 (perf-t1)
2026-08-19T03:24:15.265151+00:00   INFO pegaflow_server::registry: registry.rs:217 IPC import timing: device_id=5 size_bytes=533725184 import_ms=3.07 (perf-t1)
2026-08-19T03:24:15.268598+00:00   INFO pegaflow_server::registry: registry.rs:217 IPC import timing: device_id=5 size_bytes=533725184 import_ms=2.96 (perf-t1)
2026-08-19T03:24:15.271933+00:00   INFO pegaflow_server::registry: registry.rs:217 IPC import timing: device_id=5 size_bytes=533725184 import_ms=2.83 (perf-t1)
2026-08-19T03:24:15.275362+00:00   INFO pegaflow_server::registry: registry.rs:217 IPC import timing: device_id=5 size_bytes=533725184 import_ms=2.93 (perf-t1)
2026-08-19T03:24:15.278749+00:00   INFO pegaflow_server::registry: registry.rs:217 IPC import timing: device_id=5 size_bytes=533725184 import_ms=2.91 (perf-t1)
2026-08-19T03:24:15.282123+00:00   INFO pegaflow_server::registry: registry.rs:217 IPC import timing: device_id=5 size_bytes=533725184 import_ms=2.86 (perf-t1)
2026-08-19T03:24:15.286115+00:00   INFO pegaflow_server::registry: registry.rs:217 IPC import timing: device_id=5 size_bytes=533725184 import_ms=3.52 (perf-t1)
2026-08-19T03:24:15.290714+00:00   INFO pegaflow_server::registry: registry.rs:217 IPC import timing: device_id=5 size_bytes=533725184 import_ms=4.13 (perf-t1)
2026-08-19T03:24:15.294179+00:00   INFO pegaflow_server::registry: registry.rs:217 IPC import timing: device_id=5 size_bytes=533725184 import_ms=2.96 (perf-t1)
2026-08-19T03:24:15.297361+00:00   INFO pegaflow_server::registry: registry.rs:217 IPC import timing: device_id=5 size_bytes=533725184 import_ms=2.71 (perf-t1)
2026-08-19T03:24:15.300763+00:00   INFO pegaflow_server::registry: registry.rs:217 IPC import timing: device_id=5 size_bytes=533725184 import_ms=2.84 (perf-t1)
2026-08-19T03:24:15.303986+00:00   INFO pegaflow_server::registry: registry.rs:217 IPC import timing: device_id=5 size_bytes=533725184 import_ms=2.72 (perf-t1)
2026-08-19T03:24:15.307342+00:00   INFO pegaflow_server::registry: registry.rs:217 IPC import timing: device_id=5 size_bytes=533725184 import_ms=2.86 (perf-t1)
2026-08-19T03:24:15.310664+00:00   INFO pegaflow_server::registry: registry.rs:217 IPC import timing: device_id=5 size_bytes=533725184 import_ms=2.84 (perf-t1)
2026-08-19T03:24:15.313906+00:00   INFO pegaflow_server::registry: registry.rs:217 IPC import timing: device_id=5 size_bytes=533725184 import_ms=2.75 (perf-t1)
2026-08-19T03:24:15.317376+00:00   INFO pegaflow_server::registry: registry.rs:217 IPC import timing: device_id=5 size_bytes=533725184 import_ms=2.95 (perf-t1)
2026-08-19T03:24:15.321204+00:00   INFO pegaflow_server::registry: registry.rs:217 IPC import timing: device_id=5 size_bytes=533725184 import_ms=3.34 (perf-t1)
2026-08-19T03:24:15.324501+00:00   INFO pegaflow_server::registry: registry.rs:217 IPC import timing: device_id=5 size_bytes=533725184 import_ms=2.81 (perf-t1)
2026-08-19T03:24:15.328600+00:00   INFO pegaflow_server::registry: registry.rs:217 IPC import timing: device_id=5 size_bytes=533725184 import_ms=3.58 (perf-t1)
2026-08-19T03:24:15.331968+00:00   INFO pegaflow_server::registry: registry.rs:217 IPC import timing: device_id=5 size_bytes=533725184 import_ms=2.88 (perf-t1)
2026-08-19T03:24:15.335366+00:00   INFO pegaflow_server::registry: registry.rs:217 IPC import timing: device_id=5 size_bytes=533725184 import_ms=2.76 (perf-t1)
2026-08-19T03:24:15.339698+00:00   INFO pegaflow_server::registry: registry.rs:217 IPC import timing: device_id=5 size_bytes=533725184 import_ms=3.80 (perf-t1)
2026-08-19T03:24:15.345668+00:00   INFO pegaflow_server::registry: registry.rs:217 IPC import timing: device_id=5 size_bytes=533725184 import_ms=5.48 (perf-t1)
2026-08-19T03:24:15.350115+00:00   INFO pegaflow_server::registry: registry.rs:217 IPC import timing: device_id=5 size_bytes=533725184 import_ms=3.96 (perf-t1)
2026-08-19T03:24:15.353656+00:00   INFO pegaflow_server::registry: registry.rs:217 IPC import timing: device_id=5 size_bytes=533725184 import_ms=3.03 (perf-t1)
2026-08-19T03:24:15.356939+00:00   INFO pegaflow_server::registry: registry.rs:217 IPC import timing: device_id=5 size_bytes=533725184 import_ms=2.80 (perf-t1)
2026-08-19T03:24:15.360272+00:00   INFO pegaflow_server::registry: registry.rs:217 IPC import timing: device_id=5 size_bytes=533725184 import_ms=2.85 (perf-t1)
2026-08-19T03:24:15.363583+00:00   INFO pegaflow_server::registry: registry.rs:217 IPC import timing: device_id=5 size_bytes=533725184 import_ms=2.77 (perf-t1)
2026-08-19T03:24:15.367101+00:00   INFO pegaflow_server::registry: registry.rs:217 IPC import timing: device_id=5 size_bytes=533725184 import_ms=3.03 (perf-t1)
2026-08-19T03:24:15.373637+00:00   INFO pegaflow_server::registry: registry.rs:217 IPC import timing: device_id=5 size_bytes=533725184 import_ms=6.05 (perf-t1)
2026-08-19T03:24:15.377016+00:00   INFO pegaflow_server::registry: registry.rs:217 IPC import timing: device_id=5 size_bytes=533725184 import_ms=2.84 (perf-t1)
2026-08-19T03:24:15.380262+00:00   INFO pegaflow_server::registry: registry.rs:217 IPC import timing: device_id=5 size_bytes=533725184 import_ms=2.76 (perf-t1)
2026-08-19T03:24:15.383575+00:00   INFO pegaflow_server::registry: registry.rs:217 IPC import timing: device_id=5 size_bytes=533725184 import_ms=2.83 (perf-t1)
2026-08-19T03:24:15.387978+00:00   INFO pegaflow_server::registry: registry.rs:217 IPC import timing: device_id=5 size_bytes=533725184 import_ms=3.89 (perf-t1)
2026-08-19T03:24:15.393455+00:00   INFO pegaflow_server::registry: registry.rs:217 IPC import timing: device_id=5 size_bytes=533725184 import_ms=4.95 (perf-t1)
2026-08-19T03:24:15.396687+00:00   INFO pegaflow_core::gpu_worker: gpu_worker.rs:338 GPU worker initialized: device=5 backend=ascend_batch device_id=5
2026-08-19T03:24:15.397012+00:00   INFO pegaflow_core::gpu_worker: gpu_worker.rs:338 GPU worker initialized: device=5 backend=ascend_batch device_id=5
2026-08-19T03:24:15.397274+00:00   INFO pegaflow_core::gpu_worker: gpu_worker.rs:200 GPU worker pool started: device=5, numa_node=NUMA2, transfer_mode=AscendDirect
2026-08-19T03:24:15.397340+00:00   INFO pegaflow_server::registry: registry.rs:217 IPC import timing: device_id=7 size_bytes=533725184 import_ms=3.21 (perf-t1)
2026-08-19T03:24:15.397893+00:00   INFO pegaflow_core::instance: instance.rs:706 Sealed instance topology: instance=26a6a4da-520a-4d01-9c45-c1ae0b95ce13-769aaa4b4aad47e5bea16424ba856f75, num_layers=72, tp_size=1, world_size=1, total_slots=72
2026-08-19T03:24:15.397940+00:00   INFO pegaflow_core::instance: instance.rs:719 Initialized GPU context: device_id=5, numa_node=NUMA2
2026-08-19T03:24:15.397966+00:00   INFO pegaflow_core: lib.rs:452 Registered context batch: instance=26a6a4da-520a-4d01-9c45-c1ae0b95ce13-769aaa4b4aad47e5bea16424ba856f75, namespace=perf-t3-h50-iso-c1-5, device=5, layers=72, tp_rank=0/1, pp_rank=0
2026-08-19T03:24:15.401043+00:00   INFO pegaflow_server::registry: registry.rs:217 IPC import timing: device_id=7 size_bytes=533725184 import_ms=3.18 (perf-t1)
2026-08-19T03:24:15.404505+00:00   INFO pegaflow_server::registry: registry.rs:217 IPC import timing: device_id=7 size_bytes=533725184 import_ms=2.96 (perf-t1)
2026-08-19T03:24:15.407888+00:00   INFO pegaflow_server::registry: registry.rs:217 IPC import timing: device_id=7 size_bytes=533725184 import_ms=2.89 (perf-t1)
2026-08-19T03:24:15.411304+00:00   INFO pegaflow_server::registry: registry.rs:217 IPC import timing: device_id=7 size_bytes=533725184 import_ms=2.89 (perf-t1)
2026-08-19T03:24:15.414728+00:00   INFO pegaflow_server::registry: registry.rs:217 IPC import timing: device_id=7 size_bytes=533725184 import_ms=2.93 (perf-t1)
2026-08-19T03:24:15.421102+00:00   INFO pegaflow_server::registry: registry.rs:217 IPC import timing: device_id=7 size_bytes=533725184 import_ms=5.87 (perf-t1)
2026-08-19T03:24:15.425182+00:00   INFO pegaflow_server::registry: registry.rs:217 IPC import timing: device_id=7 size_bytes=533725184 import_ms=3.49 (perf-t1)
2026-08-19T03:24:15.428580+00:00   INFO pegaflow_server::registry: registry.rs:217 IPC import timing: device_id=7 size_bytes=533725184 import_ms=2.87 (perf-t1)
2026-08-19T03:24:15.432007+00:00   INFO pegaflow_server::registry: registry.rs:217 IPC import timing: device_id=7 size_bytes=533725184 import_ms=2.91 (perf-t1)
2026-08-19T03:24:15.435425+00:00   INFO pegaflow_server::registry: registry.rs:217 IPC import timing: device_id=7 size_bytes=533725184 import_ms=2.87 (perf-t1)
2026-08-19T03:24:15.438808+00:00   INFO pegaflow_server::registry: registry.rs:217 IPC import timing: device_id=7 size_bytes=533725184 import_ms=2.89 (perf-t1)
2026-08-19T03:24:15.444033+00:00   INFO pegaflow_server::registry: registry.rs:217 IPC import timing: device_id=7 size_bytes=533725184 import_ms=4.73 (perf-t1)
2026-08-19T03:24:15.447430+00:00   INFO pegaflow_server::registry: registry.rs:217 IPC import timing: device_id=7 size_bytes=533725184 import_ms=2.84 (perf-t1)
2026-08-19T03:24:15.450768+00:00   INFO pegaflow_server::registry: registry.rs:217 IPC import timing: device_id=7 size_bytes=533725184 import_ms=2.84 (perf-t1)
2026-08-19T03:24:15.454069+00:00   INFO pegaflow_server::registry: registry.rs:217 IPC import timing: device_id=7 size_bytes=533725184 import_ms=2.74 (perf-t1)
2026-08-19T03:24:15.457533+00:00   INFO pegaflow_server::registry: registry.rs:217 IPC import timing: device_id=7 size_bytes=533725184 import_ms=2.93 (perf-t1)
2026-08-19T03:24:15.460805+00:00   INFO pegaflow_server::registry: registry.rs:217 IPC import timing: device_id=7 size_bytes=533725184 import_ms=2.78 (perf-t1)
2026-08-19T03:24:15.464150+00:00   INFO pegaflow_server::registry: registry.rs:217 IPC import timing: device_id=7 size_bytes=533725184 import_ms=2.85 (perf-t1)
2026-08-19T03:24:15.467495+00:00   INFO pegaflow_server::registry: registry.rs:217 IPC import timing: device_id=7 size_bytes=533725184 import_ms=2.81 (perf-t1)
2026-08-19T03:24:15.470811+00:00   INFO pegaflow_server::registry: registry.rs:217 IPC import timing: device_id=7 size_bytes=533725184 import_ms=2.82 (perf-t1)
2026-08-19T03:24:15.474193+00:00   INFO pegaflow_server::registry: registry.rs:217 IPC import timing: device_id=7 size_bytes=533725184 import_ms=2.88 (perf-t1)
2026-08-19T03:24:15.477502+00:00   INFO pegaflow_server::registry: registry.rs:217 IPC import timing: device_id=7 size_bytes=533725184 import_ms=2.78 (perf-t1)
2026-08-19T03:24:15.480798+00:00   INFO pegaflow_server::registry: registry.rs:217 IPC import timing: device_id=7 size_bytes=533725184 import_ms=2.80 (perf-t1)
2026-08-19T03:24:15.484003+00:00   INFO pegaflow_server::registry: registry.rs:217 IPC import timing: device_id=7 size_bytes=533725184 import_ms=2.71 (perf-t1)
2026-08-19T03:24:15.487438+00:00   INFO pegaflow_server::registry: registry.rs:217 IPC import timing: device_id=7 size_bytes=533725184 import_ms=2.86 (perf-t1)
2026-08-19T03:24:15.490772+00:00   INFO pegaflow_server::registry: registry.rs:217 IPC import timing: device_id=7 size_bytes=533725184 import_ms=2.84 (perf-t1)
2026-08-19T03:24:15.494097+00:00   INFO pegaflow_server::registry: registry.rs:217 IPC import timing: device_id=7 size_bytes=533725184 import_ms=2.83 (perf-t1)
2026-08-19T03:24:15.497420+00:00   INFO pegaflow_server::registry: registry.rs:217 IPC import timing: device_id=7 size_bytes=533725184 import_ms=2.80 (perf-t1)
2026-08-19T03:24:15.501967+00:00   INFO pegaflow_server::registry: registry.rs:217 IPC import timing: device_id=7 size_bytes=533725184 import_ms=4.01 (perf-t1)
2026-08-19T03:24:15.505685+00:00   INFO pegaflow_server::registry: registry.rs:217 IPC import timing: device_id=7 size_bytes=533725184 import_ms=3.19 (perf-t1)
2026-08-19T03:24:15.508905+00:00   INFO pegaflow_server::registry: registry.rs:217 IPC import timing: device_id=7 size_bytes=533725184 import_ms=2.68 (perf-t1)
2026-08-19T03:24:15.512188+00:00   INFO pegaflow_server::registry: registry.rs:217 IPC import timing: device_id=7 size_bytes=533725184 import_ms=2.79 (perf-t1)
2026-08-19T03:24:15.515382+00:00   INFO pegaflow_server::registry: registry.rs:217 IPC import timing: device_id=7 size_bytes=533725184 import_ms=2.69 (perf-t1)
2026-08-19T03:24:15.518847+00:00   INFO pegaflow_server::registry: registry.rs:217 IPC import timing: device_id=7 size_bytes=533725184 import_ms=2.95 (perf-t1)
2026-08-19T03:24:15.522139+00:00   INFO pegaflow_server::registry: registry.rs:217 IPC import timing: device_id=7 size_bytes=533725184 import_ms=2.77 (perf-t1)
2026-08-19T03:24:15.525513+00:00   INFO pegaflow_server::registry: registry.rs:217 IPC import timing: device_id=7 size_bytes=533725184 import_ms=2.89 (perf-t1)
2026-08-19T03:24:15.528769+00:00   INFO pegaflow_server::registry: registry.rs:217 IPC import timing: device_id=7 size_bytes=533725184 import_ms=2.74 (perf-t1)
2026-08-19T03:24:15.532030+00:00   INFO pegaflow_server::registry: registry.rs:217 IPC import timing: device_id=7 size_bytes=533725184 import_ms=2.77 (perf-t1)
2026-08-19T03:24:15.535240+00:00   INFO pegaflow_server::registry: registry.rs:217 IPC import timing: device_id=7 size_bytes=533725184 import_ms=2.72 (perf-t1)
2026-08-19T03:24:15.538892+00:00   INFO pegaflow_server::registry: registry.rs:217 IPC import timing: device_id=7 size_bytes=533725184 import_ms=3.13 (perf-t1)
2026-08-19T03:24:15.542152+00:00   INFO pegaflow_server::registry: registry.rs:217 IPC import timing: device_id=7 size_bytes=533725184 import_ms=2.77 (perf-t1)
2026-08-19T03:24:15.545631+00:00   INFO pegaflow_server::registry: registry.rs:217 IPC import timing: device_id=7 size_bytes=533725184 import_ms=2.99 (perf-t1)
2026-08-19T03:24:15.548912+00:00   INFO pegaflow_server::registry: registry.rs:217 IPC import timing: device_id=7 size_bytes=533725184 import_ms=2.80 (perf-t1)
2026-08-19T03:24:15.552140+00:00   INFO pegaflow_server::registry: registry.rs:217 IPC import timing: device_id=7 size_bytes=533725184 import_ms=2.72 (perf-t1)
2026-08-19T03:24:15.556618+00:00   INFO pegaflow_server::registry: registry.rs:217 IPC import timing: device_id=7 size_bytes=533725184 import_ms=3.94 (perf-t1)
2026-08-19T03:24:15.560191+00:00   INFO pegaflow_server::registry: registry.rs:217 IPC import timing: device_id=7 size_bytes=533725184 import_ms=3.08 (perf-t1)
2026-08-19T03:24:15.563531+00:00   INFO pegaflow_server::registry: registry.rs:217 IPC import timing: device_id=7 size_bytes=533725184 import_ms=2.80 (perf-t1)
2026-08-19T03:24:15.567147+00:00   INFO pegaflow_server::registry: registry.rs:217 IPC import timing: device_id=7 size_bytes=533725184 import_ms=3.13 (perf-t1)
2026-08-19T03:24:15.572757+00:00   INFO pegaflow_server::registry: registry.rs:217 IPC import timing: device_id=7 size_bytes=533725184 import_ms=5.12 (perf-t1)
2026-08-19T03:24:15.575978+00:00   INFO pegaflow_server::registry: registry.rs:217 IPC import timing: device_id=7 size_bytes=533725184 import_ms=2.72 (perf-t1)
2026-08-19T03:24:15.579214+00:00   INFO pegaflow_server::registry: registry.rs:217 IPC import timing: device_id=7 size_bytes=533725184 import_ms=2.73 (perf-t1)
2026-08-19T03:24:15.582487+00:00   INFO pegaflow_server::registry: registry.rs:217 IPC import timing: device_id=7 size_bytes=533725184 import_ms=2.78 (perf-t1)
2026-08-19T03:24:15.587872+00:00   INFO pegaflow_server::registry: registry.rs:217 IPC import timing: device_id=7 size_bytes=533725184 import_ms=4.86 (perf-t1)
2026-08-19T03:24:15.593512+00:00   INFO pegaflow_server::registry: registry.rs:217 IPC import timing: device_id=7 size_bytes=533725184 import_ms=5.12 (perf-t1)
2026-08-19T03:24:15.597111+00:00   INFO pegaflow_server::registry: registry.rs:217 IPC import timing: device_id=7 size_bytes=533725184 import_ms=3.07 (perf-t1)
2026-08-19T03:24:15.600429+00:00   INFO pegaflow_server::registry: registry.rs:217 IPC import timing: device_id=7 size_bytes=533725184 import_ms=2.79 (perf-t1)
2026-08-19T03:24:15.603732+00:00   INFO pegaflow_server::registry: registry.rs:217 IPC import timing: device_id=7 size_bytes=533725184 import_ms=2.72 (perf-t1)
2026-08-19T03:24:15.607077+00:00   INFO pegaflow_server::registry: registry.rs:217 IPC import timing: device_id=7 size_bytes=533725184 import_ms=2.85 (perf-t1)
2026-08-19T03:24:15.610518+00:00   INFO pegaflow_server::registry: registry.rs:217 IPC import timing: device_id=7 size_bytes=533725184 import_ms=2.92 (perf-t1)
2026-08-19T03:24:15.614175+00:00   INFO pegaflow_server::registry: registry.rs:217 IPC import timing: device_id=7 size_bytes=533725184 import_ms=3.04 (perf-t1)
2026-08-19T03:24:15.621852+00:00   INFO pegaflow_server::registry: registry.rs:217 IPC import timing: device_id=7 size_bytes=533725184 import_ms=7.13 (perf-t1)
2026-08-19T03:24:15.625757+00:00   INFO pegaflow_server::registry: registry.rs:217 IPC import timing: device_id=7 size_bytes=533725184 import_ms=3.28 (perf-t1)
2026-08-19T03:24:15.629112+00:00   INFO pegaflow_server::registry: registry.rs:217 IPC import timing: device_id=7 size_bytes=533725184 import_ms=2.82 (perf-t1)
2026-08-19T03:24:15.632414+00:00   INFO pegaflow_server::registry: registry.rs:217 IPC import timing: device_id=7 size_bytes=533725184 import_ms=2.78 (perf-t1)
2026-08-19T03:24:15.635837+00:00   INFO pegaflow_server::registry: registry.rs:217 IPC import timing: device_id=7 size_bytes=533725184 import_ms=2.84 (perf-t1)
2026-08-19T03:24:15.639364+00:00   INFO pegaflow_server::registry: registry.rs:217 IPC import timing: device_id=7 size_bytes=533725184 import_ms=2.99 (perf-t1)
2026-08-19T03:24:15.643747+00:00   INFO pegaflow_server::registry: registry.rs:217 IPC import timing: device_id=7 size_bytes=533725184 import_ms=3.86 (perf-t1)
2026-08-19T03:24:15.647099+00:00   INFO pegaflow_server::registry: registry.rs:217 IPC import timing: device_id=7 size_bytes=533725184 import_ms=2.80 (perf-t1)
2026-08-19T03:24:15.650512+00:00   INFO pegaflow_server::registry: registry.rs:217 IPC import timing: device_id=7 size_bytes=533725184 import_ms=2.90 (perf-t1)
2026-08-19T03:24:15.653895+00:00   INFO pegaflow_server::registry: registry.rs:217 IPC import timing: device_id=7 size_bytes=533725184 import_ms=2.85 (perf-t1)
2026-08-19T03:24:15.657291+00:00   INFO pegaflow_server::registry: registry.rs:217 IPC import timing: device_id=7 size_bytes=533725184 import_ms=2.83 (perf-t1)
2026-08-19T03:24:15.660512+00:00   INFO pegaflow_core::gpu_worker: gpu_worker.rs:338 GPU worker initialized: device=7 backend=ascend_batch device_id=7
2026-08-19T03:24:15.660817+00:00   INFO pegaflow_core::gpu_worker: gpu_worker.rs:338 GPU worker initialized: device=7 backend=ascend_batch device_id=7
2026-08-19T03:24:15.660985+00:00   INFO pegaflow_core::gpu_worker: gpu_worker.rs:200 GPU worker pool started: device=7, numa_node=NUMA2, transfer_mode=AscendDirect
2026-08-19T03:24:15.661066+00:00   INFO pegaflow_server::registry: registry.rs:217 IPC import timing: device_id=4 size_bytes=533725184 import_ms=3.00 (perf-t1)
2026-08-19T03:24:15.661632+00:00   INFO pegaflow_core::instance: instance.rs:706 Sealed instance topology: instance=39287779-1305-4ba2-981c-72a11b4c2294-2a35ca9fea224923881352cc6fa403d0, num_layers=72, tp_size=1, world_size=1, total_slots=72
2026-08-19T03:24:15.661681+00:00   INFO pegaflow_core::instance: instance.rs:719 Initialized GPU context: device_id=7, numa_node=NUMA2
2026-08-19T03:24:15.661708+00:00   INFO pegaflow_core: lib.rs:452 Registered context batch: instance=39287779-1305-4ba2-981c-72a11b4c2294-2a35ca9fea224923881352cc6fa403d0, namespace=perf-t3-h50-iso-c1-7, device=7, layers=72, tp_rank=0/1, pp_rank=0
2026-08-19T03:24:15.664885+00:00   INFO pegaflow_server::registry: registry.rs:217 IPC import timing: device_id=4 size_bytes=533725184 import_ms=3.29 (perf-t1)
2026-08-19T03:24:15.668617+00:00   INFO pegaflow_server::registry: registry.rs:217 IPC import timing: device_id=4 size_bytes=533725184 import_ms=3.13 (perf-t1)
2026-08-19T03:24:15.672386+00:00   INFO pegaflow_server::registry: registry.rs:217 IPC import timing: device_id=4 size_bytes=533725184 import_ms=3.09 (perf-t1)
2026-08-19T03:24:15.675875+00:00   INFO pegaflow_server::registry: registry.rs:217 IPC import timing: device_id=4 size_bytes=533725184 import_ms=2.86 (perf-t1)
2026-08-19T03:24:15.679673+00:00   INFO pegaflow_server::registry: registry.rs:217 IPC import timing: device_id=4 size_bytes=533725184 import_ms=3.09 (perf-t1)
2026-08-19T03:24:15.683195+00:00   INFO pegaflow_server::registry: registry.rs:217 IPC import timing: device_id=4 size_bytes=533725184 import_ms=2.90 (perf-t1)
2026-08-19T03:24:15.686817+00:00   INFO pegaflow_server::registry: registry.rs:217 IPC import timing: device_id=4 size_bytes=533725184 import_ms=3.00 (perf-t1)
2026-08-19T03:24:15.690471+00:00   INFO pegaflow_server::registry: registry.rs:217 IPC import timing: device_id=4 size_bytes=533725184 import_ms=2.95 (perf-t1)
2026-08-19T03:24:15.694144+00:00   INFO pegaflow_server::registry: registry.rs:217 IPC import timing: device_id=4 size_bytes=533725184 import_ms=3.06 (perf-t1)
2026-08-19T03:24:15.697791+00:00   INFO pegaflow_server::registry: registry.rs:217 IPC import timing: device_id=4 size_bytes=533725184 import_ms=3.03 (perf-t1)
2026-08-19T03:24:15.701647+00:00   INFO pegaflow_server::registry: registry.rs:217 IPC import timing: device_id=4 size_bytes=533725184 import_ms=3.17 (perf-t1)
2026-08-19T03:24:15.705483+00:00   INFO pegaflow_server::registry: registry.rs:217 IPC import timing: device_id=4 size_bytes=533725184 import_ms=3.21 (perf-t1)
2026-08-19T03:24:15.709308+00:00   INFO pegaflow_server::registry: registry.rs:217 IPC import timing: device_id=4 size_bytes=533725184 import_ms=3.08 (perf-t1)
2026-08-19T03:24:15.712847+00:00   INFO pegaflow_server::registry: registry.rs:217 IPC import timing: device_id=4 size_bytes=533725184 import_ms=2.88 (perf-t1)
2026-08-19T03:24:15.716215+00:00   INFO pegaflow_server::registry: registry.rs:217 IPC import timing: device_id=4 size_bytes=533725184 import_ms=2.77 (perf-t1)
2026-08-19T03:24:15.719753+00:00   INFO pegaflow_server::registry: registry.rs:217 IPC import timing: device_id=4 size_bytes=533725184 import_ms=2.93 (perf-t1)
2026-08-19T03:24:15.723300+00:00   INFO pegaflow_server::registry: registry.rs:217 IPC import timing: device_id=4 size_bytes=533725184 import_ms=2.84 (perf-t1)
2026-08-19T03:24:15.726808+00:00   INFO pegaflow_server::registry: registry.rs:217 IPC import timing: device_id=4 size_bytes=533725184 import_ms=2.90 (perf-t1)
2026-08-19T03:24:15.730227+00:00   INFO pegaflow_server::registry: registry.rs:217 IPC import timing: device_id=4 size_bytes=533725184 import_ms=2.81 (perf-t1)
2026-08-19T03:24:15.733837+00:00   INFO pegaflow_server::registry: registry.rs:217 IPC import timing: device_id=4 size_bytes=533725184 import_ms=2.96 (perf-t1)
2026-08-19T03:24:15.737341+00:00   INFO pegaflow_server::registry: registry.rs:217 IPC import timing: device_id=4 size_bytes=533725184 import_ms=2.92 (perf-t1)
2026-08-19T03:24:15.740786+00:00   INFO pegaflow_server::registry: registry.rs:217 IPC import timing: device_id=4 size_bytes=533725184 import_ms=2.85 (perf-t1)
2026-08-19T03:24:15.744564+00:00   INFO pegaflow_server::registry: registry.rs:217 IPC import timing: device_id=4 size_bytes=533725184 import_ms=3.05 (perf-t1)
2026-08-19T03:24:15.747987+00:00   INFO pegaflow_server::registry: registry.rs:217 IPC import timing: device_id=4 size_bytes=533725184 import_ms=2.84 (perf-t1)
2026-08-19T03:24:15.751640+00:00   INFO pegaflow_server::registry: registry.rs:217 IPC import timing: device_id=4 size_bytes=533725184 import_ms=3.05 (perf-t1)
2026-08-19T03:24:15.755175+00:00   INFO pegaflow_server::registry: registry.rs:217 IPC import timing: device_id=4 size_bytes=533725184 import_ms=2.87 (perf-t1)
2026-08-19T03:24:15.758694+00:00   INFO pegaflow_server::registry: registry.rs:217 IPC import timing: device_id=4 size_bytes=533725184 import_ms=2.94 (perf-t1)
2026-08-19T03:24:15.762246+00:00   INFO pegaflow_server::registry: registry.rs:217 IPC import timing: device_id=4 size_bytes=533725184 import_ms=2.95 (perf-t1)
2026-08-19T03:24:15.767088+00:00   INFO pegaflow_server::registry: registry.rs:217 IPC import timing: device_id=4 size_bytes=533725184 import_ms=4.15 (perf-t1)
2026-08-19T03:24:15.770991+00:00   INFO pegaflow_server::registry: registry.rs:217 IPC import timing: device_id=4 size_bytes=533725184 import_ms=3.31 (perf-t1)
2026-08-19T03:24:15.774454+00:00   INFO pegaflow_server::registry: registry.rs:217 IPC import timing: device_id=4 size_bytes=533725184 import_ms=2.87 (perf-t1)
2026-08-19T03:24:15.778154+00:00   INFO pegaflow_server::registry: registry.rs:217 IPC import timing: device_id=4 size_bytes=533725184 import_ms=3.04 (perf-t1)
2026-08-19T03:24:15.781657+00:00   INFO pegaflow_server::registry: registry.rs:217 IPC import timing: device_id=4 size_bytes=533725184 import_ms=2.84 (perf-t1)
2026-08-19T03:24:15.785846+00:00   INFO pegaflow_server::registry: registry.rs:217 IPC import timing: device_id=4 size_bytes=533725184 import_ms=3.59 (perf-t1)
2026-08-19T03:24:15.789493+00:00   INFO pegaflow_server::registry: registry.rs:217 IPC import timing: device_id=4 size_bytes=533725184 import_ms=2.99 (perf-t1)
2026-08-19T03:24:15.795658+00:00   INFO pegaflow_server::registry: registry.rs:217 IPC import timing: device_id=4 size_bytes=533725184 import_ms=5.57 (perf-t1)
2026-08-19T03:24:15.799535+00:00   INFO pegaflow_server::registry: registry.rs:217 IPC import timing: device_id=4 size_bytes=533725184 import_ms=3.28 (perf-t1)
2026-08-19T03:24:15.803043+00:00   INFO pegaflow_server::registry: registry.rs:217 IPC import timing: device_id=4 size_bytes=533725184 import_ms=2.91 (perf-t1)
2026-08-19T03:24:15.806579+00:00   INFO pegaflow_server::registry: registry.rs:217 IPC import timing: device_id=4 size_bytes=533725184 import_ms=2.88 (perf-t1)
2026-08-19T03:24:15.810068+00:00   INFO pegaflow_server::registry: registry.rs:217 IPC import timing: device_id=4 size_bytes=533725184 import_ms=2.90 (perf-t1)
2026-08-19T03:24:15.813479+00:00   INFO pegaflow_server::registry: registry.rs:217 IPC import timing: device_id=4 size_bytes=533725184 import_ms=2.81 (perf-t1)
2026-08-19T03:24:15.819949+00:00   INFO pegaflow_server::registry: registry.rs:217 IPC import timing: device_id=4 size_bytes=533725184 import_ms=5.81 (perf-t1)
2026-08-19T03:24:15.823797+00:00   INFO pegaflow_server::registry: registry.rs:217 IPC import timing: device_id=4 size_bytes=533725184 import_ms=3.09 (perf-t1)
2026-08-19T03:24:15.827216+00:00   INFO pegaflow_server::registry: registry.rs:217 IPC import timing: device_id=4 size_bytes=533725184 import_ms=2.79 (perf-t1)
2026-08-19T03:24:15.831922+00:00   INFO pegaflow_server::registry: registry.rs:217 IPC import timing: device_id=4 size_bytes=533725184 import_ms=4.04 (perf-t1)
2026-08-19T03:24:15.835801+00:00   INFO pegaflow_server::registry: registry.rs:217 IPC import timing: device_id=4 size_bytes=533725184 import_ms=3.26 (perf-t1)
2026-08-19T03:24:15.841543+00:00   INFO pegaflow_server::registry: registry.rs:217 IPC import timing: device_id=4 size_bytes=533725184 import_ms=5.09 (perf-t1)
2026-08-19T03:24:15.845202+00:00   INFO pegaflow_server::registry: registry.rs:217 IPC import timing: device_id=4 size_bytes=533725184 import_ms=2.91 (perf-t1)
2026-08-19T03:24:15.848759+00:00   INFO pegaflow_server::registry: registry.rs:217 IPC import timing: device_id=4 size_bytes=533725184 import_ms=2.95 (perf-t1)
2026-08-19T03:24:15.852253+00:00   INFO pegaflow_server::registry: registry.rs:217 IPC import timing: device_id=4 size_bytes=533725184 import_ms=2.88 (perf-t1)
2026-08-19T03:24:15.855775+00:00   INFO pegaflow_server::registry: registry.rs:217 IPC import timing: device_id=4 size_bytes=533725184 import_ms=2.82 (perf-t1)
2026-08-19T03:24:15.859346+00:00   INFO pegaflow_server::registry: registry.rs:217 IPC import timing: device_id=4 size_bytes=533725184 import_ms=2.96 (perf-t1)
2026-08-19T03:24:15.862831+00:00   INFO pegaflow_server::registry: registry.rs:217 IPC import timing: device_id=4 size_bytes=533725184 import_ms=2.82 (perf-t1)
2026-08-19T03:24:15.866464+00:00   INFO pegaflow_server::registry: registry.rs:217 IPC import timing: device_id=4 size_bytes=533725184 import_ms=2.96 (perf-t1)
2026-08-19T03:24:15.870401+00:00   INFO pegaflow_server::registry: registry.rs:217 IPC import timing: device_id=4 size_bytes=533725184 import_ms=3.36 (perf-t1)
2026-08-19T03:24:15.874192+00:00   INFO pegaflow_server::registry: registry.rs:217 IPC import timing: device_id=4 size_bytes=533725184 import_ms=3.21 (perf-t1)
2026-08-19T03:24:15.877817+00:00   INFO pegaflow_server::registry: registry.rs:217 IPC import timing: device_id=4 size_bytes=533725184 import_ms=2.87 (perf-t1)
2026-08-19T03:24:15.881345+00:00   INFO pegaflow_server::registry: registry.rs:217 IPC import timing: device_id=4 size_bytes=533725184 import_ms=2.94 (perf-t1)
2026-08-19T03:24:15.884924+00:00   INFO pegaflow_server::registry: registry.rs:217 IPC import timing: device_id=4 size_bytes=533725184 import_ms=3.01 (perf-t1)
2026-08-19T03:24:15.892791+00:00   INFO pegaflow_server::registry: registry.rs:217 IPC import timing: device_id=4 size_bytes=533725184 import_ms=7.22 (perf-t1)
2026-08-19T03:24:15.897507+00:00   INFO pegaflow_server::registry: registry.rs:217 IPC import timing: device_id=4 size_bytes=533725184 import_ms=4.11 (perf-t1)
2026-08-19T03:24:15.901274+00:00   INFO pegaflow_server::registry: registry.rs:217 IPC import timing: device_id=4 size_bytes=533725184 import_ms=3.17 (perf-t1)
2026-08-19T03:24:15.904933+00:00   INFO pegaflow_server::registry: registry.rs:217 IPC import timing: device_id=4 size_bytes=533725184 import_ms=2.92 (perf-t1)
2026-08-19T03:24:15.908389+00:00   INFO pegaflow_server::registry: registry.rs:217 IPC import timing: device_id=4 size_bytes=533725184 import_ms=2.87 (perf-t1)
2026-08-19T03:24:15.911865+00:00   INFO pegaflow_server::registry: registry.rs:217 IPC import timing: device_id=4 size_bytes=533725184 import_ms=2.87 (perf-t1)
2026-08-19T03:24:15.915355+00:00   INFO pegaflow_server::registry: registry.rs:217 IPC import timing: device_id=4 size_bytes=533725184 import_ms=2.81 (perf-t1)
2026-08-19T03:24:15.918977+00:00   INFO pegaflow_server::registry: registry.rs:217 IPC import timing: device_id=4 size_bytes=533725184 import_ms=3.03 (perf-t1)
2026-08-19T03:24:15.922495+00:00   INFO pegaflow_server::registry: registry.rs:217 IPC import timing: device_id=4 size_bytes=533725184 import_ms=2.91 (perf-t1)
2026-08-19T03:24:15.926087+00:00   INFO pegaflow_server::registry: registry.rs:217 IPC import timing: device_id=4 size_bytes=533725184 import_ms=2.92 (perf-t1)
2026-08-19T03:24:15.929487+00:00   INFO pegaflow_server::registry: registry.rs:217 IPC import timing: device_id=4 size_bytes=533725184 import_ms=2.80 (perf-t1)
2026-08-19T03:24:15.932936+00:00   INFO pegaflow_server::registry: registry.rs:217 IPC import timing: device_id=4 size_bytes=533725184 import_ms=2.86 (perf-t1)
2026-08-19T03:24:15.936828+00:00   INFO pegaflow_server::registry: registry.rs:217 IPC import timing: device_id=3 size_bytes=533725184 import_ms=2.97 (perf-t1)
2026-08-19T03:24:15.937290+00:00   INFO pegaflow_core::gpu_worker: gpu_worker.rs:338 GPU worker initialized: device=4 backend=ascend_batch device_id=4
2026-08-19T03:24:15.937776+00:00   INFO pegaflow_core::gpu_worker: gpu_worker.rs:338 GPU worker initialized: device=4 backend=ascend_batch device_id=4
2026-08-19T03:24:15.938015+00:00   INFO pegaflow_core::gpu_worker: gpu_worker.rs:200 GPU worker pool started: device=4, numa_node=NUMA4, transfer_mode=AscendDirect
2026-08-19T03:24:15.938748+00:00   INFO pegaflow_core::instance: instance.rs:706 Sealed instance topology: instance=62e7afe4-9d01-4200-968c-748baec7354e-f941f409a4284cfe975a6c90e0fb8f9a, num_layers=72, tp_size=1, world_size=1, total_slots=72
2026-08-19T03:24:15.938807+00:00   INFO pegaflow_core::instance: instance.rs:719 Initialized GPU context: device_id=4, numa_node=NUMA4
2026-08-19T03:24:15.938847+00:00   INFO pegaflow_core: lib.rs:452 Registered context batch: instance=62e7afe4-9d01-4200-968c-748baec7354e-f941f409a4284cfe975a6c90e0fb8f9a, namespace=perf-t3-h50-iso-c1-4, device=4, layers=72, tp_rank=0/1, pp_rank=0
2026-08-19T03:24:15.940611+00:00   INFO pegaflow_server::registry: registry.rs:217 IPC import timing: device_id=3 size_bytes=533725184 import_ms=3.13 (perf-t1)
2026-08-19T03:24:15.945803+00:00   INFO pegaflow_server::registry: registry.rs:217 IPC import timing: device_id=3 size_bytes=533725184 import_ms=4.58 (perf-t1)
2026-08-19T03:24:15.949725+00:00   INFO pegaflow_server::registry: registry.rs:217 IPC import timing: device_id=3 size_bytes=533725184 import_ms=3.16 (perf-t1)
2026-08-19T03:24:15.953330+00:00   INFO pegaflow_server::registry: registry.rs:217 IPC import timing: device_id=3 size_bytes=533725184 import_ms=2.93 (perf-t1)
2026-08-19T03:24:15.957285+00:00   INFO pegaflow_server::registry: registry.rs:217 IPC import timing: device_id=3 size_bytes=533725184 import_ms=3.29 (perf-t1)
2026-08-19T03:24:15.960962+00:00   INFO pegaflow_server::registry: registry.rs:217 IPC import timing: device_id=3 size_bytes=533725184 import_ms=2.93 (perf-t1)
2026-08-19T03:24:15.964652+00:00   INFO pegaflow_server::registry: registry.rs:217 IPC import timing: device_id=3 size_bytes=533725184 import_ms=3.05 (perf-t1)
2026-08-19T03:24:15.968420+00:00   INFO pegaflow_server::registry: registry.rs:217 IPC import timing: device_id=3 size_bytes=533725184 import_ms=3.07 (perf-t1)
2026-08-19T03:24:15.973025+00:00   INFO pegaflow_server::registry: registry.rs:217 IPC import timing: device_id=3 size_bytes=533725184 import_ms=3.84 (perf-t1)
2026-08-19T03:24:15.976674+00:00   INFO pegaflow_server::registry: registry.rs:217 IPC import timing: device_id=3 size_bytes=533725184 import_ms=2.97 (perf-t1)
2026-08-19T03:24:15.980397+00:00   INFO pegaflow_server::registry: registry.rs:217 IPC import timing: device_id=3 size_bytes=533725184 import_ms=2.98 (perf-t1)
2026-08-19T03:24:15.984573+00:00   INFO pegaflow_server::registry: registry.rs:217 IPC import timing: device_id=3 size_bytes=533725184 import_ms=3.40 (perf-t1)
2026-08-19T03:24:15.988234+00:00   INFO pegaflow_server::registry: registry.rs:217 IPC import timing: device_id=3 size_bytes=533725184 import_ms=2.99 (perf-t1)
2026-08-19T03:24:15.993626+00:00   INFO pegaflow_server::registry: registry.rs:217 IPC import timing: device_id=3 size_bytes=533725184 import_ms=4.71 (perf-t1)
2026-08-19T03:24:15.997406+00:00   INFO pegaflow_server::registry: registry.rs:217 IPC import timing: device_id=3 size_bytes=533725184 import_ms=2.98 (perf-t1)
2026-08-19T03:24:16.001043+00:00   INFO pegaflow_server::registry: registry.rs:217 IPC import timing: device_id=3 size_bytes=533725184 import_ms=2.98 (perf-t1)
2026-08-19T03:24:16.004561+00:00   INFO pegaflow_server::registry: registry.rs:217 IPC import timing: device_id=3 size_bytes=533725184 import_ms=2.85 (perf-t1)
2026-08-19T03:24:16.008316+00:00   INFO pegaflow_server::registry: registry.rs:217 IPC import timing: device_id=3 size_bytes=533725184 import_ms=3.00 (perf-t1)
2026-08-19T03:24:16.011883+00:00   INFO pegaflow_server::registry: registry.rs:217 IPC import timing: device_id=3 size_bytes=533725184 import_ms=2.89 (perf-t1)
2026-08-19T03:24:16.015507+00:00   INFO pegaflow_server::registry: registry.rs:217 IPC import timing: device_id=3 size_bytes=533725184 import_ms=2.94 (perf-t1)
2026-08-19T03:24:16.019260+00:00   INFO pegaflow_server::registry: registry.rs:217 IPC import timing: device_id=3 size_bytes=533725184 import_ms=3.02 (perf-t1)
2026-08-19T03:24:16.022881+00:00   INFO pegaflow_server::registry: registry.rs:217 IPC import timing: device_id=3 size_bytes=533725184 import_ms=2.88 (perf-t1)
2026-08-19T03:24:16.026627+00:00   INFO pegaflow_server::registry: registry.rs:217 IPC import timing: device_id=3 size_bytes=533725184 import_ms=3.05 (perf-t1)
2026-08-19T03:24:16.030216+00:00   INFO pegaflow_server::registry: registry.rs:217 IPC import timing: device_id=3 size_bytes=533725184 import_ms=2.91 (perf-t1)
2026-08-19T03:24:16.040928+00:00   INFO pegaflow_server::registry: registry.rs:217 IPC import timing: device_id=3 size_bytes=533725184 import_ms=9.92 (perf-t1)
2026-08-19T03:24:16.046036+00:00   INFO pegaflow_server::registry: registry.rs:217 IPC import timing: device_id=3 size_bytes=533725184 import_ms=4.23 (perf-t1)
2026-08-19T03:24:16.049840+00:00   INFO pegaflow_server::registry: registry.rs:217 IPC import timing: device_id=3 size_bytes=533725184 import_ms=3.10 (perf-t1)
2026-08-19T03:24:16.053574+00:00   INFO pegaflow_server::registry: registry.rs:217 IPC import timing: device_id=3 size_bytes=533725184 import_ms=2.97 (perf-t1)
2026-08-19T03:24:16.058707+00:00   INFO pegaflow_server::registry: registry.rs:217 IPC import timing: device_id=3 size_bytes=533725184 import_ms=4.42 (perf-t1)
2026-08-19T03:24:16.062595+00:00   INFO pegaflow_server::registry: registry.rs:217 IPC import timing: device_id=3 size_bytes=533725184 import_ms=3.21 (perf-t1)
2026-08-19T03:24:16.066388+00:00   INFO pegaflow_server::registry: registry.rs:217 IPC import timing: device_id=3 size_bytes=533725184 import_ms=2.95 (perf-t1)
2026-08-19T03:24:16.070055+00:00   INFO pegaflow_server::registry: registry.rs:217 IPC import timing: device_id=3 size_bytes=533725184 import_ms=3.02 (perf-t1)
2026-08-19T03:24:16.073662+00:00   INFO pegaflow_server::registry: registry.rs:217 IPC import timing: device_id=3 size_bytes=533725184 import_ms=2.96 (perf-t1)
2026-08-19T03:24:16.077478+00:00   INFO pegaflow_server::registry: registry.rs:217 IPC import timing: device_id=3 size_bytes=533725184 import_ms=3.07 (perf-t1)
2026-08-19T03:24:16.080970+00:00   INFO pegaflow_server::registry: registry.rs:217 IPC import timing: device_id=3 size_bytes=533725184 import_ms=2.85 (perf-t1)
2026-08-19T03:24:16.084510+00:00   INFO pegaflow_server::registry: registry.rs:217 IPC import timing: device_id=3 size_bytes=533725184 import_ms=2.90 (perf-t1)
2026-08-19T03:24:16.088129+00:00   INFO pegaflow_server::registry: registry.rs:217 IPC import timing: device_id=3 size_bytes=533725184 import_ms=2.87 (perf-t1)
2026-08-19T03:24:16.091774+00:00   INFO pegaflow_server::registry: registry.rs:217 IPC import timing: device_id=3 size_bytes=533725184 import_ms=2.99 (perf-t1)
2026-08-19T03:24:16.095335+00:00   INFO pegaflow_server::registry: registry.rs:217 IPC import timing: device_id=3 size_bytes=533725184 import_ms=2.91 (perf-t1)
2026-08-19T03:24:16.099175+00:00   INFO pegaflow_server::registry: registry.rs:217 IPC import timing: device_id=3 size_bytes=533725184 import_ms=3.08 (perf-t1)
2026-08-19T03:24:16.102846+00:00   INFO pegaflow_server::registry: registry.rs:217 IPC import timing: device_id=3 size_bytes=533725184 import_ms=2.92 (perf-t1)
2026-08-19T03:24:16.106383+00:00   INFO pegaflow_server::registry: registry.rs:217 IPC import timing: device_id=3 size_bytes=533725184 import_ms=2.90 (perf-t1)
2026-08-19T03:24:16.110189+00:00   INFO pegaflow_server::registry: registry.rs:217 IPC import timing: device_id=3 size_bytes=533725184 import_ms=3.09 (perf-t1)
2026-08-19T03:24:16.113723+00:00   INFO pegaflow_server::registry: registry.rs:217 IPC import timing: device_id=3 size_bytes=533725184 import_ms=2.87 (perf-t1)
2026-08-19T03:24:16.118456+00:00   INFO pegaflow_server::registry: registry.rs:217 IPC import timing: device_id=3 size_bytes=533725184 import_ms=4.11 (perf-t1)
2026-08-19T03:24:16.122459+00:00   INFO pegaflow_server::registry: registry.rs:217 IPC import timing: device_id=3 size_bytes=533725184 import_ms=3.26 (perf-t1)
2026-08-19T03:24:16.126251+00:00   INFO pegaflow_server::registry: registry.rs:217 IPC import timing: device_id=3 size_bytes=533725184 import_ms=3.14 (perf-t1)
2026-08-19T03:24:16.130049+00:00   INFO pegaflow_server::registry: registry.rs:217 IPC import timing: device_id=3 size_bytes=533725184 import_ms=3.07 (perf-t1)
2026-08-19T03:24:16.134039+00:00   INFO pegaflow_server::registry: registry.rs:217 IPC import timing: device_id=3 size_bytes=533725184 import_ms=3.11 (perf-t1)
2026-08-19T03:24:16.137711+00:00   INFO pegaflow_server::registry: registry.rs:217 IPC import timing: device_id=3 size_bytes=533725184 import_ms=2.94 (perf-t1)
2026-08-19T03:24:16.141359+00:00   INFO pegaflow_server::registry: registry.rs:217 IPC import timing: device_id=3 size_bytes=533725184 import_ms=2.89 (perf-t1)
2026-08-19T03:24:16.146343+00:00   INFO pegaflow_server::registry: registry.rs:217 IPC import timing: device_id=3 size_bytes=533725184 import_ms=4.19 (perf-t1)
2026-08-19T03:24:16.150057+00:00   INFO pegaflow_server::registry: registry.rs:217 IPC import timing: device_id=3 size_bytes=533725184 import_ms=2.97 (perf-t1)
2026-08-19T03:24:16.153654+00:00   INFO pegaflow_server::registry: registry.rs:217 IPC import timing: device_id=3 size_bytes=533725184 import_ms=2.95 (perf-t1)
2026-08-19T03:24:16.157293+00:00   INFO pegaflow_server::registry: registry.rs:217 IPC import timing: device_id=3 size_bytes=533725184 import_ms=2.91 (perf-t1)
2026-08-19T03:24:16.160819+00:00   INFO pegaflow_server::registry: registry.rs:217 IPC import timing: device_id=3 size_bytes=533725184 import_ms=2.92 (perf-t1)
2026-08-19T03:24:16.164324+00:00   INFO pegaflow_server::registry: registry.rs:217 IPC import timing: device_id=3 size_bytes=533725184 import_ms=2.79 (perf-t1)
2026-08-19T03:24:16.168050+00:00   INFO pegaflow_server::registry: registry.rs:217 IPC import timing: device_id=3 size_bytes=533725184 import_ms=2.98 (perf-t1)
2026-08-19T03:24:16.172985+00:00   INFO pegaflow_server::registry: registry.rs:217 IPC import timing: device_id=3 size_bytes=533725184 import_ms=4.30 (perf-t1)
2026-08-19T03:24:16.176577+00:00   INFO pegaflow_server::registry: registry.rs:217 IPC import timing: device_id=3 size_bytes=533725184 import_ms=2.94 (perf-t1)
2026-08-19T03:24:16.181043+00:00   INFO pegaflow_server::registry: registry.rs:217 IPC import timing: device_id=3 size_bytes=533725184 import_ms=3.70 (perf-t1)
2026-08-19T03:24:16.185079+00:00   INFO pegaflow_server::registry: registry.rs:217 IPC import timing: device_id=3 size_bytes=533725184 import_ms=3.44 (perf-t1)
2026-08-19T03:24:16.188656+00:00   INFO pegaflow_server::registry: registry.rs:217 IPC import timing: device_id=3 size_bytes=533725184 import_ms=2.98 (perf-t1)
2026-08-19T03:24:16.193497+00:00   INFO pegaflow_server::registry: registry.rs:217 IPC import timing: device_id=3 size_bytes=533725184 import_ms=4.16 (perf-t1)
2026-08-19T03:24:16.197429+00:00   INFO pegaflow_server::registry: registry.rs:217 IPC import timing: device_id=3 size_bytes=533725184 import_ms=3.34 (perf-t1)
2026-08-19T03:24:16.200927+00:00   INFO pegaflow_server::registry: registry.rs:217 IPC import timing: device_id=3 size_bytes=533725184 import_ms=2.87 (perf-t1)
2026-08-19T03:24:16.204475+00:00   INFO pegaflow_server::registry: registry.rs:217 IPC import timing: device_id=3 size_bytes=533725184 import_ms=2.86 (perf-t1)
2026-08-19T03:24:16.208106+00:00   INFO pegaflow_server::registry: registry.rs:217 IPC import timing: device_id=3 size_bytes=533725184 import_ms=3.04 (perf-t1)
2026-08-19T03:24:16.211643+00:00   INFO pegaflow_server::registry: registry.rs:217 IPC import timing: device_id=3 size_bytes=533725184 import_ms=2.92 (perf-t1)
2026-08-19T03:24:16.215185+00:00   INFO pegaflow_server::registry: registry.rs:217 IPC import timing: device_id=3 size_bytes=533725184 import_ms=2.87 (perf-t1)
2026-08-19T03:24:16.218760+00:00   INFO pegaflow_server::registry: registry.rs:217 IPC import timing: device_id=3 size_bytes=533725184 import_ms=2.91 (perf-t1)
2026-08-19T03:24:16.222826+00:00   INFO pegaflow_server::registry: registry.rs:217 IPC import timing: device_id=1 size_bytes=533725184 import_ms=3.16 (perf-t1)
2026-08-19T03:24:16.223610+00:00   INFO pegaflow_core::gpu_worker: gpu_worker.rs:338 GPU worker initialized: device=3 backend=ascend_batch device_id=3
2026-08-19T03:24:16.224013+00:00   INFO pegaflow_core::gpu_worker: gpu_worker.rs:338 GPU worker initialized: device=3 backend=ascend_batch device_id=3
2026-08-19T03:24:16.224220+00:00   INFO pegaflow_core::gpu_worker: gpu_worker.rs:200 GPU worker pool started: device=3, numa_node=NUMA0, transfer_mode=AscendDirect
2026-08-19T03:24:16.224994+00:00   INFO pegaflow_core::instance: instance.rs:706 Sealed instance topology: instance=c41beb26-d10b-4516-b589-510b8beb5c46-d449b7955669429e9d05b96cadafcd28, num_layers=72, tp_size=1, world_size=1, total_slots=72
2026-08-19T03:24:16.225078+00:00   INFO pegaflow_core::instance: instance.rs:719 Initialized GPU context: device_id=3, numa_node=NUMA0
2026-08-19T03:24:16.225112+00:00   INFO pegaflow_core: lib.rs:452 Registered context batch: instance=c41beb26-d10b-4516-b589-510b8beb5c46-d449b7955669429e9d05b96cadafcd28, namespace=perf-t3-h50-iso-c1-3, device=3, layers=72, tp_rank=0/1, pp_rank=0
2026-08-19T03:24:16.226770+00:00   INFO pegaflow_server::registry: registry.rs:217 IPC import timing: device_id=1 size_bytes=533725184 import_ms=3.17 (perf-t1)
2026-08-19T03:24:16.230474+00:00   INFO pegaflow_server::registry: registry.rs:217 IPC import timing: device_id=1 size_bytes=533725184 import_ms=3.11 (perf-t1)
2026-08-19T03:24:16.234125+00:00   INFO pegaflow_server::registry: registry.rs:217 IPC import timing: device_id=1 size_bytes=533725184 import_ms=3.01 (perf-t1)
2026-08-19T03:24:16.237802+00:00   INFO pegaflow_server::registry: registry.rs:217 IPC import timing: device_id=1 size_bytes=533725184 import_ms=2.93 (perf-t1)
2026-08-19T03:24:16.243897+00:00   INFO pegaflow_server::registry: registry.rs:217 IPC import timing: device_id=1 size_bytes=533725184 import_ms=5.47 (perf-t1)
2026-08-19T03:24:16.247637+00:00   INFO pegaflow_server::registry: registry.rs:217 IPC import timing: device_id=1 size_bytes=533725184 import_ms=3.05 (perf-t1)
2026-08-19T03:24:16.251386+00:00   INFO pegaflow_server::registry: registry.rs:217 IPC import timing: device_id=1 size_bytes=533725184 import_ms=3.02 (perf-t1)
2026-08-19T03:24:16.255033+00:00   INFO pegaflow_server::registry: registry.rs:217 IPC import timing: device_id=1 size_bytes=533725184 import_ms=3.00 (perf-t1)
2026-08-19T03:24:16.258761+00:00   INFO pegaflow_server::registry: registry.rs:217 IPC import timing: device_id=1 size_bytes=533725184 import_ms=3.04 (perf-t1)
2026-08-19T03:24:16.262409+00:00   INFO pegaflow_server::registry: registry.rs:217 IPC import timing: device_id=1 size_bytes=533725184 import_ms=2.91 (perf-t1)
2026-08-19T03:24:16.266119+00:00   INFO pegaflow_server::registry: registry.rs:217 IPC import timing: device_id=1 size_bytes=533725184 import_ms=3.07 (perf-t1)
2026-08-19T03:24:16.269814+00:00   INFO pegaflow_server::registry: registry.rs:217 IPC import timing: device_id=1 size_bytes=533725184 import_ms=3.05 (perf-t1)
2026-08-19T03:24:16.273511+00:00   INFO pegaflow_server::registry: registry.rs:217 IPC import timing: device_id=1 size_bytes=533725184 import_ms=2.97 (perf-t1)
2026-08-19T03:24:16.277123+00:00   INFO pegaflow_server::registry: registry.rs:217 IPC import timing: device_id=1 size_bytes=533725184 import_ms=2.95 (perf-t1)
2026-08-19T03:24:16.280621+00:00   INFO pegaflow_server::registry: registry.rs:217 IPC import timing: device_id=1 size_bytes=533725184 import_ms=2.82 (perf-t1)
2026-08-19T03:24:16.284216+00:00   INFO pegaflow_server::registry: registry.rs:217 IPC import timing: device_id=1 size_bytes=533725184 import_ms=2.95 (perf-t1)
2026-08-19T03:24:16.300056+00:00   INFO pegaflow_server::registry: registry.rs:217 IPC import timing: device_id=1 size_bytes=533725184 import_ms=15.10 (perf-t1)
2026-08-19T03:24:16.304056+00:00   INFO pegaflow_server::registry: registry.rs:217 IPC import timing: device_id=1 size_bytes=533725184 import_ms=3.09 (perf-t1)
2026-08-19T03:24:16.316732+00:00   INFO pegaflow_server::registry: registry.rs:217 IPC import timing: device_id=1 size_bytes=533725184 import_ms=11.93 (perf-t1)
2026-08-19T03:24:16.333242+00:00   INFO pegaflow_server::registry: registry.rs:217 IPC import timing: device_id=1 size_bytes=533725184 import_ms=15.57 (perf-t1)
2026-08-19T03:24:16.337120+00:00   INFO pegaflow_server::registry: registry.rs:217 IPC import timing: device_id=1 size_bytes=533725184 import_ms=3.01 (perf-t1)
2026-08-19T03:24:16.344653+00:00   INFO pegaflow_server::registry: registry.rs:217 IPC import timing: device_id=1 size_bytes=533725184 import_ms=6.86 (perf-t1)
2026-08-19T03:24:16.386497+00:00   INFO pegaflow_server::registry: registry.rs:217 IPC import timing: device_id=1 size_bytes=533725184 import_ms=40.97 (perf-t1)
2026-08-19T03:24:16.390403+00:00   INFO pegaflow_server::registry: registry.rs:217 IPC import timing: device_id=1 size_bytes=533725184 import_ms=2.97 (perf-t1)
2026-08-19T03:24:16.394141+00:00   INFO pegaflow_server::registry: registry.rs:217 IPC import timing: device_id=1 size_bytes=533725184 import_ms=3.08 (perf-t1)
2026-08-19T03:24:16.397691+00:00   INFO pegaflow_server::registry: registry.rs:217 IPC import timing: device_id=1 size_bytes=533725184 import_ms=2.82 (perf-t1)
2026-08-19T03:24:16.401206+00:00   INFO pegaflow_server::registry: registry.rs:217 IPC import timing: device_id=1 size_bytes=533725184 import_ms=2.91 (perf-t1)
2026-08-19T03:24:16.404624+00:00   INFO pegaflow_server::registry: registry.rs:217 IPC import timing: device_id=1 size_bytes=533725184 import_ms=2.83 (perf-t1)
2026-08-19T03:24:16.409483+00:00   INFO pegaflow_server::registry: registry.rs:217 IPC import timing: device_id=1 size_bytes=533725184 import_ms=4.09 (perf-t1)
2026-08-19T03:24:16.413286+00:00   INFO pegaflow_server::registry: registry.rs:217 IPC import timing: device_id=1 size_bytes=533725184 import_ms=3.19 (perf-t1)
2026-08-19T03:24:16.417035+00:00   INFO pegaflow_server::registry: registry.rs:217 IPC import timing: device_id=1 size_bytes=533725184 import_ms=3.16 (perf-t1)
2026-08-19T03:24:16.422707+00:00   INFO pegaflow_server::registry: registry.rs:217 IPC import timing: device_id=1 size_bytes=533725184 import_ms=5.00 (perf-t1)
2026-08-19T03:24:16.426179+00:00   INFO pegaflow_server::registry: registry.rs:217 IPC import timing: device_id=1 size_bytes=533725184 import_ms=2.81 (perf-t1)
2026-08-19T03:24:16.429694+00:00   INFO pegaflow_server::registry: registry.rs:217 IPC import timing: device_id=1 size_bytes=533725184 import_ms=2.91 (perf-t1)
2026-08-19T03:24:16.433231+00:00   INFO pegaflow_server::registry: registry.rs:217 IPC import timing: device_id=1 size_bytes=533725184 import_ms=2.90 (perf-t1)
2026-08-19T03:24:16.437036+00:00   INFO pegaflow_server::registry: registry.rs:217 IPC import timing: device_id=1 size_bytes=533725184 import_ms=3.22 (perf-t1)
2026-08-19T03:24:16.444021+00:00   INFO pegaflow_server::registry: registry.rs:217 IPC import timing: device_id=1 size_bytes=533725184 import_ms=6.39 (perf-t1)
2026-08-19T03:24:16.447632+00:00   INFO pegaflow_server::registry: registry.rs:217 IPC import timing: device_id=1 size_bytes=533725184 import_ms=2.87 (perf-t1)
2026-08-19T03:24:16.451048+00:00   INFO pegaflow_server::registry: registry.rs:217 IPC import timing: device_id=1 size_bytes=533725184 import_ms=2.78 (perf-t1)
2026-08-19T03:24:16.454524+00:00   INFO pegaflow_server::registry: registry.rs:217 IPC import timing: device_id=1 size_bytes=533725184 import_ms=2.91 (perf-t1)
2026-08-19T03:24:16.457931+00:00   INFO pegaflow_server::registry: registry.rs:217 IPC import timing: device_id=1 size_bytes=533725184 import_ms=2.80 (perf-t1)
2026-08-19T03:24:16.461380+00:00   INFO pegaflow_server::registry: registry.rs:217 IPC import timing: device_id=1 size_bytes=533725184 import_ms=2.91 (perf-t1)
2026-08-19T03:24:16.464864+00:00   INFO pegaflow_server::registry: registry.rs:217 IPC import timing: device_id=1 size_bytes=533725184 import_ms=2.95 (perf-t1)
2026-08-19T03:24:16.468276+00:00   INFO pegaflow_server::registry: registry.rs:217 IPC import timing: device_id=1 size_bytes=533725184 import_ms=2.80 (perf-t1)
2026-08-19T03:24:16.472896+00:00   INFO pegaflow_server::registry: registry.rs:217 IPC import timing: device_id=1 size_bytes=533725184 import_ms=4.06 (perf-t1)
2026-08-19T03:24:16.476642+00:00   INFO pegaflow_server::registry: registry.rs:217 IPC import timing: device_id=1 size_bytes=533725184 import_ms=3.17 (perf-t1)
2026-08-19T03:24:16.480056+00:00   INFO pegaflow_server::registry: registry.rs:217 IPC import timing: device_id=1 size_bytes=533725184 import_ms=2.80 (perf-t1)
2026-08-19T03:24:16.483456+00:00   INFO pegaflow_server::registry: registry.rs:217 IPC import timing: device_id=1 size_bytes=533725184 import_ms=2.85 (perf-t1)
2026-08-19T03:24:16.487029+00:00   INFO pegaflow_server::registry: registry.rs:217 IPC import timing: device_id=1 size_bytes=533725184 import_ms=2.97 (perf-t1)
2026-08-19T03:24:16.490435+00:00   INFO pegaflow_server::registry: registry.rs:217 IPC import timing: device_id=1 size_bytes=533725184 import_ms=2.80 (perf-t1)
2026-08-19T03:24:16.493768+00:00   INFO pegaflow_server::registry: registry.rs:217 IPC import timing: device_id=1 size_bytes=533725184 import_ms=2.80 (perf-t1)
2026-08-19T03:24:16.497172+00:00   INFO pegaflow_server::registry: registry.rs:217 IPC import timing: device_id=1 size_bytes=533725184 import_ms=2.86 (perf-t1)
2026-08-19T03:24:16.500568+00:00   INFO pegaflow_server::registry: registry.rs:217 IPC import timing: device_id=1 size_bytes=533725184 import_ms=2.79 (perf-t1)
2026-08-19T03:24:16.503951+00:00   INFO pegaflow_server::registry: registry.rs:217 IPC import timing: device_id=1 size_bytes=533725184 import_ms=2.85 (perf-t1)
2026-08-19T03:24:16.507242+00:00   INFO pegaflow_server::registry: registry.rs:217 IPC import timing: device_id=1 size_bytes=533725184 import_ms=2.75 (perf-t1)
2026-08-19T03:24:16.510794+00:00   INFO pegaflow_server::registry: registry.rs:217 IPC import timing: device_id=1 size_bytes=533725184 import_ms=2.94 (perf-t1)
2026-08-19T03:24:16.514362+00:00   INFO pegaflow_server::registry: registry.rs:217 IPC import timing: device_id=1 size_bytes=533725184 import_ms=2.90 (perf-t1)
2026-08-19T03:24:16.517774+00:00   INFO pegaflow_server::registry: registry.rs:217 IPC import timing: device_id=1 size_bytes=533725184 import_ms=2.88 (perf-t1)
2026-08-19T03:24:16.521208+00:00   INFO pegaflow_server::registry: registry.rs:217 IPC import timing: device_id=1 size_bytes=533725184 import_ms=2.77 (perf-t1)
2026-08-19T03:24:16.524700+00:00   INFO pegaflow_server::registry: registry.rs:217 IPC import timing: device_id=1 size_bytes=533725184 import_ms=2.94 (perf-t1)
2026-08-19T03:24:16.529440+00:00   INFO pegaflow_server::registry: registry.rs:217 IPC import timing: device_id=1 size_bytes=533725184 import_ms=4.21 (perf-t1)
2026-08-19T03:24:16.533156+00:00   INFO pegaflow_server::registry: registry.rs:217 IPC import timing: device_id=1 size_bytes=533725184 import_ms=3.06 (perf-t1)
2026-08-19T03:24:16.536562+00:00   INFO pegaflow_server::registry: registry.rs:217 IPC import timing: device_id=1 size_bytes=533725184 import_ms=2.85 (perf-t1)
2026-08-19T03:24:16.539957+00:00   INFO pegaflow_server::registry: registry.rs:217 IPC import timing: device_id=1 size_bytes=533725184 import_ms=2.86 (perf-t1)
2026-08-19T03:24:16.546312+00:00   INFO pegaflow_server::registry: registry.rs:217 IPC import timing: device_id=1 size_bytes=533725184 import_ms=5.72 (perf-t1)
2026-08-19T03:24:16.549822+00:00   INFO pegaflow_server::registry: registry.rs:217 IPC import timing: device_id=1 size_bytes=533725184 import_ms=2.93 (perf-t1)
2026-08-19T03:24:16.553316+00:00   INFO pegaflow_server::registry: registry.rs:217 IPC import timing: device_id=1 size_bytes=533725184 import_ms=2.94 (perf-t1)
2026-08-19T03:24:16.556855+00:00   INFO pegaflow_server::registry: registry.rs:217 IPC import timing: device_id=1 size_bytes=533725184 import_ms=2.93 (perf-t1)
2026-08-19T03:24:16.560512+00:00   INFO pegaflow_server::registry: registry.rs:217 IPC import timing: device_id=1 size_bytes=533725184 import_ms=3.05 (perf-t1)
2026-08-19T03:24:16.563950+00:00   INFO pegaflow_server::registry: registry.rs:217 IPC import timing: device_id=1 size_bytes=533725184 import_ms=2.90 (perf-t1)
2026-08-19T03:24:16.567323+00:00   INFO pegaflow_server::registry: registry.rs:217 IPC import timing: device_id=1 size_bytes=533725184 import_ms=2.76 (perf-t1)
2026-08-19T03:24:16.571883+00:00   INFO pegaflow_core::gpu_worker: gpu_worker.rs:338 GPU worker initialized: device=1 backend=ascend_batch device_id=1
2026-08-19T03:24:16.572635+00:00   INFO pegaflow_core::gpu_worker: gpu_worker.rs:338 GPU worker initialized: device=1 backend=ascend_batch device_id=1
2026-08-19T03:24:16.572860+00:00   INFO pegaflow_core::gpu_worker: gpu_worker.rs:200 GPU worker pool started: device=1, numa_node=NUMA0, transfer_mode=AscendDirect
2026-08-19T03:24:16.573157+00:00   INFO pegaflow_server::registry: registry.rs:217 IPC import timing: device_id=0 size_bytes=533725184 import_ms=5.02 (perf-t1)
2026-08-19T03:24:16.573592+00:00   INFO pegaflow_core::instance: instance.rs:706 Sealed instance topology: instance=47a1b2d6-9934-4675-84a9-1c0af1dde4e2-44a562d9fe2942bd8e2b572550ab1323, num_layers=72, tp_size=1, world_size=1, total_slots=72
2026-08-19T03:24:16.573642+00:00   INFO pegaflow_core::instance: instance.rs:719 Initialized GPU context: device_id=1, numa_node=NUMA0
2026-08-19T03:24:16.573670+00:00   INFO pegaflow_core: lib.rs:452 Registered context batch: instance=47a1b2d6-9934-4675-84a9-1c0af1dde4e2-44a562d9fe2942bd8e2b572550ab1323, namespace=perf-t3-h50-iso-c1-1, device=1, layers=72, tp_rank=0/1, pp_rank=0
2026-08-19T03:24:16.576764+00:00   INFO pegaflow_server::registry: registry.rs:217 IPC import timing: device_id=0 size_bytes=533725184 import_ms=3.03 (perf-t1)
2026-08-19T03:24:16.630113+00:00   INFO pegaflow_server::registry: registry.rs:217 IPC import timing: device_id=0 size_bytes=533725184 import_ms=52.71 (perf-t1)
2026-08-19T03:24:16.638319+00:00   INFO pegaflow_server::registry: registry.rs:217 IPC import timing: device_id=0 size_bytes=533725184 import_ms=7.40 (perf-t1)
2026-08-19T03:24:16.643984+00:00   INFO pegaflow_server::registry: registry.rs:217 IPC import timing: device_id=0 size_bytes=533725184 import_ms=5.02 (perf-t1)
2026-08-19T03:24:16.647613+00:00   INFO pegaflow_server::registry: registry.rs:217 IPC import timing: device_id=0 size_bytes=533725184 import_ms=2.97 (perf-t1)
2026-08-19T03:24:16.651059+00:00   INFO pegaflow_server::registry: registry.rs:217 IPC import timing: device_id=0 size_bytes=533725184 import_ms=2.90 (perf-t1)
2026-08-19T03:24:16.654597+00:00   INFO pegaflow_server::registry: registry.rs:217 IPC import timing: device_id=0 size_bytes=533725184 import_ms=2.99 (perf-t1)
2026-08-19T03:24:16.658401+00:00   INFO pegaflow_server::registry: registry.rs:217 IPC import timing: device_id=0 size_bytes=533725184 import_ms=3.13 (perf-t1)
2026-08-19T03:24:16.662108+00:00   INFO pegaflow_server::registry: registry.rs:217 IPC import timing: device_id=0 size_bytes=533725184 import_ms=3.16 (perf-t1)
2026-08-19T03:24:16.665579+00:00   INFO pegaflow_server::registry: registry.rs:217 IPC import timing: device_id=0 size_bytes=533725184 import_ms=2.94 (perf-t1)
2026-08-19T03:24:16.669003+00:00   INFO pegaflow_server::registry: registry.rs:217 IPC import timing: device_id=0 size_bytes=533725184 import_ms=2.88 (perf-t1)
2026-08-19T03:24:16.672656+00:00   INFO pegaflow_server::registry: registry.rs:217 IPC import timing: device_id=0 size_bytes=533725184 import_ms=3.05 (perf-t1)
2026-08-19T03:24:16.675887+00:00   INFO pegaflow_server::registry: registry.rs:217 IPC import timing: device_id=0 size_bytes=533725184 import_ms=2.70 (perf-t1)
2026-08-19T03:24:16.679237+00:00   INFO pegaflow_server::registry: registry.rs:217 IPC import timing: device_id=0 size_bytes=533725184 import_ms=2.77 (perf-t1)
2026-08-19T03:24:16.682544+00:00   INFO pegaflow_server::registry: registry.rs:217 IPC import timing: device_id=0 size_bytes=533725184 import_ms=2.72 (perf-t1)
2026-08-19T03:24:16.685883+00:00   INFO pegaflow_server::registry: registry.rs:217 IPC import timing: device_id=0 size_bytes=533725184 import_ms=2.82 (perf-t1)
2026-08-19T03:24:16.689345+00:00   INFO pegaflow_server::registry: registry.rs:217 IPC import timing: device_id=0 size_bytes=533725184 import_ms=2.87 (perf-t1)
2026-08-19T03:24:16.692830+00:00   INFO pegaflow_server::registry: registry.rs:217 IPC import timing: device_id=0 size_bytes=533725184 import_ms=2.89 (perf-t1)
2026-08-19T03:24:16.696292+00:00   INFO pegaflow_server::registry: registry.rs:217 IPC import timing: device_id=0 size_bytes=533725184 import_ms=2.94 (perf-t1)
2026-08-19T03:24:16.699648+00:00   INFO pegaflow_server::registry: registry.rs:217 IPC import timing: device_id=0 size_bytes=533725184 import_ms=2.79 (perf-t1)
2026-08-19T03:24:16.703080+00:00   INFO pegaflow_server::registry: registry.rs:217 IPC import timing: device_id=0 size_bytes=533725184 import_ms=2.86 (perf-t1)
2026-08-19T03:24:16.706583+00:00   INFO pegaflow_server::registry: registry.rs:217 IPC import timing: device_id=0 size_bytes=533725184 import_ms=2.97 (perf-t1)
2026-08-19T03:24:16.710128+00:00   INFO pegaflow_server::registry: registry.rs:217 IPC import timing: device_id=0 size_bytes=533725184 import_ms=2.84 (perf-t1)
2026-08-19T03:24:16.713521+00:00   INFO pegaflow_server::registry: registry.rs:217 IPC import timing: device_id=0 size_bytes=533725184 import_ms=2.81 (perf-t1)
2026-08-19T03:24:16.716938+00:00   INFO pegaflow_server::registry: registry.rs:217 IPC import timing: device_id=0 size_bytes=533725184 import_ms=2.88 (perf-t1)
2026-08-19T03:24:16.720451+00:00   INFO pegaflow_server::registry: registry.rs:217 IPC import timing: device_id=0 size_bytes=533725184 import_ms=2.98 (perf-t1)
2026-08-19T03:24:16.723831+00:00   INFO pegaflow_server::registry: registry.rs:217 IPC import timing: device_id=0 size_bytes=533725184 import_ms=2.79 (perf-t1)
2026-08-19T03:24:16.728120+00:00   INFO pegaflow_server::registry: registry.rs:217 IPC import timing: device_id=0 size_bytes=533725184 import_ms=3.76 (perf-t1)
2026-08-19T03:24:16.731864+00:00   INFO pegaflow_server::registry: registry.rs:217 IPC import timing: device_id=0 size_bytes=533725184 import_ms=3.15 (perf-t1)
2026-08-19T03:24:16.735140+00:00   INFO pegaflow_server::registry: registry.rs:217 IPC import timing: device_id=0 size_bytes=533725184 import_ms=2.69 (perf-t1)
2026-08-19T03:24:16.738359+00:00   INFO pegaflow_server::registry: registry.rs:217 IPC import timing: device_id=0 size_bytes=533725184 import_ms=2.68 (perf-t1)
2026-08-19T03:24:16.741705+00:00   INFO pegaflow_server::registry: registry.rs:217 IPC import timing: device_id=0 size_bytes=533725184 import_ms=2.82 (perf-t1)
2026-08-19T03:24:16.745622+00:00   INFO pegaflow_server::registry: registry.rs:217 IPC import timing: device_id=0 size_bytes=533725184 import_ms=3.34 (perf-t1)
2026-08-19T03:24:16.753582+00:00   INFO pegaflow_server::registry: registry.rs:217 IPC import timing: device_id=0 size_bytes=533725184 import_ms=7.40 (perf-t1)
2026-08-19T03:24:16.756882+00:00   INFO pegaflow_server::registry: registry.rs:217 IPC import timing: device_id=0 size_bytes=533725184 import_ms=2.73 (perf-t1)
2026-08-19T03:24:16.760295+00:00   INFO pegaflow_server::registry: registry.rs:217 IPC import timing: device_id=0 size_bytes=533725184 import_ms=2.82 (perf-t1)
2026-08-19T03:24:16.763587+00:00   INFO pegaflow_server::registry: registry.rs:217 IPC import timing: device_id=0 size_bytes=533725184 import_ms=2.69 (perf-t1)
2026-08-19T03:24:16.766933+00:00   INFO pegaflow_server::registry: registry.rs:217 IPC import timing: device_id=0 size_bytes=533725184 import_ms=2.80 (perf-t1)
2026-08-19T03:24:16.772820+00:00   INFO pegaflow_server::registry: registry.rs:217 IPC import timing: device_id=0 size_bytes=533725184 import_ms=5.27 (perf-t1)
2026-08-19T03:24:16.776227+00:00   INFO pegaflow_server::registry: registry.rs:217 IPC import timing: device_id=0 size_bytes=533725184 import_ms=2.86 (perf-t1)
2026-08-19T03:24:16.779434+00:00   INFO pegaflow_server::registry: registry.rs:217 IPC import timing: device_id=0 size_bytes=533725184 import_ms=2.67 (perf-t1)
2026-08-19T03:24:16.782691+00:00   INFO pegaflow_server::registry: registry.rs:217 IPC import timing: device_id=0 size_bytes=533725184 import_ms=2.69 (perf-t1)
2026-08-19T03:24:16.788113+00:00   INFO pegaflow_server::registry: registry.rs:217 IPC import timing: device_id=0 size_bytes=533725184 import_ms=4.88 (perf-t1)
2026-08-19T03:24:16.794812+00:00   INFO pegaflow_server::registry: registry.rs:217 IPC import timing: device_id=0 size_bytes=533725184 import_ms=5.96 (perf-t1)
2026-08-19T03:24:16.798878+00:00   INFO pegaflow_server::registry: registry.rs:217 IPC import timing: device_id=0 size_bytes=533725184 import_ms=3.32 (perf-t1)
2026-08-19T03:24:16.802383+00:00   INFO pegaflow_server::registry: registry.rs:217 IPC import timing: device_id=0 size_bytes=533725184 import_ms=2.86 (perf-t1)
2026-08-19T03:24:16.806405+00:00   INFO pegaflow_server::registry: registry.rs:217 IPC import timing: device_id=0 size_bytes=533725184 import_ms=3.31 (perf-t1)
2026-08-19T03:24:16.809819+00:00   INFO pegaflow_server::registry: registry.rs:217 IPC import timing: device_id=0 size_bytes=533725184 import_ms=2.76 (perf-t1)
2026-08-19T03:24:16.813218+00:00   INFO pegaflow_server::registry: registry.rs:217 IPC import timing: device_id=0 size_bytes=533725184 import_ms=2.86 (perf-t1)
2026-08-19T03:24:16.816577+00:00   INFO pegaflow_server::registry: registry.rs:217 IPC import timing: device_id=0 size_bytes=533725184 import_ms=2.82 (perf-t1)
2026-08-19T03:24:16.822505+00:00   INFO pegaflow_server::registry: registry.rs:217 IPC import timing: device_id=0 size_bytes=533725184 import_ms=5.34 (perf-t1)
2026-08-19T03:24:16.825913+00:00   INFO pegaflow_server::registry: registry.rs:217 IPC import timing: device_id=0 size_bytes=533725184 import_ms=2.84 (perf-t1)
2026-08-19T03:24:16.829348+00:00   INFO pegaflow_server::registry: registry.rs:217 IPC import timing: device_id=0 size_bytes=533725184 import_ms=2.82 (perf-t1)
2026-08-19T03:24:16.832938+00:00   INFO pegaflow_server::registry: registry.rs:217 IPC import timing: device_id=0 size_bytes=533725184 import_ms=2.99 (perf-t1)
2026-08-19T03:24:16.836850+00:00   INFO pegaflow_server::registry: registry.rs:217 IPC import timing: device_id=0 size_bytes=533725184 import_ms=3.37 (perf-t1)
2026-08-19T03:24:16.887478+00:00   INFO pegaflow_server::registry: registry.rs:217 IPC import timing: device_id=0 size_bytes=533725184 import_ms=50.07 (perf-t1)
2026-08-19T03:24:16.891433+00:00   INFO pegaflow_server::registry: registry.rs:217 IPC import timing: device_id=0 size_bytes=533725184 import_ms=2.90 (perf-t1)
2026-08-19T03:24:16.894896+00:00   INFO pegaflow_server::registry: registry.rs:217 IPC import timing: device_id=0 size_bytes=533725184 import_ms=2.90 (perf-t1)
2026-08-19T03:24:16.898267+00:00   INFO pegaflow_server::registry: registry.rs:217 IPC import timing: device_id=0 size_bytes=533725184 import_ms=2.84 (perf-t1)
2026-08-19T03:24:16.902673+00:00   INFO pegaflow_server::registry: registry.rs:217 IPC import timing: device_id=0 size_bytes=533725184 import_ms=3.83 (perf-t1)
2026-08-19T03:24:16.906400+00:00   INFO pegaflow_server::registry: registry.rs:217 IPC import timing: device_id=0 size_bytes=533725184 import_ms=3.20 (perf-t1)
2026-08-19T03:24:16.910063+00:00   INFO pegaflow_server::registry: registry.rs:217 IPC import timing: device_id=0 size_bytes=533725184 import_ms=3.11 (perf-t1)
2026-08-19T03:24:16.913489+00:00   INFO pegaflow_server::registry: registry.rs:217 IPC import timing: device_id=0 size_bytes=533725184 import_ms=2.85 (perf-t1)
2026-08-19T03:24:16.916811+00:00   INFO pegaflow_server::registry: registry.rs:217 IPC import timing: device_id=0 size_bytes=533725184 import_ms=2.79 (perf-t1)
2026-08-19T03:24:16.920221+00:00   INFO pegaflow_server::registry: registry.rs:217 IPC import timing: device_id=0 size_bytes=533725184 import_ms=2.87 (perf-t1)
2026-08-19T03:24:16.923550+00:00   INFO pegaflow_server::registry: registry.rs:217 IPC import timing: device_id=0 size_bytes=533725184 import_ms=2.73 (perf-t1)
2026-08-19T03:24:16.927020+00:00   INFO pegaflow_server::registry: registry.rs:217 IPC import timing: device_id=0 size_bytes=533725184 import_ms=2.90 (perf-t1)
2026-08-19T03:24:16.930318+00:00   INFO pegaflow_server::registry: registry.rs:217 IPC import timing: device_id=0 size_bytes=533725184 import_ms=2.78 (perf-t1)
2026-08-19T03:24:16.933702+00:00   INFO pegaflow_server::registry: registry.rs:217 IPC import timing: device_id=0 size_bytes=533725184 import_ms=2.83 (perf-t1)
2026-08-19T03:24:16.937111+00:00   INFO pegaflow_server::registry: registry.rs:217 IPC import timing: device_id=0 size_bytes=533725184 import_ms=2.90 (perf-t1)
2026-08-19T03:24:16.940323+00:00   INFO pegaflow_server::registry: registry.rs:217 IPC import timing: device_id=0 size_bytes=533725184 import_ms=2.72 (perf-t1)
2026-08-19T03:24:16.944110+00:00   INFO pegaflow_core::gpu_worker: gpu_worker.rs:338 GPU worker initialized: device=0 backend=ascend_batch device_id=0
2026-08-19T03:24:16.944355+00:00   INFO pegaflow_core::gpu_worker: gpu_worker.rs:338 GPU worker initialized: device=0 backend=ascend_batch device_id=0
2026-08-19T03:24:16.944609+00:00   INFO pegaflow_core::gpu_worker: gpu_worker.rs:200 GPU worker pool started: device=0, numa_node=NUMA6, transfer_mode=AscendDirect
2026-08-19T03:24:16.945317+00:00   INFO pegaflow_core::instance: instance.rs:706 Sealed instance topology: instance=fdf5fa51-86e6-4c99-bbad-d0f4e752a820-6409955661644159b29df2cf17f77ee8, num_layers=72, tp_size=1, world_size=1, total_slots=72
2026-08-19T03:24:16.945369+00:00   INFO pegaflow_core::instance: instance.rs:719 Initialized GPU context: device_id=0, numa_node=NUMA6
2026-08-19T03:24:16.945397+00:00   INFO pegaflow_core: lib.rs:452 Registered context batch: instance=fdf5fa51-86e6-4c99-bbad-d0f4e752a820-6409955661644159b29df2cf17f77ee8, namespace=perf-t3-h50-iso-c1-0, device=0, layers=72, tp_rank=0/1, pp_rank=0
2026-08-19T03:24:35.605661+00:00   INFO pegaflow_server::service: service.rs:931 Session opened: instance_id=c41beb26-d10b-4516-b589-510b8beb5c46-d449b7955669429e9d05b96cadafcd28 namespace=perf-t3-h50-iso-c1-3 tp_size=1 world_size=1 token=1
2026-08-19T03:24:36.293816+00:00   INFO pegaflow_server::service: service.rs:931 Session opened: instance_id=47a1b2d6-9934-4675-84a9-1c0af1dde4e2-44a562d9fe2942bd8e2b572550ab1323 namespace=perf-t3-h50-iso-c1-1 tp_size=1 world_size=1 token=2
2026-08-19T03:24:40.773240+00:00   INFO pegaflow_server::service: service.rs:931 Session opened: instance_id=62e7afe4-9d01-4200-968c-748baec7354e-f941f409a4284cfe975a6c90e0fb8f9a namespace=perf-t3-h50-iso-c1-4 tp_size=1 world_size=1 token=3
2026-08-19T03:24:46.017034+00:00   INFO pegaflow_server::service: service.rs:931 Session opened: instance_id=26a6a4da-520a-4d01-9c45-c1ae0b95ce13-769aaa4b4aad47e5bea16424ba856f75 namespace=perf-t3-h50-iso-c1-5 tp_size=1 world_size=1 token=4
2026-08-19T03:24:49.445709+00:00   INFO pegaflow_server::service: service.rs:931 Session opened: instance_id=fdf5fa51-86e6-4c99-bbad-d0f4e752a820-6409955661644159b29df2cf17f77ee8 namespace=perf-t3-h50-iso-c1-0 tp_size=1 world_size=1 token=5
2026-08-19T03:24:49.724672+00:00   INFO pegaflow_server::service: service.rs:931 Session opened: instance_id=39287779-1305-4ba2-981c-72a11b4c2294-2a35ca9fea224923881352cc6fa403d0 namespace=perf-t3-h50-iso-c1-7 tp_size=1 world_size=1 token=6
2026-08-19T03:24:52.184069+00:00   INFO pegaflow_server::service: service.rs:931 Session opened: instance_id=2f4fa619-f64b-4f37-ae97-0da099a9ecdd-4807687f6a274af19893e0c074d01e08 namespace=perf-t3-h50-iso-c1-6 tp_size=1 world_size=1 token=7
2026-08-19T03:24:52.373101+00:00   INFO pegaflow_server::service: service.rs:931 Session opened: instance_id=af5be599-2dd2-4d8e-8d5a-f9cb48106ef6-8c77b68b87414fcea9412f35456bc772 namespace=perf-t3-h50-iso-c1-2 tp_size=1 world_size=1 token=8
2026-08-19T03:24:58.239987+00:00   INFO pegaflow_core::storage::prefetch: prefetch.rs:316 Prefetch local-hit timing: req_id=cmpl-perf-36db423c0e18-0-bb3f48d4 total_keys=76 hit=0 missing=76 key_build=57.943µs cache_scan=22.721µs task_schedule=6.811µs total=200.201µs
2026-08-19T03:25:30.280035+00:00   INFO pegaflow_core::storage::prefetch: prefetch.rs:316 Prefetch local-hit timing: req_id=cmpl-perf-9cacc930c883-0-90fbfe6e total_keys=38 hit=0 missing=38 key_build=31.252µs cache_scan=22.731µs task_schedule=6.941µs total=102.306µs
2026-08-19T03:25:32.481220+00:00   INFO pegaflow_core::storage::prefetch: prefetch.rs:316 Prefetch local-hit timing: req_id=cmpl-perf-764c2391896c-0-9f7e572a total_keys=77 hit=0 missing=77 key_build=70.354µs cache_scan=20.951µs task_schedule=7.38µs total=132.087µs
2026-08-19T03:25:35.062731+00:00   INFO pegaflow_core::storage::prefetch: prefetch.rs:316 Prefetch local-hit timing: req_id=cmpl-perf-f666979e4030-0-ba1d3185 total_keys=77 hit=0 missing=77 key_build=128.737µs cache_scan=22.511µs task_schedule=7.661µs total=197.871µs
2026-08-19T03:25:37.643496+00:00   INFO pegaflow_core::storage::prefetch: prefetch.rs:316 Prefetch local-hit timing: req_id=cmpl-perf-fde6f10bc833-0-9ce7bd06 total_keys=77 hit=0 missing=77 key_build=103.206µs cache_scan=22.021µs task_schedule=7.3µs total=170.869µs
2026-08-19T03:25:40.223312+00:00   INFO pegaflow_core::storage::prefetch: prefetch.rs:316 Prefetch local-hit timing: req_id=cmpl-perf-d4a64671ed96-0-b1b1dfd9 total_keys=76 hit=0 missing=76 key_build=63.354µs cache_scan=26.201µs task_schedule=7.45µs total=132.557µs
2026-08-19T03:25:42.787014+00:00   INFO pegaflow_core::storage::prefetch: prefetch.rs:316 Prefetch local-hit timing: req_id=cmpl-perf-da9addea0f71-0-8e55861c total_keys=77 hit=0 missing=77 key_build=53.283µs cache_scan=21.581µs task_schedule=6.55µs total=120.536µs
2026-08-19T03:25:45.364863+00:00   INFO pegaflow_core::storage::prefetch: prefetch.rs:316 Prefetch local-hit timing: req_id=cmpl-perf-1ec70fac8354-0-bc17304d total_keys=77 hit=0 missing=77 key_build=70.254µs cache_scan=19.141µs task_schedule=7.56µs total=131.877µs
2026-08-19T03:25:47.928854+00:00   INFO pegaflow_core::storage::prefetch: prefetch.rs:316 Prefetch local-hit timing: req_id=cmpl-perf-8aa0d5b7698d-0-93181e52 total_keys=77 hit=0 missing=77 key_build=63.603µs cache_scan=22.311µs task_schedule=7.421µs total=130.607µs
2026-08-19T03:25:53.838970+00:00   INFO pegaflow_server::service: service.rs:955 Session closed: instance_id=47a1b2d6-9934-4675-84a9-1c0af1dde4e2-44a562d9fe2942bd8e2b572550ab1323 token=2 — running cleanup
2026-08-19T03:25:54.449101+00:00   INFO pegaflow_server::service: service.rs:59 Session cleanup (stream closed): dropped 72 device tensors for instance 47a1b2d6-9934-4675-84a9-1c0af1dde4e2-44a562d9fe2942bd8e2b572550ab1323
2026-08-19T03:25:54.449368+00:00   INFO pegaflow_core: lib.rs:471 Unregistered instance: 47a1b2d6-9934-4675-84a9-1c0af1dde4e2-44a562d9fe2942bd8e2b572550ab1323
2026-08-19T03:25:55.204580+00:00   INFO pegaflow_server::service: service.rs:955 Session closed: instance_id=c41beb26-d10b-4516-b589-510b8beb5c46-d449b7955669429e9d05b96cadafcd28 token=1 — running cleanup
2026-08-19T03:25:55.742405+00:00   INFO pegaflow_server::service: service.rs:59 Session cleanup (stream closed): dropped 72 device tensors for instance c41beb26-d10b-4516-b589-510b8beb5c46-d449b7955669429e9d05b96cadafcd28
2026-08-19T03:25:55.742673+00:00   INFO pegaflow_core: lib.rs:471 Unregistered instance: c41beb26-d10b-4516-b589-510b8beb5c46-d449b7955669429e9d05b96cadafcd28
2026-08-19T03:25:56.470039+00:00   INFO pegaflow_server::service: service.rs:955 Session closed: instance_id=62e7afe4-9d01-4200-968c-748baec7354e-f941f409a4284cfe975a6c90e0fb8f9a token=3 — running cleanup
2026-08-19T03:25:57.102176+00:00   INFO pegaflow_server::service: service.rs:59 Session cleanup (stream closed): dropped 72 device tensors for instance 62e7afe4-9d01-4200-968c-748baec7354e-f941f409a4284cfe975a6c90e0fb8f9a
2026-08-19T03:25:57.102436+00:00   INFO pegaflow_core: lib.rs:471 Unregistered instance: 62e7afe4-9d01-4200-968c-748baec7354e-f941f409a4284cfe975a6c90e0fb8f9a
2026-08-19T03:25:57.635711+00:00   INFO pegaflow_server::service: service.rs:955 Session closed: instance_id=26a6a4da-520a-4d01-9c45-c1ae0b95ce13-769aaa4b4aad47e5bea16424ba856f75 token=4 — running cleanup
2026-08-19T03:25:58.353829+00:00   INFO pegaflow_server::service: service.rs:59 Session cleanup (stream closed): dropped 72 device tensors for instance 26a6a4da-520a-4d01-9c45-c1ae0b95ce13-769aaa4b4aad47e5bea16424ba856f75
2026-08-19T03:25:58.354083+00:00   INFO pegaflow_core: lib.rs:471 Unregistered instance: 26a6a4da-520a-4d01-9c45-c1ae0b95ce13-769aaa4b4aad47e5bea16424ba856f75
2026-08-19T03:25:58.952060+00:00   INFO pegaflow_server::service: service.rs:955 Session closed: instance_id=fdf5fa51-86e6-4c99-bbad-d0f4e752a820-6409955661644159b29df2cf17f77ee8 token=5 — running cleanup
2026-08-19T03:25:59.616059+00:00   INFO pegaflow_server::service: service.rs:59 Session cleanup (stream closed): dropped 72 device tensors for instance fdf5fa51-86e6-4c99-bbad-d0f4e752a820-6409955661644159b29df2cf17f77ee8
2026-08-19T03:25:59.616314+00:00   INFO pegaflow_core: lib.rs:471 Unregistered instance: fdf5fa51-86e6-4c99-bbad-d0f4e752a820-6409955661644159b29df2cf17f77ee8
2026-08-19T03:26:00.216163+00:00   INFO pegaflow_server::service: service.rs:955 Session closed: instance_id=39287779-1305-4ba2-981c-72a11b4c2294-2a35ca9fea224923881352cc6fa403d0 token=6 — running cleanup
2026-08-19T03:26:00.944836+00:00   INFO pegaflow_server::service: service.rs:59 Session cleanup (stream closed): dropped 72 device tensors for instance 39287779-1305-4ba2-981c-72a11b4c2294-2a35ca9fea224923881352cc6fa403d0
2026-08-19T03:26:00.945100+00:00   INFO pegaflow_core: lib.rs:471 Unregistered instance: 39287779-1305-4ba2-981c-72a11b4c2294-2a35ca9fea224923881352cc6fa403d0
2026-08-19T03:26:01.432555+00:00   INFO pegaflow_server::service: service.rs:955 Session closed: instance_id=af5be599-2dd2-4d8e-8d5a-f9cb48106ef6-8c77b68b87414fcea9412f35456bc772 token=8 — running cleanup
2026-08-19T03:26:02.119054+00:00   INFO pegaflow_core: lib.rs:471 Unregistered instance: af5be599-2dd2-4d8e-8d5a-f9cb48106ef6-8c77b68b87414fcea9412f35456bc772
2026-08-19T03:26:02.746100+00:00   INFO pegaflow_server::service: service.rs:955 Session closed: instance_id=2f4fa619-f64b-4f37-ae97-0da099a9ecdd-4807687f6a274af19893e0c074d01e08 token=7 — running cleanup
2026-08-19T03:26:03.466281+00:00   INFO pegaflow_server::service: service.rs:59 Session cleanup (stream closed): dropped 72 device tensors for instance 2f4fa619-f64b-4f37-ae97-0da099a9ecdd-4807687f6a274af19893e0c074d01e08
2026-08-19T03:26:03.466543+00:00   INFO pegaflow_core: lib.rs:471 Unregistered instance: 2f4fa619-f64b-4f37-ae97-0da099a9ecdd-4807687f6a274af19893e0c074d01e08
