2026-08-19T03:42:57.246935+00:00   INFO pegaflow_server: lib.rs:480 Starting pega-engine-server v0.23.3
2026-08-19T03:42:58.091040+00:00   INFO pegaflow_server: lib.rs:319 Ascend ACL runtime initialized, device 0 set as current
2026-08-19T03:42:58.091223+00:00   INFO pegaflow_server::check_ascend_version: check_ascend_version.rs:40 Ascend preflight: minimum required version 1.16.0
2026-08-19T03:42:58.091292+00:00   INFO pegaflow_server::check_ascend_version: check_ascend_version.rs:52 Ascend preflight: runtime version 1.17.0 detected
2026-08-19T03:42:58.091327+00:00   INFO pegaflow_server: lib.rs:498 Using specified device(s): [0, 1, 2, 3, 4, 5, 6, 7]
2026-08-19T03:43:07.082406+00:00   INFO pegaflow_server: lib.rs:397 Initialized context for device 0 in 0.01s
2026-08-19T03:43:07.830350+00:00   INFO pegaflow_server: lib.rs:397 Initialized context for device 1 in 0.75s
2026-08-19T03:43:08.580881+00:00   INFO pegaflow_server: lib.rs:397 Initialized context for device 2 in 0.75s
2026-08-19T03:43:09.346618+00:00   INFO pegaflow_server: lib.rs:397 Initialized context for device 3 in 0.77s
2026-08-19T03:43:10.112242+00:00   INFO pegaflow_server: lib.rs:397 Initialized context for device 4 in 0.77s
2026-08-19T03:43:10.865413+00:00   INFO pegaflow_server: lib.rs:397 Initialized context for device 5 in 0.75s
2026-08-19T03:43:11.709211+00:00   INFO pegaflow_server: lib.rs:397 Initialized context for device 6 in 0.84s
2026-08-19T03:43:12.457916+00:00   INFO pegaflow_server: lib.rs:397 Initialized context for device 7 in 0.75s
2026-08-19T03:43:12.458129+00:00   INFO pegaflow_server: lib.rs:507 Device runtime initialized for 8 device(s): [0, 1, 2, 3, 4, 5, 6, 7]
2026-08-19T03:43:12.458452+00:00   INFO pegaflow_server: lib.rs:528 Creating PegaEngine with pinned memory pool: 16.00 GiB (17179869184 bytes), hugepages=false
2026-08-19T03:43:12.484944+00:00   INFO pegaflow_server: lib.rs:446 Prometheus metrics exporter enabled
2026-08-19T03:43:12.485327+00:00   INFO opentelemetry: metrics.rs:29  name="MeterProvider.GlobalSet" message=Global meter provider is set. Meters can now be created using global::meter() or global::meter_with_scope().
2026-08-19T03:43:17.880940+00:00   INFO pegaflow_common::numa: numa.rs:650 === Device-NUMA Topology ===
2026-08-19T03:43:17.881061+00:00   INFO pegaflow_common::numa: numa.rs:651 NUMA nodes: 8
2026-08-19T03:43:17.881099+00:00   INFO pegaflow_common::numa: numa.rs:659   Device 0 -> NUMA6
2026-08-19T03:43:17.881123+00:00   INFO pegaflow_common::numa: numa.rs:659   Device 1 -> NUMA0
2026-08-19T03:43:17.881143+00:00   INFO pegaflow_common::numa: numa.rs:659   Device 2 -> NUMA6
2026-08-19T03:43:17.881162+00:00   INFO pegaflow_common::numa: numa.rs:659   Device 3 -> NUMA0
2026-08-19T03:43:17.881181+00:00   INFO pegaflow_common::numa: numa.rs:659   Device 4 -> NUMA4
2026-08-19T03:43:17.881199+00:00   INFO pegaflow_common::numa: numa.rs:659   Device 5 -> NUMA2
2026-08-19T03:43:17.881217+00:00   INFO pegaflow_common::numa: numa.rs:659   Device 6 -> NUMA4
2026-08-19T03:43:17.881236+00:00   INFO pegaflow_common::numa: numa.rs:659   Device 7 -> NUMA2
2026-08-19T03:43:17.881286+00:00   INFO pegaflow_core: lib.rs:163 Auto-enabling NUMA-aware memory allocation for 4 GPU-local NUMA nodes (8 CPU NUMA nodes detected)
2026-08-19T03:43:17.881310+00:00   INFO pegaflow_core::storage: mod.rs:150 Creating NUMA-aware pinned pools for 4 nodes
2026-08-19T03:43:17.881339+00:00   INFO pegaflow_core::pinned_pool: pinned_pool.rs:547 Creating NUMA-aware pools: total=16.0 GiB, nodes=4, per_node=4.0 GiB, shards_per_node=1
2026-08-19T03:43:17.882859+00:00   INFO pegaflow_core::pinned_pool: pinned_pool.rs:203 Allocating pinned memory pool with aclrtMallocHost mapped pages
2026-08-19T03:43:17.883051+00:00   INFO pegaflow_core::pinned_pool: pinned_pool.rs:262 Ascend pinned pool on NUMA node NUMA0 → using device 3
2026-08-19T03:43:18.054522+00:00   INFO pegaflow_core::pinned_pool: pinned_pool.rs:213 Pinned pool: backing_size=4.0 GiB, unit_size=512 B, max_units=8388608, allocatable_size=4.0 GiB
2026-08-19T03:43:18.398406+00:00   INFO pegaflow_core::pinned_pool: pinned_pool.rs:580 Created pinned pool on NUMA0: capacity=4.0 GiB
2026-08-19T03:43:18.399451+00:00   INFO pegaflow_core::pinned_pool: pinned_pool.rs:203 Allocating pinned memory pool with aclrtMallocHost mapped pages
2026-08-19T03:43:18.399581+00:00   INFO pegaflow_core::pinned_pool: pinned_pool.rs:262 Ascend pinned pool on NUMA node NUMA2 → using device 5
2026-08-19T03:43:18.569726+00:00   INFO pegaflow_core::pinned_pool: pinned_pool.rs:213 Pinned pool: backing_size=4.0 GiB, unit_size=512 B, max_units=8388608, allocatable_size=4.0 GiB
2026-08-19T03:43:18.907805+00:00   INFO pegaflow_core::pinned_pool: pinned_pool.rs:580 Created pinned pool on NUMA2: capacity=4.0 GiB
2026-08-19T03:43:18.908757+00:00   INFO pegaflow_core::pinned_pool: pinned_pool.rs:203 Allocating pinned memory pool with aclrtMallocHost mapped pages
2026-08-19T03:43:18.908956+00:00   INFO pegaflow_core::pinned_pool: pinned_pool.rs:262 Ascend pinned pool on NUMA node NUMA4 → using device 4
2026-08-19T03:43:19.078427+00:00   INFO pegaflow_core::pinned_pool: pinned_pool.rs:213 Pinned pool: backing_size=4.0 GiB, unit_size=512 B, max_units=8388608, allocatable_size=4.0 GiB
2026-08-19T03:43:19.417634+00:00   INFO pegaflow_core::pinned_pool: pinned_pool.rs:580 Created pinned pool on NUMA4: capacity=4.0 GiB
2026-08-19T03:43:19.418565+00:00   INFO pegaflow_core::pinned_pool: pinned_pool.rs:203 Allocating pinned memory pool with aclrtMallocHost mapped pages
2026-08-19T03:43:19.418748+00:00   INFO pegaflow_core::pinned_pool: pinned_pool.rs:262 Ascend pinned pool on NUMA node NUMA6 → using device 0
2026-08-19T03:43:19.583346+00:00   INFO pegaflow_core::pinned_pool: pinned_pool.rs:213 Pinned pool: backing_size=4.0 GiB, unit_size=512 B, max_units=8388608, allocatable_size=4.0 GiB
2026-08-19T03:43:19.921463+00:00   INFO pegaflow_core::pinned_pool: pinned_pool.rs:580 Created pinned pool on NUMA6: capacity=4.0 GiB
2026-08-19T03:43:19.922196+00:00   INFO pegaflow_server: lib.rs:688 Background GC task started (interval=60s, inflight_max_age=5m, failed_remote_max_age=5m)
2026-08-19T03:43:19.922580+00:00   INFO pegaflow_server::http_server: http_server.rs:187 Starting HTTP server on 0.0.0.0:9091 (/health, /metrics, /instances, /instances/cleanup, /cache/memory/cleanup)
2026-08-19T03:43:19.922704+00:00   INFO pegaflow_server: lib.rs:716 PegaEngine gRPC server listening on 0.0.0.0:50080
2026-08-19T03:45:22.104575+00:00   INFO pegaflow_server::registry: registry.rs:217 IPC import timing: device_id=5 size_bytes=533725184 import_ms=11.98 (perf-t1)
2026-08-19T03:45:22.110110+00:00   INFO pegaflow_server::registry: registry.rs:217 IPC import timing: device_id=5 size_bytes=533725184 import_ms=3.28 (perf-t1)
2026-08-19T03:45:22.113863+00:00   INFO pegaflow_server::registry: registry.rs:217 IPC import timing: device_id=5 size_bytes=533725184 import_ms=3.05 (perf-t1)
2026-08-19T03:45:22.117584+00:00   INFO pegaflow_server::registry: registry.rs:217 IPC import timing: device_id=5 size_bytes=533725184 import_ms=3.09 (perf-t1)
2026-08-19T03:45:22.121391+00:00   INFO pegaflow_server::registry: registry.rs:217 IPC import timing: device_id=5 size_bytes=533725184 import_ms=3.08 (perf-t1)
2026-08-19T03:45:22.125094+00:00   INFO pegaflow_server::registry: registry.rs:217 IPC import timing: device_id=5 size_bytes=533725184 import_ms=3.10 (perf-t1)
2026-08-19T03:45:22.128722+00:00   INFO pegaflow_server::registry: registry.rs:217 IPC import timing: device_id=5 size_bytes=533725184 import_ms=3.01 (perf-t1)
2026-08-19T03:45:22.132379+00:00   INFO pegaflow_server::registry: registry.rs:217 IPC import timing: device_id=5 size_bytes=533725184 import_ms=3.04 (perf-t1)
2026-08-19T03:45:22.135911+00:00   INFO pegaflow_server::registry: registry.rs:217 IPC import timing: device_id=5 size_bytes=533725184 import_ms=2.99 (perf-t1)
2026-08-19T03:45:22.139542+00:00   INFO pegaflow_server::registry: registry.rs:217 IPC import timing: device_id=5 size_bytes=533725184 import_ms=3.03 (perf-t1)
2026-08-19T03:45:22.143655+00:00   INFO pegaflow_server::registry: registry.rs:217 IPC import timing: device_id=5 size_bytes=533725184 import_ms=3.45 (perf-t1)
2026-08-19T03:45:22.147275+00:00   INFO pegaflow_server::registry: registry.rs:217 IPC import timing: device_id=5 size_bytes=533725184 import_ms=3.01 (perf-t1)
2026-08-19T03:45:22.151093+00:00   INFO pegaflow_server::registry: registry.rs:217 IPC import timing: device_id=5 size_bytes=533725184 import_ms=3.21 (perf-t1)
2026-08-19T03:45:22.154791+00:00   INFO pegaflow_server::registry: registry.rs:217 IPC import timing: device_id=5 size_bytes=533725184 import_ms=3.05 (perf-t1)
2026-08-19T03:45:22.158417+00:00   INFO pegaflow_server::registry: registry.rs:217 IPC import timing: device_id=5 size_bytes=533725184 import_ms=3.02 (perf-t1)
2026-08-19T03:45:22.164636+00:00   INFO pegaflow_server::registry: registry.rs:217 IPC import timing: device_id=5 size_bytes=533725184 import_ms=5.47 (perf-t1)
2026-08-19T03:45:22.176508+00:00   INFO pegaflow_server::registry: registry.rs:217 IPC import timing: device_id=5 size_bytes=533725184 import_ms=11.20 (perf-t1)
2026-08-19T03:45:22.180116+00:00   INFO pegaflow_server::registry: registry.rs:217 IPC import timing: device_id=5 size_bytes=533725184 import_ms=2.97 (perf-t1)
2026-08-19T03:45:22.183707+00:00   INFO pegaflow_server::registry: registry.rs:217 IPC import timing: device_id=5 size_bytes=533725184 import_ms=2.98 (perf-t1)
2026-08-19T03:45:22.187300+00:00   INFO pegaflow_server::registry: registry.rs:217 IPC import timing: device_id=5 size_bytes=533725184 import_ms=2.94 (perf-t1)
2026-08-19T03:45:22.190890+00:00   INFO pegaflow_server::registry: registry.rs:217 IPC import timing: device_id=5 size_bytes=533725184 import_ms=2.98 (perf-t1)
2026-08-19T03:45:22.196765+00:00   INFO pegaflow_server::registry: registry.rs:217 IPC import timing: device_id=5 size_bytes=533725184 import_ms=5.21 (perf-t1)
2026-08-19T03:45:22.200617+00:00   INFO pegaflow_server::registry: registry.rs:217 IPC import timing: device_id=5 size_bytes=533725184 import_ms=3.13 (perf-t1)
2026-08-19T03:45:22.204269+00:00   INFO pegaflow_server::registry: registry.rs:217 IPC import timing: device_id=5 size_bytes=533725184 import_ms=3.03 (perf-t1)
2026-08-19T03:45:22.207902+00:00   INFO pegaflow_server::registry: registry.rs:217 IPC import timing: device_id=5 size_bytes=533725184 import_ms=3.01 (perf-t1)
2026-08-19T03:45:22.212087+00:00   INFO pegaflow_server::registry: registry.rs:217 IPC import timing: device_id=5 size_bytes=533725184 import_ms=3.48 (perf-t1)
2026-08-19T03:45:22.217329+00:00   INFO pegaflow_server::registry: registry.rs:217 IPC import timing: device_id=5 size_bytes=533725184 import_ms=4.59 (perf-t1)
2026-08-19T03:45:22.221169+00:00   INFO pegaflow_server::registry: registry.rs:217 IPC import timing: device_id=5 size_bytes=533725184 import_ms=3.21 (perf-t1)
2026-08-19T03:45:22.224822+00:00   INFO pegaflow_server::registry: registry.rs:217 IPC import timing: device_id=5 size_bytes=533725184 import_ms=2.93 (perf-t1)
2026-08-19T03:45:22.229784+00:00   INFO pegaflow_server::registry: registry.rs:217 IPC import timing: device_id=5 size_bytes=533725184 import_ms=4.13 (perf-t1)
2026-08-19T03:45:22.233617+00:00   INFO pegaflow_server::registry: registry.rs:217 IPC import timing: device_id=5 size_bytes=533725184 import_ms=3.18 (perf-t1)
2026-08-19T03:45:22.237405+00:00   INFO pegaflow_server::registry: registry.rs:217 IPC import timing: device_id=5 size_bytes=533725184 import_ms=2.98 (perf-t1)
2026-08-19T03:45:22.241109+00:00   INFO pegaflow_server::registry: registry.rs:217 IPC import timing: device_id=5 size_bytes=533725184 import_ms=3.07 (perf-t1)
2026-08-19T03:45:22.246916+00:00   INFO pegaflow_server::registry: registry.rs:217 IPC import timing: device_id=5 size_bytes=533725184 import_ms=5.18 (perf-t1)
2026-08-19T03:45:22.250748+00:00   INFO pegaflow_server::registry: registry.rs:217 IPC import timing: device_id=5 size_bytes=533725184 import_ms=3.07 (perf-t1)
2026-08-19T03:45:22.254282+00:00   INFO pegaflow_server::registry: registry.rs:217 IPC import timing: device_id=5 size_bytes=533725184 import_ms=2.93 (perf-t1)
2026-08-19T03:45:22.257805+00:00   INFO pegaflow_server::registry: registry.rs:217 IPC import timing: device_id=5 size_bytes=533725184 import_ms=2.93 (perf-t1)
2026-08-19T03:45:22.261413+00:00   INFO pegaflow_server::registry: registry.rs:217 IPC import timing: device_id=5 size_bytes=533725184 import_ms=2.92 (perf-t1)
2026-08-19T03:45:22.268142+00:00   INFO pegaflow_server::registry: registry.rs:217 IPC import timing: device_id=5 size_bytes=533725184 import_ms=6.12 (perf-t1)
2026-08-19T03:45:22.271950+00:00   INFO pegaflow_server::registry: registry.rs:217 IPC import timing: device_id=5 size_bytes=533725184 import_ms=3.14 (perf-t1)
2026-08-19T03:45:22.275707+00:00   INFO pegaflow_server::registry: registry.rs:217 IPC import timing: device_id=5 size_bytes=533725184 import_ms=3.05 (perf-t1)
2026-08-19T03:45:22.280026+00:00   INFO pegaflow_server::registry: registry.rs:217 IPC import timing: device_id=5 size_bytes=533725184 import_ms=3.11 (perf-t1)
2026-08-19T03:45:22.283840+00:00   INFO pegaflow_server::registry: registry.rs:217 IPC import timing: device_id=5 size_bytes=533725184 import_ms=3.04 (perf-t1)
2026-08-19T03:45:22.287975+00:00   INFO pegaflow_server::registry: registry.rs:217 IPC import timing: device_id=5 size_bytes=533725184 import_ms=3.25 (perf-t1)
2026-08-19T03:45:22.291671+00:00   INFO pegaflow_server::registry: registry.rs:217 IPC import timing: device_id=5 size_bytes=533725184 import_ms=2.91 (perf-t1)
2026-08-19T03:45:22.296585+00:00   INFO pegaflow_server::registry: registry.rs:217 IPC import timing: device_id=5 size_bytes=533725184 import_ms=4.28 (perf-t1)
2026-08-19T03:45:22.300675+00:00   INFO pegaflow_server::registry: registry.rs:217 IPC import timing: device_id=5 size_bytes=533725184 import_ms=3.32 (perf-t1)
2026-08-19T03:45:22.304389+00:00   INFO pegaflow_server::registry: registry.rs:217 IPC import timing: device_id=5 size_bytes=533725184 import_ms=3.07 (perf-t1)
2026-08-19T03:45:22.308238+00:00   INFO pegaflow_server::registry: registry.rs:217 IPC import timing: device_id=5 size_bytes=533725184 import_ms=3.19 (perf-t1)
2026-08-19T03:45:22.312108+00:00   INFO pegaflow_server::registry: registry.rs:217 IPC import timing: device_id=5 size_bytes=533725184 import_ms=3.05 (perf-t1)
2026-08-19T03:45:22.315798+00:00   INFO pegaflow_server::registry: registry.rs:217 IPC import timing: device_id=5 size_bytes=533725184 import_ms=2.99 (perf-t1)
2026-08-19T03:45:22.319556+00:00   INFO pegaflow_server::registry: registry.rs:217 IPC import timing: device_id=5 size_bytes=533725184 import_ms=3.00 (perf-t1)
2026-08-19T03:45:22.323559+00:00   INFO pegaflow_server::registry: registry.rs:217 IPC import timing: device_id=5 size_bytes=533725184 import_ms=3.23 (perf-t1)
2026-08-19T03:45:22.329202+00:00   INFO pegaflow_server::registry: registry.rs:217 IPC import timing: device_id=5 size_bytes=533725184 import_ms=4.97 (perf-t1)
2026-08-19T03:45:22.335519+00:00   INFO pegaflow_server::registry: registry.rs:217 IPC import timing: device_id=5 size_bytes=533725184 import_ms=5.30 (perf-t1)
2026-08-19T03:45:22.339652+00:00   INFO pegaflow_server::registry: registry.rs:217 IPC import timing: device_id=5 size_bytes=533725184 import_ms=3.15 (perf-t1)
2026-08-19T03:45:22.343535+00:00   INFO pegaflow_server::registry: registry.rs:217 IPC import timing: device_id=5 size_bytes=533725184 import_ms=3.09 (perf-t1)
2026-08-19T03:45:22.347540+00:00   INFO pegaflow_server::registry: registry.rs:217 IPC import timing: device_id=5 size_bytes=533725184 import_ms=2.98 (perf-t1)
2026-08-19T03:45:22.352013+00:00   INFO pegaflow_server::registry: registry.rs:217 IPC import timing: device_id=5 size_bytes=533725184 import_ms=3.62 (perf-t1)
2026-08-19T03:45:22.355800+00:00   INFO pegaflow_server::registry: registry.rs:217 IPC import timing: device_id=5 size_bytes=533725184 import_ms=3.00 (perf-t1)
2026-08-19T03:45:22.359669+00:00   INFO pegaflow_server::registry: registry.rs:217 IPC import timing: device_id=5 size_bytes=533725184 import_ms=3.08 (perf-t1)
2026-08-19T03:45:22.365651+00:00   INFO pegaflow_server::registry: registry.rs:217 IPC import timing: device_id=5 size_bytes=533725184 import_ms=5.13 (perf-t1)
2026-08-19T03:45:22.370542+00:00   INFO pegaflow_server::registry: registry.rs:217 IPC import timing: device_id=5 size_bytes=533725184 import_ms=4.03 (perf-t1)
2026-08-19T03:45:22.374362+00:00   INFO pegaflow_server::registry: registry.rs:217 IPC import timing: device_id=5 size_bytes=533725184 import_ms=3.09 (perf-t1)
2026-08-19T03:45:22.378087+00:00   INFO pegaflow_server::registry: registry.rs:217 IPC import timing: device_id=5 size_bytes=533725184 import_ms=2.99 (perf-t1)
2026-08-19T03:45:22.381949+00:00   INFO pegaflow_server::registry: registry.rs:217 IPC import timing: device_id=5 size_bytes=533725184 import_ms=3.09 (perf-t1)
2026-08-19T03:45:22.385682+00:00   INFO pegaflow_server::registry: registry.rs:217 IPC import timing: device_id=5 size_bytes=533725184 import_ms=3.01 (perf-t1)
2026-08-19T03:45:22.389487+00:00   INFO pegaflow_server::registry: registry.rs:217 IPC import timing: device_id=5 size_bytes=533725184 import_ms=3.09 (perf-t1)
2026-08-19T03:45:22.393240+00:00   INFO pegaflow_server::registry: registry.rs:217 IPC import timing: device_id=5 size_bytes=533725184 import_ms=2.97 (perf-t1)
2026-08-19T03:45:22.397582+00:00   INFO pegaflow_server::registry: registry.rs:217 IPC import timing: device_id=5 size_bytes=533725184 import_ms=3.65 (perf-t1)
2026-08-19T03:45:22.401370+00:00   INFO pegaflow_server::registry: registry.rs:217 IPC import timing: device_id=5 size_bytes=533725184 import_ms=3.06 (perf-t1)
2026-08-19T03:45:22.405301+00:00   INFO pegaflow_server::registry: registry.rs:217 IPC import timing: device_id=5 size_bytes=533725184 import_ms=3.04 (perf-t1)
2026-08-19T03:45:22.409187+00:00   INFO pegaflow_core::gpu_worker: gpu_worker.rs:338 GPU worker initialized: device=5 backend=ascend_batch device_id=5
2026-08-19T03:45:22.409348+00:00   INFO pegaflow_core::gpu_worker: gpu_worker.rs:338 GPU worker initialized: device=5 backend=ascend_batch device_id=5
2026-08-19T03:45:22.409591+00:00   INFO pegaflow_core::gpu_worker: gpu_worker.rs:200 GPU worker pool started: device=5, numa_node=NUMA2, transfer_mode=AscendDirect
2026-08-19T03:45:22.410307+00:00   INFO pegaflow_core::instance: instance.rs:706 Sealed instance topology: instance=05a31bef-300b-4a52-8d58-1d4db328d087-8c8135407276490caef78ba739a4b163, num_layers=72, tp_size=1, world_size=1, total_slots=72
2026-08-19T03:45:22.410358+00:00   INFO pegaflow_core::instance: instance.rs:719 Initialized GPU context: device_id=5, numa_node=NUMA2
2026-08-19T03:45:22.410387+00:00   INFO pegaflow_core: lib.rs:452 Registered context batch: instance=05a31bef-300b-4a52-8d58-1d4db328d087-8c8135407276490caef78ba739a4b163, namespace=perf-t3-h50-iso-c1-5, device=5, layers=72, tp_rank=0/1, pp_rank=0
2026-08-19T03:45:24.500905+00:00   INFO pegaflow_server::registry: registry.rs:217 IPC import timing: device_id=7 size_bytes=533725184 import_ms=39.33 (perf-t1)
2026-08-19T03:45:24.556796+00:00   INFO pegaflow_server::registry: registry.rs:217 IPC import timing: device_id=7 size_bytes=533725184 import_ms=54.79 (perf-t1)
2026-08-19T03:45:24.597088+00:00   INFO pegaflow_server::registry: registry.rs:217 IPC import timing: device_id=7 size_bytes=533725184 import_ms=39.22 (perf-t1)
2026-08-19T03:45:24.647433+00:00   INFO pegaflow_server::registry: registry.rs:217 IPC import timing: device_id=7 size_bytes=533725184 import_ms=49.39 (perf-t1)
2026-08-19T03:45:24.700747+00:00   INFO pegaflow_server::registry: registry.rs:217 IPC import timing: device_id=7 size_bytes=533725184 import_ms=52.32 (perf-t1)
2026-08-19T03:45:24.749011+00:00   INFO pegaflow_server::registry: registry.rs:217 IPC import timing: device_id=7 size_bytes=533725184 import_ms=42.35 (perf-t1)
2026-08-19T03:45:24.797285+00:00   INFO pegaflow_server::registry: registry.rs:217 IPC import timing: device_id=7 size_bytes=533725184 import_ms=47.29 (perf-t1)
2026-08-19T03:45:24.801726+00:00   INFO pegaflow_server::registry: registry.rs:217 IPC import timing: device_id=7 size_bytes=533725184 import_ms=3.46 (perf-t1)
2026-08-19T03:45:24.847210+00:00   INFO pegaflow_server::registry: registry.rs:217 IPC import timing: device_id=7 size_bytes=533725184 import_ms=44.64 (perf-t1)
2026-08-19T03:45:24.892825+00:00   INFO pegaflow_server::registry: registry.rs:217 IPC import timing: device_id=7 size_bytes=533725184 import_ms=44.51 (perf-t1)
2026-08-19T03:45:24.940873+00:00   INFO pegaflow_server::registry: registry.rs:217 IPC import timing: device_id=7 size_bytes=533725184 import_ms=47.04 (perf-t1)
2026-08-19T03:45:24.945314+00:00   INFO pegaflow_server::registry: registry.rs:217 IPC import timing: device_id=7 size_bytes=533725184 import_ms=3.28 (perf-t1)
2026-08-19T03:45:24.989164+00:00   INFO pegaflow_server::registry: registry.rs:217 IPC import timing: device_id=7 size_bytes=533725184 import_ms=43.11 (perf-t1)
2026-08-19T03:45:25.048264+00:00   INFO pegaflow_server::registry: registry.rs:217 IPC import timing: device_id=7 size_bytes=533725184 import_ms=58.04 (perf-t1)
2026-08-19T03:45:25.052917+00:00   INFO pegaflow_server::registry: registry.rs:217 IPC import timing: device_id=7 size_bytes=533725184 import_ms=3.50 (perf-t1)
2026-08-19T03:45:25.101150+00:00   INFO pegaflow_server::registry: registry.rs:217 IPC import timing: device_id=7 size_bytes=533725184 import_ms=47.46 (perf-t1)
2026-08-19T03:45:25.105522+00:00   INFO pegaflow_server::registry: registry.rs:217 IPC import timing: device_id=7 size_bytes=533725184 import_ms=3.29 (perf-t1)
2026-08-19T03:45:25.148871+00:00   INFO pegaflow_server::registry: registry.rs:217 IPC import timing: device_id=7 size_bytes=533725184 import_ms=42.49 (perf-t1)
2026-08-19T03:45:25.153248+00:00   INFO pegaflow_server::registry: registry.rs:217 IPC import timing: device_id=7 size_bytes=533725184 import_ms=3.31 (perf-t1)
2026-08-19T03:45:25.192890+00:00   INFO pegaflow_server::registry: registry.rs:217 IPC import timing: device_id=7 size_bytes=533725184 import_ms=38.87 (perf-t1)
2026-08-19T03:45:25.197392+00:00   INFO pegaflow_server::registry: registry.rs:217 IPC import timing: device_id=7 size_bytes=533725184 import_ms=3.33 (perf-t1)
2026-08-19T03:45:25.254444+00:00   INFO pegaflow_server::registry: registry.rs:217 IPC import timing: device_id=7 size_bytes=533725184 import_ms=56.28 (perf-t1)
2026-08-19T03:45:25.302135+00:00   INFO pegaflow_server::registry: registry.rs:217 IPC import timing: device_id=7 size_bytes=533725184 import_ms=46.62 (perf-t1)
2026-08-19T03:45:25.306691+00:00   INFO pegaflow_server::registry: registry.rs:217 IPC import timing: device_id=7 size_bytes=533725184 import_ms=3.39 (perf-t1)
2026-08-19T03:45:25.349932+00:00   INFO pegaflow_server::registry: registry.rs:217 IPC import timing: device_id=7 size_bytes=533725184 import_ms=42.44 (perf-t1)
2026-08-19T03:45:25.354452+00:00   INFO pegaflow_server::registry: registry.rs:217 IPC import timing: device_id=7 size_bytes=533725184 import_ms=3.45 (perf-t1)
2026-08-19T03:45:25.393831+00:00   INFO pegaflow_server::registry: registry.rs:217 IPC import timing: device_id=7 size_bytes=533725184 import_ms=38.51 (perf-t1)
2026-08-19T03:45:25.398746+00:00   INFO pegaflow_server::registry: registry.rs:217 IPC import timing: device_id=7 size_bytes=533725184 import_ms=3.89 (perf-t1)
2026-08-19T03:45:25.402994+00:00   INFO pegaflow_server::registry: registry.rs:217 IPC import timing: device_id=7 size_bytes=533725184 import_ms=3.50 (perf-t1)
2026-08-19T03:45:25.451809+00:00   INFO pegaflow_server::registry: registry.rs:217 IPC import timing: device_id=7 size_bytes=533725184 import_ms=47.86 (perf-t1)
2026-08-19T03:45:25.498033+00:00   INFO pegaflow_server::registry: registry.rs:217 IPC import timing: device_id=7 size_bytes=533725184 import_ms=45.14 (perf-t1)
2026-08-19T03:45:25.502512+00:00   INFO pegaflow_server::registry: registry.rs:217 IPC import timing: device_id=7 size_bytes=533725184 import_ms=3.39 (perf-t1)
2026-08-19T03:45:25.556958+00:00   INFO pegaflow_server::registry: registry.rs:217 IPC import timing: device_id=7 size_bytes=533725184 import_ms=53.58 (perf-t1)
2026-08-19T03:45:25.593613+00:00   INFO pegaflow_server::registry: registry.rs:217 IPC import timing: device_id=7 size_bytes=533725184 import_ms=35.58 (perf-t1)
2026-08-19T03:45:25.598112+00:00   INFO pegaflow_server::registry: registry.rs:217 IPC import timing: device_id=7 size_bytes=533725184 import_ms=3.47 (perf-t1)
2026-08-19T03:45:25.637939+00:00   INFO pegaflow_server::registry: registry.rs:217 IPC import timing: device_id=7 size_bytes=533725184 import_ms=38.95 (perf-t1)
2026-08-19T03:45:25.645361+00:00   INFO pegaflow_server::registry: registry.rs:217 IPC import timing: device_id=7 size_bytes=533725184 import_ms=6.39 (perf-t1)
2026-08-19T03:45:25.718574+00:00   INFO pegaflow_server::registry: registry.rs:217 IPC import timing: device_id=7 size_bytes=533725184 import_ms=72.41 (perf-t1)
2026-08-19T03:45:25.766287+00:00   INFO pegaflow_server::registry: registry.rs:217 IPC import timing: device_id=7 size_bytes=533725184 import_ms=46.62 (perf-t1)
2026-08-19T03:45:25.814097+00:00   INFO pegaflow_server::registry: registry.rs:217 IPC import timing: device_id=7 size_bytes=533725184 import_ms=46.72 (perf-t1)
2026-08-19T03:45:25.862240+00:00   INFO pegaflow_server::registry: registry.rs:217 IPC import timing: device_id=7 size_bytes=533725184 import_ms=47.07 (perf-t1)
2026-08-19T03:45:25.910352+00:00   INFO pegaflow_server::registry: registry.rs:217 IPC import timing: device_id=7 size_bytes=533725184 import_ms=46.99 (perf-t1)
2026-08-19T03:45:25.958037+00:00   INFO pegaflow_server::registry: registry.rs:217 IPC import timing: device_id=7 size_bytes=533725184 import_ms=46.75 (perf-t1)
2026-08-19T03:45:26.013961+00:00   INFO pegaflow_server::registry: registry.rs:217 IPC import timing: device_id=7 size_bytes=533725184 import_ms=54.92 (perf-t1)
2026-08-19T03:45:26.057868+00:00   INFO pegaflow_server::registry: registry.rs:217 IPC import timing: device_id=7 size_bytes=533725184 import_ms=42.76 (perf-t1)
2026-08-19T03:45:26.107293+00:00   INFO pegaflow_server::registry: registry.rs:217 IPC import timing: device_id=7 size_bytes=533725184 import_ms=48.40 (perf-t1)
2026-08-19T03:45:26.153695+00:00   INFO pegaflow_server::registry: registry.rs:217 IPC import timing: device_id=7 size_bytes=533725184 import_ms=45.38 (perf-t1)
2026-08-19T03:45:26.201725+00:00   INFO pegaflow_server::registry: registry.rs:217 IPC import timing: device_id=7 size_bytes=533725184 import_ms=46.92 (perf-t1)
2026-08-19T03:45:26.249730+00:00   INFO pegaflow_server::registry: registry.rs:217 IPC import timing: device_id=7 size_bytes=533725184 import_ms=46.99 (perf-t1)
2026-08-19T03:45:26.297859+00:00   INFO pegaflow_server::registry: registry.rs:217 IPC import timing: device_id=7 size_bytes=533725184 import_ms=47.03 (perf-t1)
2026-08-19T03:45:26.345799+00:00   INFO pegaflow_server::registry: registry.rs:217 IPC import timing: device_id=7 size_bytes=533725184 import_ms=46.91 (perf-t1)
2026-08-19T03:45:26.393725+00:00   INFO pegaflow_server::registry: registry.rs:217 IPC import timing: device_id=7 size_bytes=533725184 import_ms=46.83 (perf-t1)
2026-08-19T03:45:26.444867+00:00   INFO pegaflow_server::registry: registry.rs:217 IPC import timing: device_id=7 size_bytes=533725184 import_ms=50.16 (perf-t1)
2026-08-19T03:45:26.534339+00:00   INFO pegaflow_server::registry: registry.rs:217 IPC import timing: device_id=7 size_bytes=533725184 import_ms=88.35 (perf-t1)
2026-08-19T03:45:26.629817+00:00   INFO pegaflow_server::registry: registry.rs:217 IPC import timing: device_id=7 size_bytes=533725184 import_ms=94.42 (perf-t1)
2026-08-19T03:45:26.722101+00:00   INFO pegaflow_server::registry: registry.rs:217 IPC import timing: device_id=7 size_bytes=533725184 import_ms=91.25 (perf-t1)
2026-08-19T03:45:26.814961+00:00   INFO pegaflow_server::registry: registry.rs:217 IPC import timing: device_id=7 size_bytes=533725184 import_ms=91.86 (perf-t1)
2026-08-19T03:45:26.861882+00:00   INFO pegaflow_server::registry: registry.rs:217 IPC import timing: device_id=7 size_bytes=533725184 import_ms=45.70 (perf-t1)
2026-08-19T03:45:26.909738+00:00   INFO pegaflow_server::registry: registry.rs:217 IPC import timing: device_id=7 size_bytes=533725184 import_ms=46.86 (perf-t1)
2026-08-19T03:45:26.967022+00:00   INFO pegaflow_server::registry: registry.rs:217 IPC import timing: device_id=7 size_bytes=533725184 import_ms=56.37 (perf-t1)
2026-08-19T03:45:27.026070+00:00   INFO pegaflow_server::registry: registry.rs:217 IPC import timing: device_id=7 size_bytes=533725184 import_ms=58.01 (perf-t1)
2026-08-19T03:45:27.078435+00:00   INFO pegaflow_server::registry: registry.rs:217 IPC import timing: device_id=7 size_bytes=533725184 import_ms=51.73 (perf-t1)
2026-08-19T03:45:27.126153+00:00   INFO pegaflow_server::registry: registry.rs:217 IPC import timing: device_id=7 size_bytes=533725184 import_ms=47.15 (perf-t1)
2026-08-19T03:45:27.173825+00:00   INFO pegaflow_server::registry: registry.rs:217 IPC import timing: device_id=7 size_bytes=533725184 import_ms=47.02 (perf-t1)
2026-08-19T03:45:27.224472+00:00   INFO pegaflow_server::registry: registry.rs:217 IPC import timing: device_id=7 size_bytes=533725184 import_ms=50.07 (perf-t1)
2026-08-19T03:45:27.270952+00:00   INFO pegaflow_server::registry: registry.rs:217 IPC import timing: device_id=7 size_bytes=533725184 import_ms=45.93 (perf-t1)
2026-08-19T03:45:27.323372+00:00   INFO pegaflow_server::registry: registry.rs:217 IPC import timing: device_id=7 size_bytes=533725184 import_ms=51.82 (perf-t1)
2026-08-19T03:45:27.372108+00:00   INFO pegaflow_server::registry: registry.rs:217 IPC import timing: device_id=7 size_bytes=533725184 import_ms=48.13 (perf-t1)
2026-08-19T03:45:27.421658+00:00   INFO pegaflow_server::registry: registry.rs:217 IPC import timing: device_id=7 size_bytes=533725184 import_ms=48.94 (perf-t1)
2026-08-19T03:45:27.471435+00:00   INFO pegaflow_server::registry: registry.rs:217 IPC import timing: device_id=7 size_bytes=533725184 import_ms=49.12 (perf-t1)
2026-08-19T03:45:27.519536+00:00   INFO pegaflow_server::registry: registry.rs:217 IPC import timing: device_id=7 size_bytes=533725184 import_ms=47.57 (perf-t1)
2026-08-19T03:45:27.567568+00:00   INFO pegaflow_server::registry: registry.rs:217 IPC import timing: device_id=7 size_bytes=533725184 import_ms=47.45 (perf-t1)
2026-08-19T03:45:27.614568+00:00   INFO pegaflow_core::gpu_worker: gpu_worker.rs:338 GPU worker initialized: device=7 backend=ascend_batch device_id=7
2026-08-19T03:45:27.614806+00:00   INFO pegaflow_core::gpu_worker: gpu_worker.rs:338 GPU worker initialized: device=7 backend=ascend_batch device_id=7
2026-08-19T03:45:27.614961+00:00   INFO pegaflow_core::gpu_worker: gpu_worker.rs:200 GPU worker pool started: device=7, numa_node=NUMA2, transfer_mode=AscendDirect
2026-08-19T03:45:27.615630+00:00   INFO pegaflow_core::instance: instance.rs:706 Sealed instance topology: instance=62d38658-66e4-41ab-8819-78f2c147dca9-6aacd4a8150d45c594abb6dc7b8390ec, num_layers=72, tp_size=1, world_size=1, total_slots=72
2026-08-19T03:45:27.615686+00:00   INFO pegaflow_core::instance: instance.rs:719 Initialized GPU context: device_id=7, numa_node=NUMA2
2026-08-19T03:45:27.615717+00:00   INFO pegaflow_core: lib.rs:452 Registered context batch: instance=62d38658-66e4-41ab-8819-78f2c147dca9-6aacd4a8150d45c594abb6dc7b8390ec, namespace=perf-t3-h50-iso-c1-7, device=7, layers=72, tp_rank=0/1, pp_rank=0
2026-08-19T03:45:27.616175+00:00   INFO pegaflow_server::registry: registry.rs:217 IPC import timing: device_id=1 size_bytes=533725184 import_ms=47.78 (perf-t1)
2026-08-19T03:45:27.659791+00:00   INFO pegaflow_server::registry: registry.rs:217 IPC import timing: device_id=1 size_bytes=533725184 import_ms=43.01 (perf-t1)
2026-08-19T03:45:27.707569+00:00   INFO pegaflow_server::registry: registry.rs:217 IPC import timing: device_id=1 size_bytes=533725184 import_ms=47.20 (perf-t1)
2026-08-19T03:45:27.752248+00:00   INFO pegaflow_server::registry: registry.rs:217 IPC import timing: device_id=1 size_bytes=533725184 import_ms=44.07 (perf-t1)
2026-08-19T03:45:27.799508+00:00   INFO pegaflow_server::registry: registry.rs:217 IPC import timing: device_id=1 size_bytes=533725184 import_ms=46.66 (perf-t1)
2026-08-19T03:45:27.847653+00:00   INFO pegaflow_server::registry: registry.rs:217 IPC import timing: device_id=1 size_bytes=533725184 import_ms=47.62 (perf-t1)
2026-08-19T03:45:27.895524+00:00   INFO pegaflow_server::registry: registry.rs:217 IPC import timing: device_id=1 size_bytes=533725184 import_ms=47.30 (perf-t1)
2026-08-19T03:45:27.947566+00:00   INFO pegaflow_server::registry: registry.rs:217 IPC import timing: device_id=1 size_bytes=533725184 import_ms=51.49 (perf-t1)
2026-08-19T03:45:27.996871+00:00   INFO pegaflow_server::registry: registry.rs:217 IPC import timing: device_id=1 size_bytes=533725184 import_ms=48.68 (perf-t1)
2026-08-19T03:45:28.043662+00:00   INFO pegaflow_server::registry: registry.rs:217 IPC import timing: device_id=1 size_bytes=533725184 import_ms=46.20 (perf-t1)
2026-08-19T03:45:28.099571+00:00   INFO pegaflow_server::registry: registry.rs:217 IPC import timing: device_id=1 size_bytes=533725184 import_ms=55.38 (perf-t1)
2026-08-19T03:45:28.103950+00:00   INFO pegaflow_server::registry: registry.rs:217 IPC import timing: device_id=1 size_bytes=533725184 import_ms=3.79 (perf-t1)
2026-08-19T03:45:28.108798+00:00   INFO pegaflow_server::registry: registry.rs:217 IPC import timing: device_id=1 size_bytes=533725184 import_ms=4.28 (perf-t1)
2026-08-19T03:45:28.150006+00:00   INFO pegaflow_server::registry: registry.rs:217 IPC import timing: device_id=1 size_bytes=533725184 import_ms=40.71 (perf-t1)
2026-08-19T03:45:28.153571+00:00   INFO pegaflow_server::registry: registry.rs:217 IPC import timing: device_id=1 size_bytes=533725184 import_ms=3.03 (perf-t1)
2026-08-19T03:45:28.197917+00:00   INFO pegaflow_server::registry: registry.rs:217 IPC import timing: device_id=1 size_bytes=533725184 import_ms=43.78 (perf-t1)
2026-08-19T03:45:28.201418+00:00   INFO pegaflow_server::registry: registry.rs:217 IPC import timing: device_id=1 size_bytes=533725184 import_ms=2.97 (perf-t1)
2026-08-19T03:45:28.247249+00:00   INFO pegaflow_server::registry: registry.rs:217 IPC import timing: device_id=1 size_bytes=533725184 import_ms=45.27 (perf-t1)
2026-08-19T03:45:28.250671+00:00   INFO pegaflow_server::registry: registry.rs:217 IPC import timing: device_id=1 size_bytes=533725184 import_ms=2.87 (perf-t1)
2026-08-19T03:45:28.293808+00:00   INFO pegaflow_server::registry: registry.rs:217 IPC import timing: device_id=1 size_bytes=533725184 import_ms=42.64 (perf-t1)
2026-08-19T03:45:28.297180+00:00   INFO pegaflow_server::registry: registry.rs:217 IPC import timing: device_id=1 size_bytes=533725184 import_ms=2.84 (perf-t1)
2026-08-19T03:45:28.300798+00:00   INFO pegaflow_server::registry: registry.rs:217 IPC import timing: device_id=1 size_bytes=533725184 import_ms=3.08 (perf-t1)
2026-08-19T03:45:28.345888+00:00   INFO pegaflow_server::registry: registry.rs:217 IPC import timing: device_id=1 size_bytes=533725184 import_ms=44.54 (perf-t1)
2026-08-19T03:45:28.349355+00:00   INFO pegaflow_server::registry: registry.rs:217 IPC import timing: device_id=1 size_bytes=533725184 import_ms=2.95 (perf-t1)
2026-08-19T03:45:28.393790+00:00   INFO pegaflow_server::registry: registry.rs:217 IPC import timing: device_id=1 size_bytes=533725184 import_ms=43.90 (perf-t1)
2026-08-19T03:45:28.397555+00:00   INFO pegaflow_server::registry: registry.rs:217 IPC import timing: device_id=1 size_bytes=533725184 import_ms=3.23 (perf-t1)
2026-08-19T03:45:28.446509+00:00   INFO pegaflow_server::registry: registry.rs:217 IPC import timing: device_id=1 size_bytes=533725184 import_ms=48.43 (perf-t1)
2026-08-19T03:45:28.450036+00:00   INFO pegaflow_server::registry: registry.rs:217 IPC import timing: device_id=1 size_bytes=533725184 import_ms=2.96 (perf-t1)
2026-08-19T03:45:28.493912+00:00   INFO pegaflow_server::registry: registry.rs:217 IPC import timing: device_id=1 size_bytes=533725184 import_ms=43.37 (perf-t1)
2026-08-19T03:45:28.498498+00:00   INFO pegaflow_server::registry: registry.rs:217 IPC import timing: device_id=1 size_bytes=533725184 import_ms=4.05 (perf-t1)
2026-08-19T03:45:28.542043+00:00   INFO pegaflow_server::registry: registry.rs:217 IPC import timing: device_id=1 size_bytes=533725184 import_ms=43.01 (perf-t1)
2026-08-19T03:45:28.545400+00:00   INFO pegaflow_server::registry: registry.rs:217 IPC import timing: device_id=1 size_bytes=533725184 import_ms=2.81 (perf-t1)
2026-08-19T03:45:28.548907+00:00   INFO pegaflow_server::registry: registry.rs:217 IPC import timing: device_id=1 size_bytes=533725184 import_ms=2.95 (perf-t1)
2026-08-19T03:45:28.552281+00:00   INFO pegaflow_server::registry: registry.rs:217 IPC import timing: device_id=1 size_bytes=533725184 import_ms=2.83 (perf-t1)
2026-08-19T03:45:28.555718+00:00   INFO pegaflow_server::registry: registry.rs:217 IPC import timing: device_id=1 size_bytes=533725184 import_ms=2.90 (perf-t1)
2026-08-19T03:45:28.559241+00:00   INFO pegaflow_server::registry: registry.rs:217 IPC import timing: device_id=1 size_bytes=533725184 import_ms=2.77 (perf-t1)
2026-08-19T03:45:28.562703+00:00   INFO pegaflow_server::registry: registry.rs:217 IPC import timing: device_id=1 size_bytes=533725184 import_ms=2.91 (perf-t1)
2026-08-19T03:45:28.569012+00:00   INFO pegaflow_server::registry: registry.rs:217 IPC import timing: device_id=1 size_bytes=533725184 import_ms=5.76 (perf-t1)
2026-08-19T03:45:28.572555+00:00   INFO pegaflow_server::registry: registry.rs:217 IPC import timing: device_id=1 size_bytes=533725184 import_ms=3.02 (perf-t1)
2026-08-19T03:45:28.575878+00:00   INFO pegaflow_server::registry: registry.rs:217 IPC import timing: device_id=1 size_bytes=533725184 import_ms=2.79 (perf-t1)
2026-08-19T03:45:28.579322+00:00   INFO pegaflow_server::registry: registry.rs:217 IPC import timing: device_id=1 size_bytes=533725184 import_ms=2.92 (perf-t1)
2026-08-19T03:45:28.582633+00:00   INFO pegaflow_server::registry: registry.rs:217 IPC import timing: device_id=1 size_bytes=533725184 import_ms=2.81 (perf-t1)
2026-08-19T03:45:28.586033+00:00   INFO pegaflow_server::registry: registry.rs:217 IPC import timing: device_id=1 size_bytes=533725184 import_ms=2.85 (perf-t1)
2026-08-19T03:45:28.589666+00:00   INFO pegaflow_server::registry: registry.rs:217 IPC import timing: device_id=1 size_bytes=533725184 import_ms=3.11 (perf-t1)
2026-08-19T03:45:28.593020+00:00   INFO pegaflow_server::registry: registry.rs:217 IPC import timing: device_id=1 size_bytes=533725184 import_ms=2.85 (perf-t1)
2026-08-19T03:45:28.597933+00:00   INFO pegaflow_server::registry: registry.rs:217 IPC import timing: device_id=1 size_bytes=533725184 import_ms=4.38 (perf-t1)
2026-08-19T03:45:28.601523+00:00   INFO pegaflow_server::registry: registry.rs:217 IPC import timing: device_id=1 size_bytes=533725184 import_ms=3.09 (perf-t1)
2026-08-19T03:45:28.604977+00:00   INFO pegaflow_server::registry: registry.rs:217 IPC import timing: device_id=1 size_bytes=533725184 import_ms=2.91 (perf-t1)
2026-08-19T03:45:28.608380+00:00   INFO pegaflow_server::registry: registry.rs:217 IPC import timing: device_id=1 size_bytes=533725184 import_ms=2.87 (perf-t1)
2026-08-19T03:45:28.611900+00:00   INFO pegaflow_server::registry: registry.rs:217 IPC import timing: device_id=1 size_bytes=533725184 import_ms=3.00 (perf-t1)
2026-08-19T03:45:28.617494+00:00   INFO pegaflow_server::registry: registry.rs:217 IPC import timing: device_id=1 size_bytes=533725184 import_ms=5.08 (perf-t1)
2026-08-19T03:45:28.621142+00:00   INFO pegaflow_server::registry: registry.rs:217 IPC import timing: device_id=1 size_bytes=533725184 import_ms=3.15 (perf-t1)
2026-08-19T03:45:28.624683+00:00   INFO pegaflow_server::registry: registry.rs:217 IPC import timing: device_id=1 size_bytes=533725184 import_ms=2.98 (perf-t1)
2026-08-19T03:45:28.628124+00:00   INFO pegaflow_server::registry: registry.rs:217 IPC import timing: device_id=1 size_bytes=533725184 import_ms=2.92 (perf-t1)
2026-08-19T03:45:28.631528+00:00   INFO pegaflow_server::registry: registry.rs:217 IPC import timing: device_id=1 size_bytes=533725184 import_ms=2.89 (perf-t1)
2026-08-19T03:45:28.634946+00:00   INFO pegaflow_server::registry: registry.rs:217 IPC import timing: device_id=1 size_bytes=533725184 import_ms=2.88 (perf-t1)
2026-08-19T03:45:28.638407+00:00   INFO pegaflow_server::registry: registry.rs:217 IPC import timing: device_id=1 size_bytes=533725184 import_ms=2.95 (perf-t1)
2026-08-19T03:45:28.641847+00:00   INFO pegaflow_server::registry: registry.rs:217 IPC import timing: device_id=1 size_bytes=533725184 import_ms=2.81 (perf-t1)
2026-08-19T03:45:28.646457+00:00   INFO pegaflow_server::registry: registry.rs:217 IPC import timing: device_id=1 size_bytes=533725184 import_ms=4.07 (perf-t1)
2026-08-19T03:45:28.649826+00:00   INFO pegaflow_server::registry: registry.rs:217 IPC import timing: device_id=1 size_bytes=533725184 import_ms=2.86 (perf-t1)
2026-08-19T03:45:28.653225+00:00   INFO pegaflow_server::registry: registry.rs:217 IPC import timing: device_id=1 size_bytes=533725184 import_ms=2.90 (perf-t1)
2026-08-19T03:45:28.657632+00:00   INFO pegaflow_server::registry: registry.rs:217 IPC import timing: device_id=1 size_bytes=533725184 import_ms=3.88 (perf-t1)
2026-08-19T03:45:28.661325+00:00   INFO pegaflow_server::registry: registry.rs:217 IPC import timing: device_id=1 size_bytes=533725184 import_ms=3.19 (perf-t1)
2026-08-19T03:45:28.667494+00:00   INFO pegaflow_server::registry: registry.rs:217 IPC import timing: device_id=1 size_bytes=533725184 import_ms=5.67 (perf-t1)
2026-08-19T03:45:28.670934+00:00   INFO pegaflow_server::registry: registry.rs:217 IPC import timing: device_id=1 size_bytes=533725184 import_ms=2.89 (perf-t1)
2026-08-19T03:45:28.674375+00:00   INFO pegaflow_server::registry: registry.rs:217 IPC import timing: device_id=1 size_bytes=533725184 import_ms=2.92 (perf-t1)
2026-08-19T03:45:28.677791+00:00   INFO pegaflow_server::registry: registry.rs:217 IPC import timing: device_id=1 size_bytes=533725184 import_ms=2.90 (perf-t1)
2026-08-19T03:45:28.681436+00:00   INFO pegaflow_server::registry: registry.rs:217 IPC import timing: device_id=1 size_bytes=533725184 import_ms=3.08 (perf-t1)
2026-08-19T03:45:28.684802+00:00   INFO pegaflow_server::registry: registry.rs:217 IPC import timing: device_id=1 size_bytes=533725184 import_ms=2.86 (perf-t1)
2026-08-19T03:45:28.688213+00:00   INFO pegaflow_server::registry: registry.rs:217 IPC import timing: device_id=1 size_bytes=533725184 import_ms=2.91 (perf-t1)
2026-08-19T03:45:28.691518+00:00   INFO pegaflow_server::registry: registry.rs:217 IPC import timing: device_id=1 size_bytes=533725184 import_ms=2.77 (perf-t1)
2026-08-19T03:45:28.694814+00:00   INFO pegaflow_server::registry: registry.rs:217 IPC import timing: device_id=1 size_bytes=533725184 import_ms=2.79 (perf-t1)
2026-08-19T03:45:28.698526+00:00   INFO pegaflow_server::registry: registry.rs:217 IPC import timing: device_id=2 size_bytes=533725184 import_ms=2.99 (perf-t1)
2026-08-19T03:45:28.699006+00:00   INFO pegaflow_core::gpu_worker: gpu_worker.rs:338 GPU worker initialized: device=1 backend=ascend_batch device_id=1
2026-08-19T03:45:28.699405+00:00   INFO pegaflow_core::gpu_worker: gpu_worker.rs:338 GPU worker initialized: device=1 backend=ascend_batch device_id=1
2026-08-19T03:45:28.699577+00:00   INFO pegaflow_core::gpu_worker: gpu_worker.rs:200 GPU worker pool started: device=1, numa_node=NUMA0, transfer_mode=AscendDirect
2026-08-19T03:45:28.700231+00:00   INFO pegaflow_core::instance: instance.rs:706 Sealed instance topology: instance=61c617ee-8c33-44c8-9a59-284bc86914ac-c2aeff077483408f92eb8ecc396030e3, num_layers=72, tp_size=1, world_size=1, total_slots=72
2026-08-19T03:45:28.700285+00:00   INFO pegaflow_core::instance: instance.rs:719 Initialized GPU context: device_id=1, numa_node=NUMA0
2026-08-19T03:45:28.700313+00:00   INFO pegaflow_core: lib.rs:452 Registered context batch: instance=61c617ee-8c33-44c8-9a59-284bc86914ac-c2aeff077483408f92eb8ecc396030e3, namespace=perf-t3-h50-iso-c1-1, device=1, layers=72, tp_rank=0/1, pp_rank=0
2026-08-19T03:45:28.702127+00:00   INFO pegaflow_server::registry: registry.rs:217 IPC import timing: device_id=2 size_bytes=533725184 import_ms=3.04 (perf-t1)
2026-08-19T03:45:28.705640+00:00   INFO pegaflow_server::registry: registry.rs:217 IPC import timing: device_id=2 size_bytes=533725184 import_ms=2.95 (perf-t1)
2026-08-19T03:45:28.709224+00:00   INFO pegaflow_server::registry: registry.rs:217 IPC import timing: device_id=2 size_bytes=533725184 import_ms=3.04 (perf-t1)
2026-08-19T03:45:28.712852+00:00   INFO pegaflow_server::registry: registry.rs:217 IPC import timing: device_id=2 size_bytes=533725184 import_ms=3.07 (perf-t1)
2026-08-19T03:45:28.716622+00:00   INFO pegaflow_server::registry: registry.rs:217 IPC import timing: device_id=2 size_bytes=533725184 import_ms=3.26 (perf-t1)
2026-08-19T03:45:28.720074+00:00   INFO pegaflow_server::registry: registry.rs:217 IPC import timing: device_id=2 size_bytes=533725184 import_ms=2.94 (perf-t1)
2026-08-19T03:45:28.723654+00:00   INFO pegaflow_server::registry: registry.rs:217 IPC import timing: device_id=2 size_bytes=533725184 import_ms=3.05 (perf-t1)
2026-08-19T03:45:28.727064+00:00   INFO pegaflow_server::registry: registry.rs:217 IPC import timing: device_id=2 size_bytes=533725184 import_ms=2.91 (perf-t1)
2026-08-19T03:45:28.730745+00:00   INFO pegaflow_server::registry: registry.rs:217 IPC import timing: device_id=2 size_bytes=533725184 import_ms=3.18 (perf-t1)
2026-08-19T03:45:28.734268+00:00   INFO pegaflow_server::registry: registry.rs:217 IPC import timing: device_id=2 size_bytes=533725184 import_ms=3.00 (perf-t1)
2026-08-19T03:45:28.737626+00:00   INFO pegaflow_server::registry: registry.rs:217 IPC import timing: device_id=2 size_bytes=533725184 import_ms=2.85 (perf-t1)
2026-08-19T03:45:28.741172+00:00   INFO pegaflow_server::registry: registry.rs:217 IPC import timing: device_id=2 size_bytes=533725184 import_ms=3.04 (perf-t1)
2026-08-19T03:45:28.744606+00:00   INFO pegaflow_server::registry: registry.rs:217 IPC import timing: device_id=2 size_bytes=533725184 import_ms=2.90 (perf-t1)
2026-08-19T03:45:28.747937+00:00   INFO pegaflow_server::registry: registry.rs:217 IPC import timing: device_id=2 size_bytes=533725184 import_ms=2.83 (perf-t1)
2026-08-19T03:45:28.751335+00:00   INFO pegaflow_server::registry: registry.rs:217 IPC import timing: device_id=2 size_bytes=533725184 import_ms=2.83 (perf-t1)
2026-08-19T03:45:28.754937+00:00   INFO pegaflow_server::registry: registry.rs:217 IPC import timing: device_id=2 size_bytes=533725184 import_ms=3.07 (perf-t1)
2026-08-19T03:45:28.775720+00:00   INFO pegaflow_server::registry: registry.rs:217 IPC import timing: device_id=2 size_bytes=533725184 import_ms=20.28 (perf-t1)
2026-08-19T03:45:28.779250+00:00   INFO pegaflow_server::registry: registry.rs:217 IPC import timing: device_id=2 size_bytes=533725184 import_ms=3.03 (perf-t1)
2026-08-19T03:45:28.782843+00:00   INFO pegaflow_server::registry: registry.rs:217 IPC import timing: device_id=2 size_bytes=533725184 import_ms=3.06 (perf-t1)
2026-08-19T03:45:28.786213+00:00   INFO pegaflow_server::registry: registry.rs:217 IPC import timing: device_id=2 size_bytes=533725184 import_ms=2.87 (perf-t1)
2026-08-19T03:45:28.789612+00:00   INFO pegaflow_server::registry: registry.rs:217 IPC import timing: device_id=2 size_bytes=533725184 import_ms=2.91 (perf-t1)
2026-08-19T03:45:28.793046+00:00   INFO pegaflow_server::registry: registry.rs:217 IPC import timing: device_id=2 size_bytes=533725184 import_ms=2.90 (perf-t1)
2026-08-19T03:45:28.796623+00:00   INFO pegaflow_server::registry: registry.rs:217 IPC import timing: device_id=2 size_bytes=533725184 import_ms=3.08 (perf-t1)
2026-08-19T03:45:28.799936+00:00   INFO pegaflow_server::registry: registry.rs:217 IPC import timing: device_id=2 size_bytes=533725184 import_ms=2.81 (perf-t1)
2026-08-19T03:45:28.804717+00:00   INFO pegaflow_server::registry: registry.rs:217 IPC import timing: device_id=2 size_bytes=533725184 import_ms=2.96 (perf-t1)
2026-08-19T03:45:28.811417+00:00   INFO pegaflow_server::registry: registry.rs:217 IPC import timing: device_id=2 size_bytes=533725184 import_ms=6.19 (perf-t1)
2026-08-19T03:45:28.817422+00:00   INFO pegaflow_server::registry: registry.rs:217 IPC import timing: device_id=2 size_bytes=533725184 import_ms=5.50 (perf-t1)
2026-08-19T03:45:28.821075+00:00   INFO pegaflow_server::registry: registry.rs:217 IPC import timing: device_id=2 size_bytes=533725184 import_ms=3.11 (perf-t1)
2026-08-19T03:45:28.825751+00:00   INFO pegaflow_server::registry: registry.rs:217 IPC import timing: device_id=2 size_bytes=533725184 import_ms=4.13 (perf-t1)
2026-08-19T03:45:28.829346+00:00   INFO pegaflow_server::registry: registry.rs:217 IPC import timing: device_id=2 size_bytes=533725184 import_ms=3.06 (perf-t1)
2026-08-19T03:45:28.832749+00:00   INFO pegaflow_server::registry: registry.rs:217 IPC import timing: device_id=2 size_bytes=533725184 import_ms=2.86 (perf-t1)
2026-08-19T03:45:28.836233+00:00   INFO pegaflow_server::registry: registry.rs:217 IPC import timing: device_id=2 size_bytes=533725184 import_ms=2.99 (perf-t1)
2026-08-19T03:45:28.839561+00:00   INFO pegaflow_server::registry: registry.rs:217 IPC import timing: device_id=2 size_bytes=533725184 import_ms=2.83 (perf-t1)
2026-08-19T03:45:28.843037+00:00   INFO pegaflow_server::registry: registry.rs:217 IPC import timing: device_id=2 size_bytes=533725184 import_ms=2.95 (perf-t1)
2026-08-19T03:45:28.846407+00:00   INFO pegaflow_server::registry: registry.rs:217 IPC import timing: device_id=2 size_bytes=533725184 import_ms=2.85 (perf-t1)
2026-08-19T03:45:28.849893+00:00   INFO pegaflow_server::registry: registry.rs:217 IPC import timing: device_id=2 size_bytes=533725184 import_ms=2.97 (perf-t1)
2026-08-19T03:45:28.853211+00:00   INFO pegaflow_server::registry: registry.rs:217 IPC import timing: device_id=2 size_bytes=533725184 import_ms=2.79 (perf-t1)
2026-08-19T03:45:28.856612+00:00   INFO pegaflow_server::registry: registry.rs:217 IPC import timing: device_id=2 size_bytes=533725184 import_ms=2.91 (perf-t1)
2026-08-19T03:45:28.859949+00:00   INFO pegaflow_server::registry: registry.rs:217 IPC import timing: device_id=2 size_bytes=533725184 import_ms=2.83 (perf-t1)
2026-08-19T03:45:28.863851+00:00   INFO pegaflow_server::registry: registry.rs:217 IPC import timing: device_id=2 size_bytes=533725184 import_ms=3.37 (perf-t1)
2026-08-19T03:45:28.867479+00:00   INFO pegaflow_server::registry: registry.rs:217 IPC import timing: device_id=2 size_bytes=533725184 import_ms=3.10 (perf-t1)
2026-08-19T03:45:28.870848+00:00   INFO pegaflow_server::registry: registry.rs:217 IPC import timing: device_id=2 size_bytes=533725184 import_ms=2.86 (perf-t1)
2026-08-19T03:45:28.915105+00:00   INFO pegaflow_server::registry: registry.rs:217 IPC import timing: device_id=2 size_bytes=533725184 import_ms=43.73 (perf-t1)
2026-08-19T03:45:28.918557+00:00   INFO pegaflow_server::registry: registry.rs:217 IPC import timing: device_id=2 size_bytes=533725184 import_ms=2.89 (perf-t1)
2026-08-19T03:45:28.923237+00:00   INFO pegaflow_server::registry: registry.rs:217 IPC import timing: device_id=2 size_bytes=533725184 import_ms=4.13 (perf-t1)
2026-08-19T03:45:28.926934+00:00   INFO pegaflow_server::registry: registry.rs:217 IPC import timing: device_id=2 size_bytes=533725184 import_ms=3.20 (perf-t1)
2026-08-19T03:45:28.930413+00:00   INFO pegaflow_server::registry: registry.rs:217 IPC import timing: device_id=2 size_bytes=533725184 import_ms=2.96 (perf-t1)
2026-08-19T03:45:28.933722+00:00   INFO pegaflow_server::registry: registry.rs:217 IPC import timing: device_id=2 size_bytes=533725184 import_ms=2.83 (perf-t1)
2026-08-19T03:45:28.937074+00:00   INFO pegaflow_server::registry: registry.rs:217 IPC import timing: device_id=2 size_bytes=533725184 import_ms=2.86 (perf-t1)
2026-08-19T03:45:28.940451+00:00   INFO pegaflow_server::registry: registry.rs:217 IPC import timing: device_id=2 size_bytes=533725184 import_ms=2.86 (perf-t1)
2026-08-19T03:45:28.943739+00:00   INFO pegaflow_server::registry: registry.rs:217 IPC import timing: device_id=2 size_bytes=533725184 import_ms=2.80 (perf-t1)
2026-08-19T03:45:28.947142+00:00   INFO pegaflow_server::registry: registry.rs:217 IPC import timing: device_id=2 size_bytes=533725184 import_ms=2.93 (perf-t1)
2026-08-19T03:45:28.950512+00:00   INFO pegaflow_server::registry: registry.rs:217 IPC import timing: device_id=2 size_bytes=533725184 import_ms=2.85 (perf-t1)
2026-08-19T03:45:28.953912+00:00   INFO pegaflow_server::registry: registry.rs:217 IPC import timing: device_id=2 size_bytes=533725184 import_ms=2.92 (perf-t1)
2026-08-19T03:45:28.957293+00:00   INFO pegaflow_server::registry: registry.rs:217 IPC import timing: device_id=2 size_bytes=533725184 import_ms=2.87 (perf-t1)
2026-08-19T03:45:28.960735+00:00   INFO pegaflow_server::registry: registry.rs:217 IPC import timing: device_id=2 size_bytes=533725184 import_ms=2.91 (perf-t1)
2026-08-19T03:45:28.964135+00:00   INFO pegaflow_server::registry: registry.rs:217 IPC import timing: device_id=2 size_bytes=533725184 import_ms=2.82 (perf-t1)
2026-08-19T03:45:28.969627+00:00   INFO pegaflow_server::registry: registry.rs:217 IPC import timing: device_id=2 size_bytes=533725184 import_ms=4.99 (perf-t1)
2026-08-19T03:45:28.972954+00:00   INFO pegaflow_server::registry: registry.rs:217 IPC import timing: device_id=2 size_bytes=533725184 import_ms=2.81 (perf-t1)
2026-08-19T03:45:28.976400+00:00   INFO pegaflow_server::registry: registry.rs:217 IPC import timing: device_id=2 size_bytes=533725184 import_ms=2.96 (perf-t1)
2026-08-19T03:45:28.980929+00:00   INFO pegaflow_server::registry: registry.rs:217 IPC import timing: device_id=2 size_bytes=533725184 import_ms=4.05 (perf-t1)
2026-08-19T03:45:28.984841+00:00   INFO pegaflow_server::registry: registry.rs:217 IPC import timing: device_id=2 size_bytes=533725184 import_ms=3.40 (perf-t1)
2026-08-19T03:45:28.988172+00:00   INFO pegaflow_server::registry: registry.rs:217 IPC import timing: device_id=2 size_bytes=533725184 import_ms=2.84 (perf-t1)
2026-08-19T03:45:28.991494+00:00   INFO pegaflow_server::registry: registry.rs:217 IPC import timing: device_id=2 size_bytes=533725184 import_ms=2.82 (perf-t1)
2026-08-19T03:45:28.996618+00:00   INFO pegaflow_server::registry: registry.rs:217 IPC import timing: device_id=2 size_bytes=533725184 import_ms=4.58 (perf-t1)
2026-08-19T03:45:28.999955+00:00   INFO pegaflow_server::registry: registry.rs:217 IPC import timing: device_id=2 size_bytes=533725184 import_ms=2.84 (perf-t1)
2026-08-19T03:45:29.003525+00:00   INFO pegaflow_server::registry: registry.rs:217 IPC import timing: device_id=2 size_bytes=533725184 import_ms=3.07 (perf-t1)
2026-08-19T03:45:29.022100+00:00   INFO pegaflow_server::registry: registry.rs:217 IPC import timing: device_id=2 size_bytes=533725184 import_ms=18.06 (perf-t1)
2026-08-19T03:45:29.034877+00:00   INFO pegaflow_server::registry: registry.rs:217 IPC import timing: device_id=2 size_bytes=533725184 import_ms=12.28 (perf-t1)
2026-08-19T03:45:29.038252+00:00   INFO pegaflow_server::registry: registry.rs:217 IPC import timing: device_id=2 size_bytes=533725184 import_ms=2.87 (perf-t1)
2026-08-19T03:45:29.046641+00:00   INFO pegaflow_server::registry: registry.rs:217 IPC import timing: device_id=2 size_bytes=533725184 import_ms=7.86 (perf-t1)
2026-08-19T03:45:29.049971+00:00   INFO pegaflow_core::gpu_worker: gpu_worker.rs:338 GPU worker initialized: device=2 backend=ascend_batch device_id=2
2026-08-19T03:45:29.049880+00:00   INFO pegaflow_core::gpu_worker: gpu_worker.rs:338 GPU worker initialized: device=2 backend=ascend_batch device_id=2
2026-08-19T03:45:29.050332+00:00   INFO pegaflow_core::gpu_worker: gpu_worker.rs:200 GPU worker pool started: device=2, numa_node=NUMA6, transfer_mode=AscendDirect
2026-08-19T03:45:29.050947+00:00   INFO pegaflow_core::instance: instance.rs:706 Sealed instance topology: instance=5bae187f-b7c7-47a8-8574-b25f4f9a06e0-5e42300d338e44f3a845d8deaad725b3, num_layers=72, tp_size=1, world_size=1, total_slots=72
2026-08-19T03:45:29.050989+00:00   INFO pegaflow_core::instance: instance.rs:719 Initialized GPU context: device_id=2, numa_node=NUMA6
2026-08-19T03:45:29.051018+00:00   INFO pegaflow_core: lib.rs:452 Registered context batch: instance=5bae187f-b7c7-47a8-8574-b25f4f9a06e0-5e42300d338e44f3a845d8deaad725b3, namespace=perf-t3-h50-iso-c1-2, device=2, layers=72, tp_rank=0/1, pp_rank=0
2026-08-19T03:45:29.059601+00:00   INFO pegaflow_server::registry: registry.rs:217 IPC import timing: device_id=4 size_bytes=533725184 import_ms=12.20 (perf-t1)
2026-08-19T03:45:29.063118+00:00   INFO pegaflow_server::registry: registry.rs:217 IPC import timing: device_id=4 size_bytes=533725184 import_ms=2.99 (perf-t1)
2026-08-19T03:45:29.067605+00:00   INFO pegaflow_server::registry: registry.rs:217 IPC import timing: device_id=4 size_bytes=533725184 import_ms=3.95 (perf-t1)
2026-08-19T03:45:29.071124+00:00   INFO pegaflow_server::registry: registry.rs:217 IPC import timing: device_id=4 size_bytes=533725184 import_ms=3.00 (perf-t1)
2026-08-19T03:45:29.074453+00:00   INFO pegaflow_server::registry: registry.rs:217 IPC import timing: device_id=4 size_bytes=533725184 import_ms=2.84 (perf-t1)
2026-08-19T03:45:29.077949+00:00   INFO pegaflow_server::registry: registry.rs:217 IPC import timing: device_id=4 size_bytes=533725184 import_ms=2.98 (perf-t1)
2026-08-19T03:45:29.081356+00:00   INFO pegaflow_server::registry: registry.rs:217 IPC import timing: device_id=4 size_bytes=533725184 import_ms=2.93 (perf-t1)
2026-08-19T03:45:29.085035+00:00   INFO pegaflow_server::registry: registry.rs:217 IPC import timing: device_id=4 size_bytes=533725184 import_ms=3.19 (perf-t1)
2026-08-19T03:45:29.088470+00:00   INFO pegaflow_server::registry: registry.rs:217 IPC import timing: device_id=4 size_bytes=533725184 import_ms=2.90 (perf-t1)
2026-08-19T03:45:29.091911+00:00   INFO pegaflow_server::registry: registry.rs:217 IPC import timing: device_id=4 size_bytes=533725184 import_ms=2.96 (perf-t1)
2026-08-19T03:45:29.095361+00:00   INFO pegaflow_server::registry: registry.rs:217 IPC import timing: device_id=4 size_bytes=533725184 import_ms=2.94 (perf-t1)
2026-08-19T03:45:29.098754+00:00   INFO pegaflow_server::registry: registry.rs:217 IPC import timing: device_id=4 size_bytes=533725184 import_ms=2.87 (perf-t1)
2026-08-19T03:45:29.102178+00:00   INFO pegaflow_server::registry: registry.rs:217 IPC import timing: device_id=4 size_bytes=533725184 import_ms=2.94 (perf-t1)
2026-08-19T03:45:29.105697+00:00   INFO pegaflow_server::registry: registry.rs:217 IPC import timing: device_id=4 size_bytes=533725184 import_ms=2.91 (perf-t1)
2026-08-19T03:45:29.109118+00:00   INFO pegaflow_server::registry: registry.rs:217 IPC import timing: device_id=4 size_bytes=533725184 import_ms=2.87 (perf-t1)
2026-08-19T03:45:29.112411+00:00   INFO pegaflow_server::registry: registry.rs:217 IPC import timing: device_id=4 size_bytes=533725184 import_ms=2.78 (perf-t1)
2026-08-19T03:45:29.115872+00:00   INFO pegaflow_server::registry: registry.rs:217 IPC import timing: device_id=4 size_bytes=533725184 import_ms=2.97 (perf-t1)
2026-08-19T03:45:29.119168+00:00   INFO pegaflow_server::registry: registry.rs:217 IPC import timing: device_id=4 size_bytes=533725184 import_ms=2.77 (perf-t1)
2026-08-19T03:45:29.122515+00:00   INFO pegaflow_server::registry: registry.rs:217 IPC import timing: device_id=4 size_bytes=533725184 import_ms=2.85 (perf-t1)
2026-08-19T03:45:29.125787+00:00   INFO pegaflow_server::registry: registry.rs:217 IPC import timing: device_id=4 size_bytes=533725184 import_ms=2.78 (perf-t1)
2026-08-19T03:45:29.129310+00:00   INFO pegaflow_server::registry: registry.rs:217 IPC import timing: device_id=4 size_bytes=533725184 import_ms=3.00 (perf-t1)
2026-08-19T03:45:29.132717+00:00   INFO pegaflow_server::registry: registry.rs:217 IPC import timing: device_id=4 size_bytes=533725184 import_ms=2.90 (perf-t1)
2026-08-19T03:45:29.136021+00:00   INFO pegaflow_server::registry: registry.rs:217 IPC import timing: device_id=4 size_bytes=533725184 import_ms=2.81 (perf-t1)
2026-08-19T03:45:29.139576+00:00   INFO pegaflow_server::registry: registry.rs:217 IPC import timing: device_id=4 size_bytes=533725184 import_ms=3.01 (perf-t1)
2026-08-19T03:45:29.142864+00:00   INFO pegaflow_server::registry: registry.rs:217 IPC import timing: device_id=4 size_bytes=533725184 import_ms=2.80 (perf-t1)
2026-08-19T03:45:29.146352+00:00   INFO pegaflow_server::registry: registry.rs:217 IPC import timing: device_id=4 size_bytes=533725184 import_ms=3.00 (perf-t1)
2026-08-19T03:45:29.149681+00:00   INFO pegaflow_server::registry: registry.rs:217 IPC import timing: device_id=4 size_bytes=533725184 import_ms=2.79 (perf-t1)
2026-08-19T03:45:29.153105+00:00   INFO pegaflow_server::registry: registry.rs:217 IPC import timing: device_id=4 size_bytes=533725184 import_ms=2.93 (perf-t1)
2026-08-19T03:45:29.156780+00:00   INFO pegaflow_server::registry: registry.rs:217 IPC import timing: device_id=4 size_bytes=533725184 import_ms=3.18 (perf-t1)
2026-08-19T03:45:29.161488+00:00   INFO pegaflow_server::registry: registry.rs:217 IPC import timing: device_id=4 size_bytes=533725184 import_ms=4.14 (perf-t1)
2026-08-19T03:45:29.164969+00:00   INFO pegaflow_server::registry: registry.rs:217 IPC import timing: device_id=4 size_bytes=533725184 import_ms=2.98 (perf-t1)
2026-08-19T03:45:29.169648+00:00   INFO pegaflow_server::registry: registry.rs:217 IPC import timing: device_id=4 size_bytes=533725184 import_ms=4.19 (perf-t1)
2026-08-19T03:45:29.173037+00:00   INFO pegaflow_server::registry: registry.rs:217 IPC import timing: device_id=4 size_bytes=533725184 import_ms=2.85 (perf-t1)
2026-08-19T03:45:29.176441+00:00   INFO pegaflow_server::registry: registry.rs:217 IPC import timing: device_id=4 size_bytes=533725184 import_ms=2.88 (perf-t1)
2026-08-19T03:45:29.179834+00:00   INFO pegaflow_server::registry: registry.rs:217 IPC import timing: device_id=4 size_bytes=533725184 import_ms=2.90 (perf-t1)
2026-08-19T03:45:29.183128+00:00   INFO pegaflow_server::registry: registry.rs:217 IPC import timing: device_id=4 size_bytes=533725184 import_ms=2.77 (perf-t1)
2026-08-19T03:45:29.186484+00:00   INFO pegaflow_server::registry: registry.rs:217 IPC import timing: device_id=4 size_bytes=533725184 import_ms=2.87 (perf-t1)
2026-08-19T03:45:29.190108+00:00   INFO pegaflow_server::registry: registry.rs:217 IPC import timing: device_id=4 size_bytes=533725184 import_ms=3.13 (perf-t1)
2026-08-19T03:45:29.196803+00:00   INFO pegaflow_server::registry: registry.rs:217 IPC import timing: device_id=4 size_bytes=533725184 import_ms=6.18 (perf-t1)
2026-08-19T03:45:29.200167+00:00   INFO pegaflow_server::registry: registry.rs:217 IPC import timing: device_id=4 size_bytes=533725184 import_ms=2.87 (perf-t1)
2026-08-19T03:45:29.203700+00:00   INFO pegaflow_server::registry: registry.rs:217 IPC import timing: device_id=4 size_bytes=533725184 import_ms=3.03 (perf-t1)
2026-08-19T03:45:29.207041+00:00   INFO pegaflow_server::registry: registry.rs:217 IPC import timing: device_id=4 size_bytes=533725184 import_ms=2.85 (perf-t1)
2026-08-19T03:45:29.211991+00:00   INFO pegaflow_server::registry: registry.rs:217 IPC import timing: device_id=4 size_bytes=533725184 import_ms=4.42 (perf-t1)
2026-08-19T03:45:29.217511+00:00   INFO pegaflow_server::registry: registry.rs:217 IPC import timing: device_id=4 size_bytes=533725184 import_ms=4.98 (perf-t1)
2026-08-19T03:45:29.221246+00:00   INFO pegaflow_server::registry: registry.rs:217 IPC import timing: device_id=4 size_bytes=533725184 import_ms=3.24 (perf-t1)
2026-08-19T03:45:29.225972+00:00   INFO pegaflow_server::registry: registry.rs:217 IPC import timing: device_id=4 size_bytes=533725184 import_ms=4.19 (perf-t1)
2026-08-19T03:45:29.229481+00:00   INFO pegaflow_server::registry: registry.rs:217 IPC import timing: device_id=4 size_bytes=533725184 import_ms=3.02 (perf-t1)
2026-08-19T03:45:29.232816+00:00   INFO pegaflow_server::registry: registry.rs:217 IPC import timing: device_id=4 size_bytes=533725184 import_ms=2.84 (perf-t1)
2026-08-19T03:45:29.236144+00:00   INFO pegaflow_server::registry: registry.rs:217 IPC import timing: device_id=4 size_bytes=533725184 import_ms=2.81 (perf-t1)
2026-08-19T03:45:29.239550+00:00   INFO pegaflow_server::registry: registry.rs:217 IPC import timing: device_id=4 size_bytes=533725184 import_ms=2.90 (perf-t1)
2026-08-19T03:45:29.242828+00:00   INFO pegaflow_server::registry: registry.rs:217 IPC import timing: device_id=4 size_bytes=533725184 import_ms=2.78 (perf-t1)
2026-08-19T03:45:29.246489+00:00   INFO pegaflow_server::registry: registry.rs:217 IPC import timing: device_id=4 size_bytes=533725184 import_ms=3.14 (perf-t1)
2026-08-19T03:45:29.249847+00:00   INFO pegaflow_server::registry: registry.rs:217 IPC import timing: device_id=4 size_bytes=533725184 import_ms=2.87 (perf-t1)
2026-08-19T03:45:29.253149+00:00   INFO pegaflow_server::registry: registry.rs:217 IPC import timing: device_id=4 size_bytes=533725184 import_ms=2.79 (perf-t1)
2026-08-19T03:45:29.256569+00:00   INFO pegaflow_server::registry: registry.rs:217 IPC import timing: device_id=4 size_bytes=533725184 import_ms=2.88 (perf-t1)
2026-08-19T03:45:29.260260+00:00   INFO pegaflow_server::registry: registry.rs:217 IPC import timing: device_id=4 size_bytes=533725184 import_ms=3.21 (perf-t1)
2026-08-19T03:45:29.263671+00:00   INFO pegaflow_server::registry: registry.rs:217 IPC import timing: device_id=4 size_bytes=533725184 import_ms=2.90 (perf-t1)
2026-08-19T03:45:29.267576+00:00   INFO pegaflow_server::registry: registry.rs:217 IPC import timing: device_id=4 size_bytes=533725184 import_ms=3.30 (perf-t1)
2026-08-19T03:45:29.270939+00:00   INFO pegaflow_server::registry: registry.rs:217 IPC import timing: device_id=4 size_bytes=533725184 import_ms=2.88 (perf-t1)
2026-08-19T03:45:29.274232+00:00   INFO pegaflow_server::registry: registry.rs:217 IPC import timing: device_id=4 size_bytes=533725184 import_ms=2.79 (perf-t1)
2026-08-19T03:45:29.277683+00:00   INFO pegaflow_server::registry: registry.rs:217 IPC import timing: device_id=4 size_bytes=533725184 import_ms=2.94 (perf-t1)
2026-08-19T03:45:29.282109+00:00   INFO pegaflow_server::registry: registry.rs:217 IPC import timing: device_id=4 size_bytes=533725184 import_ms=3.94 (perf-t1)
2026-08-19T03:45:29.285818+00:00   INFO pegaflow_server::registry: registry.rs:217 IPC import timing: device_id=4 size_bytes=533725184 import_ms=3.23 (perf-t1)
2026-08-19T03:45:29.289319+00:00   INFO pegaflow_server::registry: registry.rs:217 IPC import timing: device_id=4 size_bytes=533725184 import_ms=2.94 (perf-t1)
2026-08-19T03:45:29.292687+00:00   INFO pegaflow_server::registry: registry.rs:217 IPC import timing: device_id=4 size_bytes=533725184 import_ms=2.88 (perf-t1)
2026-08-19T03:45:29.296243+00:00   INFO pegaflow_server::registry: registry.rs:217 IPC import timing: device_id=4 size_bytes=533725184 import_ms=3.05 (perf-t1)
2026-08-19T03:45:29.299581+00:00   INFO pegaflow_server::registry: registry.rs:217 IPC import timing: device_id=4 size_bytes=533725184 import_ms=2.81 (perf-t1)
2026-08-19T03:45:29.302931+00:00   INFO pegaflow_server::registry: registry.rs:217 IPC import timing: device_id=4 size_bytes=533725184 import_ms=2.86 (perf-t1)
2026-08-19T03:45:29.306344+00:00   INFO pegaflow_server::registry: registry.rs:217 IPC import timing: device_id=4 size_bytes=533725184 import_ms=2.87 (perf-t1)
2026-08-19T03:45:29.309920+00:00   INFO pegaflow_server::registry: registry.rs:217 IPC import timing: device_id=4 size_bytes=533725184 import_ms=3.02 (perf-t1)
2026-08-19T03:45:29.313230+00:00   INFO pegaflow_server::registry: registry.rs:217 IPC import timing: device_id=4 size_bytes=533725184 import_ms=2.80 (perf-t1)
2026-08-19T03:45:29.316542+00:00   INFO pegaflow_server::registry: registry.rs:217 IPC import timing: device_id=4 size_bytes=533725184 import_ms=2.83 (perf-t1)
2026-08-19T03:45:29.320268+00:00   INFO pegaflow_server::registry: registry.rs:217 IPC import timing: device_id=6 size_bytes=533725184 import_ms=3.02 (perf-t1)
2026-08-19T03:45:29.338756+00:00   INFO pegaflow_core::gpu_worker: gpu_worker.rs:338 GPU worker initialized: device=4 backend=ascend_batch device_id=4
2026-08-19T03:45:29.339223+00:00   INFO pegaflow_server::registry: registry.rs:217 IPC import timing: device_id=6 size_bytes=533725184 import_ms=18.42 (perf-t1)
2026-08-19T03:45:29.339253+00:00   INFO pegaflow_core::gpu_worker: gpu_worker.rs:338 GPU worker initialized: device=4 backend=ascend_batch device_id=4
2026-08-19T03:45:29.339419+00:00   INFO pegaflow_core::gpu_worker: gpu_worker.rs:200 GPU worker pool started: device=4, numa_node=NUMA4, transfer_mode=AscendDirect
2026-08-19T03:45:29.340029+00:00   INFO pegaflow_core::instance: instance.rs:706 Sealed instance topology: instance=31d6ec81-8574-4b4b-a0a3-107ca326952d-c9526fc9ce80480c9fde9e9778b3cea0, num_layers=72, tp_size=1, world_size=1, total_slots=72
2026-08-19T03:45:29.340073+00:00   INFO pegaflow_core::instance: instance.rs:719 Initialized GPU context: device_id=4, numa_node=NUMA4
2026-08-19T03:45:29.340105+00:00   INFO pegaflow_core: lib.rs:452 Registered context batch: instance=31d6ec81-8574-4b4b-a0a3-107ca326952d-c9526fc9ce80480c9fde9e9778b3cea0, namespace=perf-t3-h50-iso-c1-4, device=4, layers=72, tp_rank=0/1, pp_rank=0
2026-08-19T03:45:29.342659+00:00   INFO pegaflow_server::registry: registry.rs:217 IPC import timing: device_id=6 size_bytes=533725184 import_ms=2.93 (perf-t1)
2026-08-19T03:45:29.346195+00:00   INFO pegaflow_server::registry: registry.rs:217 IPC import timing: device_id=6 size_bytes=533725184 import_ms=3.00 (perf-t1)
2026-08-19T03:45:29.349718+00:00   INFO pegaflow_server::registry: registry.rs:217 IPC import timing: device_id=6 size_bytes=533725184 import_ms=3.02 (perf-t1)
2026-08-19T03:45:29.353154+00:00   INFO pegaflow_server::registry: registry.rs:217 IPC import timing: device_id=6 size_bytes=533725184 import_ms=2.92 (perf-t1)
2026-08-19T03:45:29.356598+00:00   INFO pegaflow_server::registry: registry.rs:217 IPC import timing: device_id=6 size_bytes=533725184 import_ms=2.91 (perf-t1)
2026-08-19T03:45:29.360052+00:00   INFO pegaflow_server::registry: registry.rs:217 IPC import timing: device_id=6 size_bytes=533725184 import_ms=2.96 (perf-t1)
2026-08-19T03:45:29.363454+00:00   INFO pegaflow_server::registry: registry.rs:217 IPC import timing: device_id=6 size_bytes=533725184 import_ms=2.88 (perf-t1)
2026-08-19T03:45:29.370504+00:00   INFO pegaflow_server::registry: registry.rs:217 IPC import timing: device_id=6 size_bytes=533725184 import_ms=6.53 (perf-t1)
2026-08-19T03:45:29.373881+00:00   INFO pegaflow_server::registry: registry.rs:217 IPC import timing: device_id=6 size_bytes=533725184 import_ms=2.89 (perf-t1)
2026-08-19T03:45:29.377443+00:00   INFO pegaflow_server::registry: registry.rs:217 IPC import timing: device_id=6 size_bytes=533725184 import_ms=3.05 (perf-t1)
2026-08-19T03:45:29.380821+00:00   INFO pegaflow_server::registry: registry.rs:217 IPC import timing: device_id=6 size_bytes=533725184 import_ms=2.85 (perf-t1)
2026-08-19T03:45:29.384273+00:00   INFO pegaflow_server::registry: registry.rs:217 IPC import timing: device_id=6 size_bytes=533725184 import_ms=2.97 (perf-t1)
2026-08-19T03:45:29.387589+00:00   INFO pegaflow_server::registry: registry.rs:217 IPC import timing: device_id=6 size_bytes=533725184 import_ms=2.80 (perf-t1)
2026-08-19T03:45:29.390889+00:00   INFO pegaflow_server::registry: registry.rs:217 IPC import timing: device_id=6 size_bytes=533725184 import_ms=2.76 (perf-t1)
2026-08-19T03:45:29.397149+00:00   INFO pegaflow_server::registry: registry.rs:217 IPC import timing: device_id=6 size_bytes=533725184 import_ms=5.77 (perf-t1)
2026-08-19T03:45:29.400420+00:00   INFO pegaflow_server::registry: registry.rs:217 IPC import timing: device_id=6 size_bytes=533725184 import_ms=2.75 (perf-t1)
2026-08-19T03:45:29.403845+00:00   INFO pegaflow_server::registry: registry.rs:217 IPC import timing: device_id=6 size_bytes=533725184 import_ms=2.88 (perf-t1)
2026-08-19T03:45:29.407236+00:00   INFO pegaflow_server::registry: registry.rs:217 IPC import timing: device_id=6 size_bytes=533725184 import_ms=2.91 (perf-t1)
2026-08-19T03:45:29.411884+00:00   INFO pegaflow_server::registry: registry.rs:217 IPC import timing: device_id=6 size_bytes=533725184 import_ms=4.14 (perf-t1)
2026-08-19T03:45:29.420306+00:00   INFO pegaflow_server::registry: registry.rs:217 IPC import timing: device_id=6 size_bytes=533725184 import_ms=7.84 (perf-t1)
2026-08-19T03:45:29.423804+00:00   INFO pegaflow_server::registry: registry.rs:217 IPC import timing: device_id=6 size_bytes=533725184 import_ms=2.99 (perf-t1)
2026-08-19T03:45:29.427147+00:00   INFO pegaflow_server::registry: registry.rs:217 IPC import timing: device_id=6 size_bytes=533725184 import_ms=2.86 (perf-t1)
2026-08-19T03:45:29.430451+00:00   INFO pegaflow_server::registry: registry.rs:217 IPC import timing: device_id=6 size_bytes=533725184 import_ms=2.78 (perf-t1)
2026-08-19T03:45:29.433833+00:00   INFO pegaflow_server::registry: registry.rs:217 IPC import timing: device_id=6 size_bytes=533725184 import_ms=2.90 (perf-t1)
2026-08-19T03:45:29.437349+00:00   INFO pegaflow_server::registry: registry.rs:217 IPC import timing: device_id=6 size_bytes=533725184 import_ms=3.02 (perf-t1)
2026-08-19T03:45:29.440801+00:00   INFO pegaflow_server::registry: registry.rs:217 IPC import timing: device_id=6 size_bytes=533725184 import_ms=2.93 (perf-t1)
2026-08-19T03:45:29.446370+00:00   INFO pegaflow_server::registry: registry.rs:217 IPC import timing: device_id=6 size_bytes=533725184 import_ms=5.08 (perf-t1)
2026-08-19T03:45:29.451051+00:00   INFO pegaflow_server::registry: registry.rs:217 IPC import timing: device_id=6 size_bytes=533725184 import_ms=4.15 (perf-t1)
2026-08-19T03:45:29.454514+00:00   INFO pegaflow_server::registry: registry.rs:217 IPC import timing: device_id=6 size_bytes=533725184 import_ms=2.95 (perf-t1)
2026-08-19T03:45:29.457821+00:00   INFO pegaflow_server::registry: registry.rs:217 IPC import timing: device_id=6 size_bytes=533725184 import_ms=2.78 (perf-t1)
2026-08-19T03:45:29.461149+00:00   INFO pegaflow_server::registry: registry.rs:217 IPC import timing: device_id=6 size_bytes=533725184 import_ms=2.84 (perf-t1)
2026-08-19T03:45:29.467400+00:00   INFO pegaflow_server::registry: registry.rs:217 IPC import timing: device_id=6 size_bytes=533725184 import_ms=5.73 (perf-t1)
2026-08-19T03:45:29.470771+00:00   INFO pegaflow_server::registry: registry.rs:217 IPC import timing: device_id=6 size_bytes=533725184 import_ms=2.88 (perf-t1)
2026-08-19T03:45:29.474108+00:00   INFO pegaflow_server::registry: registry.rs:217 IPC import timing: device_id=6 size_bytes=533725184 import_ms=2.85 (perf-t1)
2026-08-19T03:45:29.477519+00:00   INFO pegaflow_server::registry: registry.rs:217 IPC import timing: device_id=6 size_bytes=533725184 import_ms=2.92 (perf-t1)
2026-08-19T03:45:29.480836+00:00   INFO pegaflow_server::registry: registry.rs:217 IPC import timing: device_id=6 size_bytes=533725184 import_ms=2.79 (perf-t1)
2026-08-19T03:45:29.484196+00:00   INFO pegaflow_server::registry: registry.rs:217 IPC import timing: device_id=6 size_bytes=533725184 import_ms=2.86 (perf-t1)
2026-08-19T03:45:29.487424+00:00   INFO pegaflow_server::registry: registry.rs:217 IPC import timing: device_id=6 size_bytes=533725184 import_ms=2.73 (perf-t1)
2026-08-19T03:45:29.490790+00:00   INFO pegaflow_server::registry: registry.rs:217 IPC import timing: device_id=6 size_bytes=533725184 import_ms=2.85 (perf-t1)
2026-08-19T03:45:29.494100+00:00   INFO pegaflow_server::registry: registry.rs:217 IPC import timing: device_id=6 size_bytes=533725184 import_ms=2.79 (perf-t1)
2026-08-19T03:45:29.497372+00:00   INFO pegaflow_server::registry: registry.rs:217 IPC import timing: device_id=6 size_bytes=533725184 import_ms=2.79 (perf-t1)
2026-08-19T03:45:29.501090+00:00   INFO pegaflow_server::registry: registry.rs:217 IPC import timing: device_id=6 size_bytes=533725184 import_ms=3.20 (perf-t1)
2026-08-19T03:45:29.504487+00:00   INFO pegaflow_server::registry: registry.rs:217 IPC import timing: device_id=6 size_bytes=533725184 import_ms=2.88 (perf-t1)
2026-08-19T03:45:29.509324+00:00   INFO pegaflow_server::registry: registry.rs:217 IPC import timing: device_id=6 size_bytes=533725184 import_ms=4.22 (perf-t1)
2026-08-19T03:45:29.512916+00:00   INFO pegaflow_server::registry: registry.rs:217 IPC import timing: device_id=6 size_bytes=533725184 import_ms=3.02 (perf-t1)
2026-08-19T03:45:29.516264+00:00   INFO pegaflow_server::registry: registry.rs:217 IPC import timing: device_id=6 size_bytes=533725184 import_ms=2.84 (perf-t1)
2026-08-19T03:45:29.519532+00:00   INFO pegaflow_server::registry: registry.rs:217 IPC import timing: device_id=6 size_bytes=533725184 import_ms=2.76 (perf-t1)
2026-08-19T03:45:29.522946+00:00   INFO pegaflow_server::registry: registry.rs:217 IPC import timing: device_id=6 size_bytes=533725184 import_ms=2.88 (perf-t1)
2026-08-19T03:45:29.526360+00:00   INFO pegaflow_server::registry: registry.rs:217 IPC import timing: device_id=6 size_bytes=533725184 import_ms=2.91 (perf-t1)
2026-08-19T03:45:29.529694+00:00   INFO pegaflow_server::registry: registry.rs:217 IPC import timing: device_id=6 size_bytes=533725184 import_ms=2.80 (perf-t1)
2026-08-19T03:45:29.533080+00:00   INFO pegaflow_server::registry: registry.rs:217 IPC import timing: device_id=6 size_bytes=533725184 import_ms=2.86 (perf-t1)
2026-08-19T03:45:29.536385+00:00   INFO pegaflow_server::registry: registry.rs:217 IPC import timing: device_id=6 size_bytes=533725184 import_ms=2.81 (perf-t1)
2026-08-19T03:45:29.539757+00:00   INFO pegaflow_server::registry: registry.rs:217 IPC import timing: device_id=6 size_bytes=533725184 import_ms=2.88 (perf-t1)
2026-08-19T03:45:29.543238+00:00   INFO pegaflow_server::registry: registry.rs:217 IPC import timing: device_id=6 size_bytes=533725184 import_ms=2.97 (perf-t1)
2026-08-19T03:45:29.546614+00:00   INFO pegaflow_server::registry: registry.rs:217 IPC import timing: device_id=6 size_bytes=533725184 import_ms=2.88 (perf-t1)
2026-08-19T03:45:29.550011+00:00   INFO pegaflow_server::registry: registry.rs:217 IPC import timing: device_id=6 size_bytes=533725184 import_ms=2.81 (perf-t1)
2026-08-19T03:45:29.553452+00:00   INFO pegaflow_server::registry: registry.rs:217 IPC import timing: device_id=6 size_bytes=533725184 import_ms=2.90 (perf-t1)
2026-08-19T03:45:29.556804+00:00   INFO pegaflow_server::registry: registry.rs:217 IPC import timing: device_id=6 size_bytes=533725184 import_ms=2.86 (perf-t1)
2026-08-19T03:45:29.560157+00:00   INFO pegaflow_server::registry: registry.rs:217 IPC import timing: device_id=6 size_bytes=533725184 import_ms=2.85 (perf-t1)
2026-08-19T03:45:29.564760+00:00   INFO pegaflow_server::registry: registry.rs:217 IPC import timing: device_id=6 size_bytes=533725184 import_ms=4.02 (perf-t1)
2026-08-19T03:45:29.569739+00:00   INFO pegaflow_server::registry: registry.rs:217 IPC import timing: device_id=6 size_bytes=533725184 import_ms=4.48 (perf-t1)
2026-08-19T03:45:29.573236+00:00   INFO pegaflow_server::registry: registry.rs:217 IPC import timing: device_id=6 size_bytes=533725184 import_ms=2.99 (perf-t1)
2026-08-19T03:45:29.576620+00:00   INFO pegaflow_server::registry: registry.rs:217 IPC import timing: device_id=6 size_bytes=533725184 import_ms=2.85 (perf-t1)
2026-08-19T03:45:29.579975+00:00   INFO pegaflow_server::registry: registry.rs:217 IPC import timing: device_id=6 size_bytes=533725184 import_ms=2.86 (perf-t1)
2026-08-19T03:45:29.583298+00:00   INFO pegaflow_server::registry: registry.rs:217 IPC import timing: device_id=6 size_bytes=533725184 import_ms=2.81 (perf-t1)
2026-08-19T03:45:29.586653+00:00   INFO pegaflow_server::registry: registry.rs:217 IPC import timing: device_id=6 size_bytes=533725184 import_ms=2.83 (perf-t1)
2026-08-19T03:45:29.589972+00:00   INFO pegaflow_server::registry: registry.rs:217 IPC import timing: device_id=6 size_bytes=533725184 import_ms=2.81 (perf-t1)
2026-08-19T03:45:29.593366+00:00   INFO pegaflow_server::registry: registry.rs:217 IPC import timing: device_id=6 size_bytes=533725184 import_ms=2.90 (perf-t1)
2026-08-19T03:45:29.596704+00:00   INFO pegaflow_server::registry: registry.rs:217 IPC import timing: device_id=6 size_bytes=533725184 import_ms=2.81 (perf-t1)
2026-08-19T03:45:29.600084+00:00   INFO pegaflow_server::registry: registry.rs:217 IPC import timing: device_id=6 size_bytes=533725184 import_ms=2.86 (perf-t1)
2026-08-19T03:45:29.602992+00:00   INFO pegaflow_core::gpu_worker: gpu_worker.rs:338 GPU worker initialized: device=6 backend=ascend_batch device_id=6
2026-08-19T03:45:29.603270+00:00   INFO pegaflow_core::gpu_worker: gpu_worker.rs:338 GPU worker initialized: device=6 backend=ascend_batch device_id=6
2026-08-19T03:45:29.603435+00:00   INFO pegaflow_core::gpu_worker: gpu_worker.rs:200 GPU worker pool started: device=6, numa_node=NUMA4, transfer_mode=AscendDirect
2026-08-19T03:45:29.603754+00:00   INFO pegaflow_server::registry: registry.rs:217 IPC import timing: device_id=3 size_bytes=533725184 import_ms=2.97 (perf-t1)
2026-08-19T03:45:29.604044+00:00   INFO pegaflow_core::instance: instance.rs:706 Sealed instance topology: instance=0168b592-7058-499e-8cb6-d2c2c5db6f81-32be68d79aaf4ae3828c50fc32d54059, num_layers=72, tp_size=1, world_size=1, total_slots=72
2026-08-19T03:45:29.604098+00:00   INFO pegaflow_core::instance: instance.rs:719 Initialized GPU context: device_id=6, numa_node=NUMA4
2026-08-19T03:45:29.604125+00:00   INFO pegaflow_core: lib.rs:452 Registered context batch: instance=0168b592-7058-499e-8cb6-d2c2c5db6f81-32be68d79aaf4ae3828c50fc32d54059, namespace=perf-t3-h50-iso-c1-6, device=6, layers=72, tp_rank=0/1, pp_rank=0
2026-08-19T03:45:29.607465+00:00   INFO pegaflow_server::registry: registry.rs:217 IPC import timing: device_id=3 size_bytes=533725184 import_ms=3.16 (perf-t1)
2026-08-19T03:45:29.611937+00:00   INFO pegaflow_server::registry: registry.rs:217 IPC import timing: device_id=3 size_bytes=533725184 import_ms=3.90 (perf-t1)
2026-08-19T03:45:29.617626+00:00   INFO pegaflow_server::registry: registry.rs:217 IPC import timing: device_id=3 size_bytes=533725184 import_ms=5.02 (perf-t1)
2026-08-19T03:45:29.621487+00:00   INFO pegaflow_server::registry: registry.rs:217 IPC import timing: device_id=3 size_bytes=533725184 import_ms=3.17 (perf-t1)
2026-08-19T03:45:29.625283+00:00   INFO pegaflow_server::registry: registry.rs:217 IPC import timing: device_id=3 size_bytes=533725184 import_ms=3.20 (perf-t1)
2026-08-19T03:45:29.628937+00:00   INFO pegaflow_server::registry: registry.rs:217 IPC import timing: device_id=3 size_bytes=533725184 import_ms=3.06 (perf-t1)
2026-08-19T03:45:29.632611+00:00   INFO pegaflow_server::registry: registry.rs:217 IPC import timing: device_id=3 size_bytes=533725184 import_ms=3.05 (perf-t1)
2026-08-19T03:45:29.636207+00:00   INFO pegaflow_server::registry: registry.rs:217 IPC import timing: device_id=3 size_bytes=533725184 import_ms=3.01 (perf-t1)
2026-08-19T03:45:29.639985+00:00   INFO pegaflow_server::registry: registry.rs:217 IPC import timing: device_id=3 size_bytes=533725184 import_ms=3.12 (perf-t1)
2026-08-19T03:45:29.646520+00:00   INFO pegaflow_server::registry: registry.rs:217 IPC import timing: device_id=3 size_bytes=533725184 import_ms=5.86 (perf-t1)
2026-08-19T03:45:29.650173+00:00   INFO pegaflow_server::registry: registry.rs:217 IPC import timing: device_id=3 size_bytes=533725184 import_ms=3.05 (perf-t1)
2026-08-19T03:45:29.654124+00:00   INFO pegaflow_server::registry: registry.rs:217 IPC import timing: device_id=3 size_bytes=533725184 import_ms=3.37 (perf-t1)
2026-08-19T03:45:29.657700+00:00   INFO pegaflow_server::registry: registry.rs:217 IPC import timing: device_id=3 size_bytes=533725184 import_ms=2.94 (perf-t1)
2026-08-19T03:45:29.661301+00:00   INFO pegaflow_server::registry: registry.rs:217 IPC import timing: device_id=3 size_bytes=533725184 import_ms=3.02 (perf-t1)
2026-08-19T03:45:29.667579+00:00   INFO pegaflow_server::registry: registry.rs:217 IPC import timing: device_id=3 size_bytes=533725184 import_ms=5.67 (perf-t1)
2026-08-19T03:45:29.671330+00:00   INFO pegaflow_server::registry: registry.rs:217 IPC import timing: device_id=3 size_bytes=533725184 import_ms=3.10 (perf-t1)
2026-08-19T03:45:29.674861+00:00   INFO pegaflow_server::registry: registry.rs:217 IPC import timing: device_id=3 size_bytes=533725184 import_ms=2.93 (perf-t1)
2026-08-19T03:45:29.678508+00:00   INFO pegaflow_server::registry: registry.rs:217 IPC import timing: device_id=3 size_bytes=533725184 import_ms=3.05 (perf-t1)
2026-08-19T03:45:29.682385+00:00   INFO pegaflow_server::registry: registry.rs:217 IPC import timing: device_id=3 size_bytes=533725184 import_ms=3.18 (perf-t1)
2026-08-19T03:45:29.686077+00:00   INFO pegaflow_server::registry: registry.rs:217 IPC import timing: device_id=3 size_bytes=533725184 import_ms=3.08 (perf-t1)
2026-08-19T03:45:29.690084+00:00   INFO pegaflow_server::registry: registry.rs:217 IPC import timing: device_id=3 size_bytes=533725184 import_ms=3.40 (perf-t1)
2026-08-19T03:45:29.693833+00:00   INFO pegaflow_server::registry: registry.rs:217 IPC import timing: device_id=3 size_bytes=533725184 import_ms=3.05 (perf-t1)
2026-08-19T03:45:29.697629+00:00   INFO pegaflow_server::registry: registry.rs:217 IPC import timing: device_id=3 size_bytes=533725184 import_ms=3.18 (perf-t1)
2026-08-19T03:45:29.701190+00:00   INFO pegaflow_server::registry: registry.rs:217 IPC import timing: device_id=3 size_bytes=533725184 import_ms=2.94 (perf-t1)
2026-08-19T03:45:29.704867+00:00   INFO pegaflow_server::registry: registry.rs:217 IPC import timing: device_id=3 size_bytes=533725184 import_ms=3.01 (perf-t1)
2026-08-19T03:45:29.708548+00:00   INFO pegaflow_server::registry: registry.rs:217 IPC import timing: device_id=3 size_bytes=533725184 import_ms=2.97 (perf-t1)
2026-08-19T03:45:29.712173+00:00   INFO pegaflow_server::registry: registry.rs:217 IPC import timing: device_id=3 size_bytes=533725184 import_ms=3.03 (perf-t1)
2026-08-19T03:45:29.717088+00:00   INFO pegaflow_server::registry: registry.rs:217 IPC import timing: device_id=3 size_bytes=533725184 import_ms=4.26 (perf-t1)
2026-08-19T03:45:29.721667+00:00   INFO pegaflow_server::registry: registry.rs:217 IPC import timing: device_id=3 size_bytes=533725184 import_ms=3.80 (perf-t1)
2026-08-19T03:45:29.725298+00:00   INFO pegaflow_server::registry: registry.rs:217 IPC import timing: device_id=3 size_bytes=533725184 import_ms=3.01 (perf-t1)
2026-08-19T03:45:29.728867+00:00   INFO pegaflow_server::registry: registry.rs:217 IPC import timing: device_id=3 size_bytes=533725184 import_ms=2.96 (perf-t1)
2026-08-19T03:45:29.732532+00:00   INFO pegaflow_server::registry: registry.rs:217 IPC import timing: device_id=3 size_bytes=533725184 import_ms=2.99 (perf-t1)
2026-08-19T03:45:29.736088+00:00   INFO pegaflow_server::registry: registry.rs:217 IPC import timing: device_id=3 size_bytes=533725184 import_ms=2.94 (perf-t1)
2026-08-19T03:45:29.739821+00:00   INFO pegaflow_server::registry: registry.rs:217 IPC import timing: device_id=3 size_bytes=533725184 import_ms=3.12 (perf-t1)
2026-08-19T03:45:29.743491+00:00   INFO pegaflow_server::registry: registry.rs:217 IPC import timing: device_id=3 size_bytes=533725184 import_ms=2.98 (perf-t1)
2026-08-19T03:45:29.747120+00:00   INFO pegaflow_server::registry: registry.rs:217 IPC import timing: device_id=3 size_bytes=533725184 import_ms=3.03 (perf-t1)
2026-08-19T03:45:29.750648+00:00   INFO pegaflow_server::registry: registry.rs:217 IPC import timing: device_id=3 size_bytes=533725184 import_ms=2.93 (perf-t1)
2026-08-19T03:45:29.754546+00:00   INFO pegaflow_server::registry: registry.rs:217 IPC import timing: device_id=3 size_bytes=533725184 import_ms=3.25 (perf-t1)
2026-08-19T03:45:29.758546+00:00   INFO pegaflow_server::registry: registry.rs:217 IPC import timing: device_id=3 size_bytes=533725184 import_ms=3.33 (perf-t1)
2026-08-19T03:45:29.763984+00:00   INFO pegaflow_server::registry: registry.rs:217 IPC import timing: device_id=3 size_bytes=533725184 import_ms=4.82 (perf-t1)
2026-08-19T03:45:29.773784+00:00   INFO pegaflow_server::registry: registry.rs:217 IPC import timing: device_id=3 size_bytes=533725184 import_ms=9.12 (perf-t1)
2026-08-19T03:45:29.777441+00:00   INFO pegaflow_server::registry: registry.rs:217 IPC import timing: device_id=3 size_bytes=533725184 import_ms=3.03 (perf-t1)
2026-08-19T03:45:29.785686+00:00   INFO pegaflow_server::registry: registry.rs:217 IPC import timing: device_id=3 size_bytes=533725184 import_ms=7.65 (perf-t1)
2026-08-19T03:45:29.790668+00:00   INFO pegaflow_server::registry: registry.rs:217 IPC import timing: device_id=3 size_bytes=533725184 import_ms=4.30 (perf-t1)
2026-08-19T03:45:29.794873+00:00   INFO pegaflow_server::registry: registry.rs:217 IPC import timing: device_id=3 size_bytes=533725184 import_ms=3.60 (perf-t1)
2026-08-19T03:45:29.798516+00:00   INFO pegaflow_server::registry: registry.rs:217 IPC import timing: device_id=3 size_bytes=533725184 import_ms=3.04 (perf-t1)
2026-08-19T03:45:29.802413+00:00   INFO pegaflow_server::registry: registry.rs:217 IPC import timing: device_id=3 size_bytes=533725184 import_ms=3.24 (perf-t1)
2026-08-19T03:45:29.806062+00:00   INFO pegaflow_server::registry: registry.rs:217 IPC import timing: device_id=3 size_bytes=533725184 import_ms=3.05 (perf-t1)
2026-08-19T03:45:29.809848+00:00   INFO pegaflow_server::registry: registry.rs:217 IPC import timing: device_id=3 size_bytes=533725184 import_ms=3.12 (perf-t1)
2026-08-19T03:45:29.813513+00:00   INFO pegaflow_server::registry: registry.rs:217 IPC import timing: device_id=3 size_bytes=533725184 import_ms=2.99 (perf-t1)
2026-08-19T03:45:29.817463+00:00   INFO pegaflow_server::registry: registry.rs:217 IPC import timing: device_id=3 size_bytes=533725184 import_ms=3.36 (perf-t1)
2026-08-19T03:45:29.821059+00:00   INFO pegaflow_server::registry: registry.rs:217 IPC import timing: device_id=3 size_bytes=533725184 import_ms=3.01 (perf-t1)
2026-08-19T03:45:29.824697+00:00   INFO pegaflow_server::registry: registry.rs:217 IPC import timing: device_id=3 size_bytes=533725184 import_ms=2.97 (perf-t1)
2026-08-19T03:45:29.828434+00:00   INFO pegaflow_server::registry: registry.rs:217 IPC import timing: device_id=3 size_bytes=533725184 import_ms=3.12 (perf-t1)
2026-08-19T03:45:29.832081+00:00   INFO pegaflow_server::registry: registry.rs:217 IPC import timing: device_id=3 size_bytes=533725184 import_ms=3.04 (perf-t1)
2026-08-19T03:45:29.835947+00:00   INFO pegaflow_server::registry: registry.rs:217 IPC import timing: device_id=3 size_bytes=533725184 import_ms=3.08 (perf-t1)
2026-08-19T03:45:29.839649+00:00   INFO pegaflow_server::registry: registry.rs:217 IPC import timing: device_id=3 size_bytes=533725184 import_ms=2.97 (perf-t1)
2026-08-19T03:45:29.844400+00:00   INFO pegaflow_server::registry: registry.rs:217 IPC import timing: device_id=3 size_bytes=533725184 import_ms=4.15 (perf-t1)
2026-08-19T03:45:29.847971+00:00   INFO pegaflow_server::registry: registry.rs:217 IPC import timing: device_id=3 size_bytes=533725184 import_ms=2.86 (perf-t1)
2026-08-19T03:45:29.853156+00:00   INFO pegaflow_server::registry: registry.rs:217 IPC import timing: device_id=3 size_bytes=533725184 import_ms=4.64 (perf-t1)
2026-08-19T03:45:29.860025+00:00   INFO pegaflow_server::registry: registry.rs:217 IPC import timing: device_id=3 size_bytes=533725184 import_ms=6.27 (perf-t1)
2026-08-19T03:45:29.865250+00:00   INFO pegaflow_server::registry: registry.rs:217 IPC import timing: device_id=3 size_bytes=533725184 import_ms=4.55 (perf-t1)
2026-08-19T03:45:29.868983+00:00   INFO pegaflow_server::registry: registry.rs:217 IPC import timing: device_id=3 size_bytes=533725184 import_ms=3.13 (perf-t1)
2026-08-19T03:45:29.872509+00:00   INFO pegaflow_server::registry: registry.rs:217 IPC import timing: device_id=3 size_bytes=533725184 import_ms=2.93 (perf-t1)
2026-08-19T03:45:29.876215+00:00   INFO pegaflow_server::registry: registry.rs:217 IPC import timing: device_id=3 size_bytes=533725184 import_ms=3.03 (perf-t1)
2026-08-19T03:45:29.879777+00:00   INFO pegaflow_server::registry: registry.rs:217 IPC import timing: device_id=3 size_bytes=533725184 import_ms=2.95 (perf-t1)
2026-08-19T03:45:29.883555+00:00   INFO pegaflow_server::registry: registry.rs:217 IPC import timing: device_id=3 size_bytes=533725184 import_ms=3.15 (perf-t1)
2026-08-19T03:45:29.887198+00:00   INFO pegaflow_server::registry: registry.rs:217 IPC import timing: device_id=3 size_bytes=533725184 import_ms=2.98 (perf-t1)
2026-08-19T03:45:29.890945+00:00   INFO pegaflow_server::registry: registry.rs:217 IPC import timing: device_id=3 size_bytes=533725184 import_ms=3.09 (perf-t1)
2026-08-19T03:45:29.894551+00:00   INFO pegaflow_server::registry: registry.rs:217 IPC import timing: device_id=3 size_bytes=533725184 import_ms=3.01 (perf-t1)
2026-08-19T03:45:29.898197+00:00   INFO pegaflow_server::registry: registry.rs:217 IPC import timing: device_id=3 size_bytes=533725184 import_ms=2.98 (perf-t1)
2026-08-19T03:45:29.902196+00:00   INFO pegaflow_server::registry: registry.rs:217 IPC import timing: device_id=0 size_bytes=533725184 import_ms=3.16 (perf-t1)
2026-08-19T03:45:29.903273+00:00   INFO pegaflow_core::gpu_worker: gpu_worker.rs:338 GPU worker initialized: device=3 backend=ascend_batch device_id=3
2026-08-19T03:45:29.907333+00:00   INFO pegaflow_core::gpu_worker: gpu_worker.rs:338 GPU worker initialized: device=3 backend=ascend_batch device_id=3
2026-08-19T03:45:29.907580+00:00   INFO pegaflow_core::gpu_worker: gpu_worker.rs:200 GPU worker pool started: device=3, numa_node=NUMA0, transfer_mode=AscendDirect
2026-08-19T03:45:29.908284+00:00   INFO pegaflow_core::instance: instance.rs:706 Sealed instance topology: instance=3e68ea7b-2f29-4451-9d28-3cf068ef9ee6-002014f52c34404ebbf2a266c3cddb05, num_layers=72, tp_size=1, world_size=1, total_slots=72
2026-08-19T03:45:29.908368+00:00   INFO pegaflow_core::instance: instance.rs:719 Initialized GPU context: device_id=3, numa_node=NUMA0
2026-08-19T03:45:29.908414+00:00   INFO pegaflow_core: lib.rs:452 Registered context batch: instance=3e68ea7b-2f29-4451-9d28-3cf068ef9ee6-002014f52c34404ebbf2a266c3cddb05, namespace=perf-t3-h50-iso-c1-3, device=3, layers=72, tp_rank=0/1, pp_rank=0
2026-08-19T03:45:29.909813+00:00   INFO pegaflow_server::registry: registry.rs:217 IPC import timing: device_id=0 size_bytes=533725184 import_ms=7.01 (perf-t1)
2026-08-19T03:45:29.921741+00:00   INFO pegaflow_server::registry: registry.rs:217 IPC import timing: device_id=0 size_bytes=533725184 import_ms=11.21 (perf-t1)
2026-08-19T03:45:29.925710+00:00   INFO pegaflow_server::registry: registry.rs:217 IPC import timing: device_id=0 size_bytes=533725184 import_ms=3.25 (perf-t1)
2026-08-19T03:45:29.929446+00:00   INFO pegaflow_server::registry: registry.rs:217 IPC import timing: device_id=0 size_bytes=533725184 import_ms=3.09 (perf-t1)
2026-08-19T03:45:29.974411+00:00   INFO pegaflow_server::registry: registry.rs:217 IPC import timing: device_id=0 size_bytes=533725184 import_ms=44.27 (perf-t1)
2026-08-19T03:45:29.978782+00:00   INFO pegaflow_server::registry: registry.rs:217 IPC import timing: device_id=0 size_bytes=533725184 import_ms=3.32 (perf-t1)
2026-08-19T03:45:29.982566+00:00   INFO pegaflow_server::registry: registry.rs:217 IPC import timing: device_id=0 size_bytes=533725184 import_ms=3.11 (perf-t1)
2026-08-19T03:45:29.986822+00:00   INFO pegaflow_server::registry: registry.rs:217 IPC import timing: device_id=0 size_bytes=533725184 import_ms=3.44 (perf-t1)
2026-08-19T03:45:29.990516+00:00   INFO pegaflow_server::registry: registry.rs:217 IPC import timing: device_id=0 size_bytes=533725184 import_ms=3.08 (perf-t1)
2026-08-19T03:45:29.996821+00:00   INFO pegaflow_server::registry: registry.rs:217 IPC import timing: device_id=0 size_bytes=533725184 import_ms=5.72 (perf-t1)
2026-08-19T03:45:30.000562+00:00   INFO pegaflow_server::registry: registry.rs:217 IPC import timing: device_id=0 size_bytes=533725184 import_ms=3.05 (perf-t1)
2026-08-19T03:45:30.004262+00:00   INFO pegaflow_server::registry: registry.rs:217 IPC import timing: device_id=0 size_bytes=533725184 import_ms=3.10 (perf-t1)
2026-08-19T03:45:30.007848+00:00   INFO pegaflow_server::registry: registry.rs:217 IPC import timing: device_id=0 size_bytes=533725184 import_ms=2.98 (perf-t1)
2026-08-19T03:45:30.034694+00:00   INFO pegaflow_server::registry: registry.rs:217 IPC import timing: device_id=0 size_bytes=533725184 import_ms=26.13 (perf-t1)
2026-08-19T03:45:30.038801+00:00   INFO pegaflow_server::registry: registry.rs:217 IPC import timing: device_id=0 size_bytes=533725184 import_ms=3.21 (perf-t1)
2026-08-19T03:45:30.042448+00:00   INFO pegaflow_server::registry: registry.rs:217 IPC import timing: device_id=0 size_bytes=533725184 import_ms=3.02 (perf-t1)
2026-08-19T03:45:30.046372+00:00   INFO pegaflow_server::registry: registry.rs:217 IPC import timing: device_id=0 size_bytes=533725184 import_ms=3.13 (perf-t1)
2026-08-19T03:45:30.050051+00:00   INFO pegaflow_server::registry: registry.rs:217 IPC import timing: device_id=0 size_bytes=533725184 import_ms=3.07 (perf-t1)
2026-08-19T03:45:30.053593+00:00   INFO pegaflow_server::registry: registry.rs:217 IPC import timing: device_id=0 size_bytes=533725184 import_ms=2.93 (perf-t1)
2026-08-19T03:45:30.057271+00:00   INFO pegaflow_server::registry: registry.rs:217 IPC import timing: device_id=0 size_bytes=533725184 import_ms=2.99 (perf-t1)
2026-08-19T03:45:30.060977+00:00   INFO pegaflow_server::registry: registry.rs:217 IPC import timing: device_id=0 size_bytes=533725184 import_ms=3.10 (perf-t1)
2026-08-19T03:45:30.067456+00:00   INFO pegaflow_server::registry: registry.rs:217 IPC import timing: device_id=0 size_bytes=533725184 import_ms=5.86 (perf-t1)
2026-08-19T03:45:30.071467+00:00   INFO pegaflow_server::registry: registry.rs:217 IPC import timing: device_id=0 size_bytes=533725184 import_ms=3.15 (perf-t1)
2026-08-19T03:45:30.074998+00:00   INFO pegaflow_server::registry: registry.rs:217 IPC import timing: device_id=0 size_bytes=533725184 import_ms=2.92 (perf-t1)
2026-08-19T03:45:30.078742+00:00   INFO pegaflow_server::registry: registry.rs:217 IPC import timing: device_id=0 size_bytes=533725184 import_ms=3.13 (perf-t1)
2026-08-19T03:45:30.082542+00:00   INFO pegaflow_server::registry: registry.rs:217 IPC import timing: device_id=0 size_bytes=533725184 import_ms=3.19 (perf-t1)
2026-08-19T03:45:30.086364+00:00   INFO pegaflow_server::registry: registry.rs:217 IPC import timing: device_id=0 size_bytes=533725184 import_ms=3.05 (perf-t1)
2026-08-19T03:45:30.091541+00:00   INFO pegaflow_server::registry: registry.rs:217 IPC import timing: device_id=0 size_bytes=533725184 import_ms=4.60 (perf-t1)
2026-08-19T03:45:30.095523+00:00   INFO pegaflow_server::registry: registry.rs:217 IPC import timing: device_id=0 size_bytes=533725184 import_ms=3.33 (perf-t1)
2026-08-19T03:45:30.099241+00:00   INFO pegaflow_server::registry: registry.rs:217 IPC import timing: device_id=0 size_bytes=533725184 import_ms=3.05 (perf-t1)
2026-08-19T03:45:30.102592+00:00   INFO pegaflow_server::registry: registry.rs:217 IPC import timing: device_id=0 size_bytes=533725184 import_ms=2.79 (perf-t1)
2026-08-19T03:45:30.106124+00:00   INFO pegaflow_server::registry: registry.rs:217 IPC import timing: device_id=0 size_bytes=533725184 import_ms=2.96 (perf-t1)
2026-08-19T03:45:30.109645+00:00   INFO pegaflow_server::registry: registry.rs:217 IPC import timing: device_id=0 size_bytes=533725184 import_ms=2.89 (perf-t1)
2026-08-19T03:45:30.113323+00:00   INFO pegaflow_server::registry: registry.rs:217 IPC import timing: device_id=0 size_bytes=533725184 import_ms=3.06 (perf-t1)
2026-08-19T03:45:30.116821+00:00   INFO pegaflow_server::registry: registry.rs:217 IPC import timing: device_id=0 size_bytes=533725184 import_ms=2.92 (perf-t1)
2026-08-19T03:45:30.120465+00:00   INFO pegaflow_server::registry: registry.rs:217 IPC import timing: device_id=0 size_bytes=533725184 import_ms=3.00 (perf-t1)
2026-08-19T03:45:30.123967+00:00   INFO pegaflow_server::registry: registry.rs:217 IPC import timing: device_id=0 size_bytes=533725184 import_ms=2.85 (perf-t1)
2026-08-19T03:45:30.127537+00:00   INFO pegaflow_server::registry: registry.rs:217 IPC import timing: device_id=0 size_bytes=533725184 import_ms=2.98 (perf-t1)
2026-08-19T03:45:30.131051+00:00   INFO pegaflow_server::registry: registry.rs:217 IPC import timing: device_id=0 size_bytes=533725184 import_ms=2.84 (perf-t1)
2026-08-19T03:45:30.134663+00:00   INFO pegaflow_server::registry: registry.rs:217 IPC import timing: device_id=0 size_bytes=533725184 import_ms=3.01 (perf-t1)
2026-08-19T03:45:30.138147+00:00   INFO pegaflow_server::registry: registry.rs:217 IPC import timing: device_id=0 size_bytes=533725184 import_ms=2.89 (perf-t1)
2026-08-19T03:45:30.141749+00:00   INFO pegaflow_server::registry: registry.rs:217 IPC import timing: device_id=0 size_bytes=533725184 import_ms=2.94 (perf-t1)
2026-08-19T03:45:30.145306+00:00   INFO pegaflow_server::registry: registry.rs:217 IPC import timing: device_id=0 size_bytes=533725184 import_ms=2.96 (perf-t1)
2026-08-19T03:45:30.149819+00:00   INFO pegaflow_server::registry: registry.rs:217 IPC import timing: device_id=0 size_bytes=533725184 import_ms=3.94 (perf-t1)
2026-08-19T03:45:30.153697+00:00   INFO pegaflow_server::registry: registry.rs:217 IPC import timing: device_id=0 size_bytes=533725184 import_ms=3.24 (perf-t1)
2026-08-19T03:45:30.157138+00:00   INFO pegaflow_server::registry: registry.rs:217 IPC import timing: device_id=0 size_bytes=533725184 import_ms=2.90 (perf-t1)
2026-08-19T03:45:30.160732+00:00   INFO pegaflow_server::registry: registry.rs:217 IPC import timing: device_id=0 size_bytes=533725184 import_ms=3.00 (perf-t1)
2026-08-19T03:45:30.164782+00:00   INFO pegaflow_server::registry: registry.rs:217 IPC import timing: device_id=0 size_bytes=533725184 import_ms=3.46 (perf-t1)
2026-08-19T03:45:30.169819+00:00   INFO pegaflow_server::registry: registry.rs:217 IPC import timing: device_id=0 size_bytes=533725184 import_ms=4.51 (perf-t1)
2026-08-19T03:45:30.173572+00:00   INFO pegaflow_server::registry: registry.rs:217 IPC import timing: device_id=0 size_bytes=533725184 import_ms=3.24 (perf-t1)
2026-08-19T03:45:30.176951+00:00   INFO pegaflow_server::registry: registry.rs:217 IPC import timing: device_id=0 size_bytes=533725184 import_ms=2.84 (perf-t1)
2026-08-19T03:45:30.180744+00:00   INFO pegaflow_server::registry: registry.rs:217 IPC import timing: device_id=0 size_bytes=533725184 import_ms=3.29 (perf-t1)
2026-08-19T03:45:30.184531+00:00   INFO pegaflow_server::registry: registry.rs:217 IPC import timing: device_id=0 size_bytes=533725184 import_ms=3.28 (perf-t1)
2026-08-19T03:45:30.188228+00:00   INFO pegaflow_server::registry: registry.rs:217 IPC import timing: device_id=0 size_bytes=533725184 import_ms=3.15 (perf-t1)
2026-08-19T03:45:30.191598+00:00   INFO pegaflow_server::registry: registry.rs:217 IPC import timing: device_id=0 size_bytes=533725184 import_ms=2.84 (perf-t1)
2026-08-19T03:45:30.196878+00:00   INFO pegaflow_server::registry: registry.rs:217 IPC import timing: device_id=0 size_bytes=533725184 import_ms=4.76 (perf-t1)
2026-08-19T03:45:30.200423+00:00   INFO pegaflow_server::registry: registry.rs:217 IPC import timing: device_id=0 size_bytes=533725184 import_ms=2.86 (perf-t1)
2026-08-19T03:45:30.203809+00:00   INFO pegaflow_server::registry: registry.rs:217 IPC import timing: device_id=0 size_bytes=533725184 import_ms=2.88 (perf-t1)
2026-08-19T03:45:30.207132+00:00   INFO pegaflow_server::registry: registry.rs:217 IPC import timing: device_id=0 size_bytes=533725184 import_ms=2.83 (perf-t1)
2026-08-19T03:45:30.216648+00:00   INFO pegaflow_server::registry: registry.rs:217 IPC import timing: device_id=0 size_bytes=533725184 import_ms=8.98 (perf-t1)
2026-08-19T03:45:30.221451+00:00   INFO pegaflow_server::registry: registry.rs:217 IPC import timing: device_id=0 size_bytes=533725184 import_ms=4.28 (perf-t1)
2026-08-19T03:45:30.224792+00:00   INFO pegaflow_server::registry: registry.rs:217 IPC import timing: device_id=0 size_bytes=533725184 import_ms=2.84 (perf-t1)
2026-08-19T03:45:30.228369+00:00   INFO pegaflow_server::registry: registry.rs:217 IPC import timing: device_id=0 size_bytes=533725184 import_ms=3.05 (perf-t1)
2026-08-19T03:45:30.231769+00:00   INFO pegaflow_server::registry: registry.rs:217 IPC import timing: device_id=0 size_bytes=533725184 import_ms=2.90 (perf-t1)
2026-08-19T03:45:30.235111+00:00   INFO pegaflow_server::registry: registry.rs:217 IPC import timing: device_id=0 size_bytes=533725184 import_ms=2.83 (perf-t1)
2026-08-19T03:45:30.238534+00:00   INFO pegaflow_server::registry: registry.rs:217 IPC import timing: device_id=0 size_bytes=533725184 import_ms=2.88 (perf-t1)
2026-08-19T03:45:30.242041+00:00   INFO pegaflow_server::registry: registry.rs:217 IPC import timing: device_id=0 size_bytes=533725184 import_ms=2.94 (perf-t1)
2026-08-19T03:45:30.246396+00:00   INFO pegaflow_server::registry: registry.rs:217 IPC import timing: device_id=0 size_bytes=533725184 import_ms=3.82 (perf-t1)
2026-08-19T03:45:30.250025+00:00   INFO pegaflow_server::registry: registry.rs:217 IPC import timing: device_id=0 size_bytes=533725184 import_ms=3.06 (perf-t1)
2026-08-19T03:45:30.292450+00:00   INFO pegaflow_server::registry: registry.rs:217 IPC import timing: device_id=0 size_bytes=533725184 import_ms=41.78 (perf-t1)
2026-08-19T03:45:30.296015+00:00   INFO pegaflow_server::registry: registry.rs:217 IPC import timing: device_id=0 size_bytes=533725184 import_ms=2.90 (perf-t1)
2026-08-19T03:45:30.299591+00:00   INFO pegaflow_core::gpu_worker: gpu_worker.rs:338 GPU worker initialized: device=0 backend=ascend_batch device_id=0
2026-08-19T03:45:30.299793+00:00   INFO pegaflow_core::gpu_worker: gpu_worker.rs:338 GPU worker initialized: device=0 backend=ascend_batch device_id=0
2026-08-19T03:45:30.300062+00:00   INFO pegaflow_core::gpu_worker: gpu_worker.rs:200 GPU worker pool started: device=0, numa_node=NUMA6, transfer_mode=AscendDirect
2026-08-19T03:45:30.300745+00:00   INFO pegaflow_core::instance: instance.rs:706 Sealed instance topology: instance=4e62d948-7b69-40bb-abe7-5bd3f68dcaa9-b7a081f200ee42859d683711648f51e1, num_layers=72, tp_size=1, world_size=1, total_slots=72
2026-08-19T03:45:30.300800+00:00   INFO pegaflow_core::instance: instance.rs:719 Initialized GPU context: device_id=0, numa_node=NUMA6
2026-08-19T03:45:30.300827+00:00   INFO pegaflow_core: lib.rs:452 Registered context batch: instance=4e62d948-7b69-40bb-abe7-5bd3f68dcaa9-b7a081f200ee42859d683711648f51e1, namespace=perf-t3-h50-iso-c1-0, device=0, layers=72, tp_rank=0/1, pp_rank=0
2026-08-19T03:45:46.028945+00:00   INFO pegaflow_server::service: service.rs:931 Session opened: instance_id=05a31bef-300b-4a52-8d58-1d4db328d087-8c8135407276490caef78ba739a4b163 namespace=perf-t3-h50-iso-c1-5 tp_size=1 world_size=1 token=1
2026-08-19T03:45:48.685780+00:00   INFO pegaflow_server::service: service.rs:931 Session opened: instance_id=61c617ee-8c33-44c8-9a59-284bc86914ac-c2aeff077483408f92eb8ecc396030e3 namespace=perf-t3-h50-iso-c1-1 tp_size=1 world_size=1 token=2
2026-08-19T03:45:49.761217+00:00   INFO pegaflow_server::service: service.rs:931 Session opened: instance_id=3e68ea7b-2f29-4451-9d28-3cf068ef9ee6-002014f52c34404ebbf2a266c3cddb05 namespace=perf-t3-h50-iso-c1-3 tp_size=1 world_size=1 token=3
2026-08-19T03:45:50.233005+00:00   INFO pegaflow_server::service: service.rs:931 Session opened: instance_id=5bae187f-b7c7-47a8-8574-b25f4f9a06e0-5e42300d338e44f3a845d8deaad725b3 namespace=perf-t3-h50-iso-c1-2 tp_size=1 world_size=1 token=4
2026-08-19T03:45:51.487191+00:00   INFO pegaflow_server::service: service.rs:931 Session opened: instance_id=31d6ec81-8574-4b4b-a0a3-107ca326952d-c9526fc9ce80480c9fde9e9778b3cea0 namespace=perf-t3-h50-iso-c1-4 tp_size=1 world_size=1 token=5
2026-08-19T03:45:51.507576+00:00   INFO pegaflow_server::service: service.rs:931 Session opened: instance_id=62d38658-66e4-41ab-8819-78f2c147dca9-6aacd4a8150d45c594abb6dc7b8390ec namespace=perf-t3-h50-iso-c1-7 tp_size=1 world_size=1 token=6
2026-08-19T03:45:55.848580+00:00   INFO pegaflow_server::service: service.rs:931 Session opened: instance_id=0168b592-7058-499e-8cb6-d2c2c5db6f81-32be68d79aaf4ae3828c50fc32d54059 namespace=perf-t3-h50-iso-c1-6 tp_size=1 world_size=1 token=7
2026-08-19T03:45:57.563900+00:00   INFO pegaflow_server::service: service.rs:931 Session opened: instance_id=4e62d948-7b69-40bb-abe7-5bd3f68dcaa9-b7a081f200ee42859d683711648f51e1 namespace=perf-t3-h50-iso-c1-0 tp_size=1 world_size=1 token=8
2026-08-19T03:46:06.111657+00:00   INFO pegaflow_core::storage::prefetch: prefetch.rs:316 Prefetch local-hit timing: req_id=cmpl-perf-cf52583115d8-0-81d88edb total_keys=76 hit=0 missing=76 key_build=56.971µs cache_scan=9.98µs task_schedule=4.36µs total=140.983µs
2026-08-19T03:46:38.149403+00:00   INFO pegaflow_core::storage::prefetch: prefetch.rs:316 Prefetch local-hit timing: req_id=cmpl-perf-2ca31345089e-0-b0f71d96 total_keys=39 hit=0 missing=39 key_build=52.401µs cache_scan=11.92µs task_schedule=4.64µs total=101.302µs
2026-08-19T03:46:40.349125+00:00   INFO pegaflow_core::storage::prefetch: prefetch.rs:316 Prefetch local-hit timing: req_id=cmpl-perf-8e9ccc43e44d-0-989a650f total_keys=76 hit=0 missing=76 key_build=60.471µs cache_scan=9.91µs task_schedule=3.62µs total=102.822µs
2026-08-19T03:46:42.906558+00:00   INFO pegaflow_core::storage::prefetch: prefetch.rs:316 Prefetch local-hit timing: req_id=cmpl-perf-13d692c303e9-0-9f20b56c total_keys=77 hit=0 missing=77 key_build=57.221µs cache_scan=10.33µs task_schedule=4.01µs total=99.442µs
2026-08-19T03:46:45.478647+00:00   INFO pegaflow_core::storage::prefetch: prefetch.rs:316 Prefetch local-hit timing: req_id=cmpl-perf-18c5319ec886-0-b2eb68ae total_keys=77 hit=0 missing=77 key_build=70.331µs cache_scan=7.85µs task_schedule=4.11µs total=110.342µs
2026-08-19T03:46:48.056127+00:00   INFO pegaflow_core::storage::prefetch: prefetch.rs:316 Prefetch local-hit timing: req_id=cmpl-perf-cbca329e9823-0-86f7b499 total_keys=77 hit=0 missing=77 key_build=63.251µs cache_scan=22.06µs task_schedule=7.321µs total=132.682µs
2026-08-19T03:46:50.637031+00:00   INFO pegaflow_core::storage::prefetch: prefetch.rs:316 Prefetch local-hit timing: req_id=cmpl-perf-23b716843ff1-0-a863afad total_keys=77 hit=0 missing=77 key_build=67.241µs cache_scan=11.741µs task_schedule=4.09µs total=107.732µs
2026-08-19T03:46:53.220010+00:00   INFO pegaflow_core::storage::prefetch: prefetch.rs:316 Prefetch local-hit timing: req_id=cmpl-perf-08a5f12d4b74-0-91a9649a total_keys=77 hit=0 missing=77 key_build=84.941µs cache_scan=10.831µs task_schedule=4.49µs total=128.822µs
2026-08-19T03:46:55.784867+00:00   INFO pegaflow_core::storage::prefetch: prefetch.rs:316 Prefetch local-hit timing: req_id=cmpl-perf-5aef90d44944-0-8fb40d2c total_keys=76 hit=0 missing=76 key_build=83.032µs cache_scan=21.38µs task_schedule=7.62µs total=151.653µs
2026-08-19T03:47:01.899863+00:00   INFO pegaflow_server::service: service.rs:955 Session closed: instance_id=05a31bef-300b-4a52-8d58-1d4db328d087-8c8135407276490caef78ba739a4b163 token=1 — running cleanup
2026-08-19T03:47:02.467692+00:00   INFO pegaflow_server::service: service.rs:59 Session cleanup (stream closed): dropped 72 device tensors for instance 05a31bef-300b-4a52-8d58-1d4db328d087-8c8135407276490caef78ba739a4b163
2026-08-19T03:47:02.467995+00:00   INFO pegaflow_core: lib.rs:471 Unregistered instance: 05a31bef-300b-4a52-8d58-1d4db328d087-8c8135407276490caef78ba739a4b163
2026-08-19T03:47:03.264182+00:00   INFO pegaflow_server::service: service.rs:955 Session closed: instance_id=61c617ee-8c33-44c8-9a59-284bc86914ac-c2aeff077483408f92eb8ecc396030e3 token=2 — running cleanup
2026-08-19T03:47:03.806882+00:00   INFO pegaflow_server::service: service.rs:59 Session cleanup (stream closed): dropped 72 device tensors for instance 61c617ee-8c33-44c8-9a59-284bc86914ac-c2aeff077483408f92eb8ecc396030e3
2026-08-19T03:47:03.807098+00:00   INFO pegaflow_core: lib.rs:471 Unregistered instance: 61c617ee-8c33-44c8-9a59-284bc86914ac-c2aeff077483408f92eb8ecc396030e3
2026-08-19T03:47:04.630392+00:00   INFO pegaflow_server::service: service.rs:955 Session closed: instance_id=5bae187f-b7c7-47a8-8574-b25f4f9a06e0-5e42300d338e44f3a845d8deaad725b3 token=4 — running cleanup
2026-08-19T03:47:05.269381+00:00   INFO pegaflow_server::service: service.rs:59 Session cleanup (stream closed): dropped 72 device tensors for instance 5bae187f-b7c7-47a8-8574-b25f4f9a06e0-5e42300d338e44f3a845d8deaad725b3
2026-08-19T03:47:05.269675+00:00   INFO pegaflow_core: lib.rs:471 Unregistered instance: 5bae187f-b7c7-47a8-8574-b25f4f9a06e0-5e42300d338e44f3a845d8deaad725b3
2026-08-19T03:47:05.896966+00:00   INFO pegaflow_server::service: service.rs:955 Session closed: instance_id=3e68ea7b-2f29-4451-9d28-3cf068ef9ee6-002014f52c34404ebbf2a266c3cddb05 token=3 — running cleanup
2026-08-19T03:47:06.538545+00:00   INFO pegaflow_server::service: service.rs:59 Session cleanup (stream closed): dropped 72 device tensors for instance 3e68ea7b-2f29-4451-9d28-3cf068ef9ee6-002014f52c34404ebbf2a266c3cddb05
2026-08-19T03:47:06.538742+00:00   INFO pegaflow_core: lib.rs:471 Unregistered instance: 3e68ea7b-2f29-4451-9d28-3cf068ef9ee6-002014f52c34404ebbf2a266c3cddb05
2026-08-19T03:47:07.112834+00:00   INFO pegaflow_server::service: service.rs:955 Session closed: instance_id=31d6ec81-8574-4b4b-a0a3-107ca326952d-c9526fc9ce80480c9fde9e9778b3cea0 token=5 — running cleanup
2026-08-19T03:47:07.784846+00:00   INFO pegaflow_server::service: service.rs:59 Session cleanup (stream closed): dropped 72 device tensors for instance 31d6ec81-8574-4b4b-a0a3-107ca326952d-c9526fc9ce80480c9fde9e9778b3cea0
2026-08-19T03:47:07.785113+00:00   INFO pegaflow_core: lib.rs:471 Unregistered instance: 31d6ec81-8574-4b4b-a0a3-107ca326952d-c9526fc9ce80480c9fde9e9778b3cea0
2026-08-19T03:47:08.527845+00:00   INFO pegaflow_server::service: service.rs:955 Session closed: instance_id=62d38658-66e4-41ab-8819-78f2c147dca9-6aacd4a8150d45c594abb6dc7b8390ec token=6 — running cleanup
2026-08-19T03:47:09.216934+00:00   INFO pegaflow_server::service: service.rs:59 Session cleanup (stream closed): dropped 72 device tensors for instance 62d38658-66e4-41ab-8819-78f2c147dca9-6aacd4a8150d45c594abb6dc7b8390ec
2026-08-19T03:47:09.217129+00:00   INFO pegaflow_core: lib.rs:471 Unregistered instance: 62d38658-66e4-41ab-8819-78f2c147dca9-6aacd4a8150d45c594abb6dc7b8390ec
2026-08-19T03:47:09.845256+00:00   INFO pegaflow_server::service: service.rs:955 Session closed: instance_id=0168b592-7058-499e-8cb6-d2c2c5db6f81-32be68d79aaf4ae3828c50fc32d54059 token=7 — running cleanup
2026-08-19T03:47:10.429152+00:00   INFO pegaflow_server::service: service.rs:59 Session cleanup (stream closed): dropped 72 device tensors for instance 0168b592-7058-499e-8cb6-d2c2c5db6f81-32be68d79aaf4ae3828c50fc32d54059
2026-08-19T03:47:10.429348+00:00   INFO pegaflow_core: lib.rs:471 Unregistered instance: 0168b592-7058-499e-8cb6-d2c2c5db6f81-32be68d79aaf4ae3828c50fc32d54059
2026-08-19T03:47:11.162013+00:00   INFO pegaflow_server::service: service.rs:955 Session closed: instance_id=4e62d948-7b69-40bb-abe7-5bd3f68dcaa9-b7a081f200ee42859d683711648f51e1 token=8 — running cleanup
2026-08-19T03:47:11.765887+00:00   INFO pegaflow_server::service: service.rs:59 Session cleanup (stream closed): dropped 72 device tensors for instance 4e62d948-7b69-40bb-abe7-5bd3f68dcaa9-b7a081f200ee42859d683711648f51e1
2026-08-19T03:47:11.766089+00:00   INFO pegaflow_core: lib.rs:471 Unregistered instance: 4e62d948-7b69-40bb-abe7-5bd3f68dcaa9-b7a081f200ee42859d683711648f51e1
