2026-08-18T15:00:37.555777+00:00   INFO pegaflow_server: lib.rs:480 Starting pega-engine-server v0.23.3
2026-08-18T15:00:38.386415+00:00   INFO pegaflow_server: lib.rs:319 Ascend ACL runtime initialized, device 0 set as current
2026-08-18T15:00:38.386647+00:00   INFO pegaflow_server::check_ascend_version: check_ascend_version.rs:40 Ascend preflight: minimum required version 1.16.0
2026-08-18T15:00:38.386731+00:00   INFO pegaflow_server::check_ascend_version: check_ascend_version.rs:52 Ascend preflight: runtime version 1.17.0 detected
2026-08-18T15:00:38.386773+00:00   INFO pegaflow_server: lib.rs:498 Using specified device(s): [0, 1, 2, 3, 4, 5, 6, 7]
2026-08-18T15:00:47.441752+00:00   INFO pegaflow_server: lib.rs:397 Initialized context for device 0 in 0.01s
2026-08-18T15:00:48.157460+00:00   INFO pegaflow_server: lib.rs:397 Initialized context for device 1 in 0.72s
2026-08-18T15:00:48.878137+00:00   INFO pegaflow_server: lib.rs:397 Initialized context for device 2 in 0.72s
2026-08-18T15:00:49.590129+00:00   INFO pegaflow_server: lib.rs:397 Initialized context for device 3 in 0.71s
2026-08-18T15:00:50.329630+00:00   INFO pegaflow_server: lib.rs:397 Initialized context for device 4 in 0.74s
2026-08-18T15:00:51.062595+00:00   INFO pegaflow_server: lib.rs:397 Initialized context for device 5 in 0.73s
2026-08-18T15:00:51.821556+00:00   INFO pegaflow_server: lib.rs:397 Initialized context for device 6 in 0.76s
2026-08-18T15:00:52.535533+00:00   INFO pegaflow_server: lib.rs:397 Initialized context for device 7 in 0.71s
2026-08-18T15:00:52.535798+00:00   INFO pegaflow_server: lib.rs:507 Device runtime initialized for 8 device(s): [0, 1, 2, 3, 4, 5, 6, 7]
2026-08-18T15:00:52.536191+00:00   INFO pegaflow_server: lib.rs:528 Creating PegaEngine with pinned memory pool: 16.00 GiB (17179869184 bytes), hugepages=false
2026-08-18T15:00:52.564010+00:00   INFO pegaflow_server: lib.rs:446 Prometheus metrics exporter enabled
2026-08-18T15:00:52.564415+00:00   INFO opentelemetry: metrics.rs:29  name="MeterProvider.GlobalSet" message=Global meter provider is set. Meters can now be created using global::meter() or global::meter_with_scope().
2026-08-18T15:00:57.980173+00:00   INFO pegaflow_common::numa: numa.rs:650 === Device-NUMA Topology ===
2026-08-18T15:00:57.980406+00:00   INFO pegaflow_common::numa: numa.rs:651 NUMA nodes: 8
2026-08-18T15:00:57.980474+00:00   INFO pegaflow_common::numa: numa.rs:659   Device 0 -> NUMA6
2026-08-18T15:00:57.980502+00:00   INFO pegaflow_common::numa: numa.rs:659   Device 1 -> NUMA0
2026-08-18T15:00:57.980522+00:00   INFO pegaflow_common::numa: numa.rs:659   Device 2 -> NUMA6
2026-08-18T15:00:57.980542+00:00   INFO pegaflow_common::numa: numa.rs:659   Device 3 -> NUMA0
2026-08-18T15:00:57.980561+00:00   INFO pegaflow_common::numa: numa.rs:659   Device 4 -> NUMA4
2026-08-18T15:00:57.980579+00:00   INFO pegaflow_common::numa: numa.rs:659   Device 5 -> NUMA2
2026-08-18T15:00:57.980598+00:00   INFO pegaflow_common::numa: numa.rs:659   Device 6 -> NUMA4
2026-08-18T15:00:57.980617+00:00   INFO pegaflow_common::numa: numa.rs:659   Device 7 -> NUMA2
2026-08-18T15:00:57.980680+00:00   INFO pegaflow_core: lib.rs:163 Auto-enabling NUMA-aware memory allocation for 4 GPU-local NUMA nodes (8 CPU NUMA nodes detected)
2026-08-18T15:00:57.980707+00:00   INFO pegaflow_core::storage: mod.rs:150 Creating NUMA-aware pinned pools for 4 nodes
2026-08-18T15:00:57.980743+00:00   INFO pegaflow_core::pinned_pool: pinned_pool.rs:547 Creating NUMA-aware pools: total=16.0 GiB, nodes=4, per_node=4.0 GiB, shards_per_node=1
2026-08-18T15:00:57.982281+00:00   INFO pegaflow_core::pinned_pool: pinned_pool.rs:203 Allocating pinned memory pool with aclrtMallocHost mapped pages
2026-08-18T15:00:57.982346+00:00   INFO pegaflow_core::pinned_pool: pinned_pool.rs:262 Ascend pinned pool on NUMA node NUMA0 → using device 1
2026-08-18T15:00:58.152863+00:00   INFO pegaflow_core::pinned_pool: pinned_pool.rs:213 Pinned pool: backing_size=4.0 GiB, unit_size=512 B, max_units=8388608, allocatable_size=4.0 GiB
2026-08-18T15:00:58.492414+00:00   INFO pegaflow_core::pinned_pool: pinned_pool.rs:580 Created pinned pool on NUMA0: capacity=4.0 GiB
2026-08-18T15:00:58.493872+00:00   INFO pegaflow_core::pinned_pool: pinned_pool.rs:203 Allocating pinned memory pool with aclrtMallocHost mapped pages
2026-08-18T15:00:58.494034+00:00   INFO pegaflow_core::pinned_pool: pinned_pool.rs:262 Ascend pinned pool on NUMA node NUMA2 → using device 5
2026-08-18T15:00:58.678164+00:00   INFO pegaflow_core::pinned_pool: pinned_pool.rs:213 Pinned pool: backing_size=4.0 GiB, unit_size=512 B, max_units=8388608, allocatable_size=4.0 GiB
2026-08-18T15:00:59.030293+00:00   INFO pegaflow_core::pinned_pool: pinned_pool.rs:580 Created pinned pool on NUMA2: capacity=4.0 GiB
2026-08-18T15:00:59.031717+00:00   INFO pegaflow_core::pinned_pool: pinned_pool.rs:203 Allocating pinned memory pool with aclrtMallocHost mapped pages
2026-08-18T15:00:59.031906+00:00   INFO pegaflow_core::pinned_pool: pinned_pool.rs:262 Ascend pinned pool on NUMA node NUMA4 → using device 4
2026-08-18T15:00:59.203111+00:00   INFO pegaflow_core::pinned_pool: pinned_pool.rs:213 Pinned pool: backing_size=4.0 GiB, unit_size=512 B, max_units=8388608, allocatable_size=4.0 GiB
2026-08-18T15:00:59.555709+00:00   INFO pegaflow_core::pinned_pool: pinned_pool.rs:580 Created pinned pool on NUMA4: capacity=4.0 GiB
2026-08-18T15:00:59.557040+00:00   INFO pegaflow_core::pinned_pool: pinned_pool.rs:203 Allocating pinned memory pool with aclrtMallocHost mapped pages
2026-08-18T15:00:59.557253+00:00   INFO pegaflow_core::pinned_pool: pinned_pool.rs:262 Ascend pinned pool on NUMA node NUMA6 → using device 2
2026-08-18T15:00:59.721237+00:00   INFO pegaflow_core::pinned_pool: pinned_pool.rs:213 Pinned pool: backing_size=4.0 GiB, unit_size=512 B, max_units=8388608, allocatable_size=4.0 GiB
2026-08-18T15:01:00.066933+00:00   INFO pegaflow_core::pinned_pool: pinned_pool.rs:580 Created pinned pool on NUMA6: capacity=4.0 GiB
2026-08-18T15:01:00.067863+00:00   INFO pegaflow_server: lib.rs:688 Background GC task started (interval=60s, inflight_max_age=5m, failed_remote_max_age=5m)
2026-08-18T15:01:00.068384+00:00   INFO pegaflow_server::http_server: http_server.rs:187 Starting HTTP server on 0.0.0.0:9091 (/health, /metrics, /instances, /instances/cleanup, /cache/memory/cleanup)
2026-08-18T15:01:00.068532+00:00   INFO pegaflow_server: lib.rs:716 PegaEngine gRPC server listening on 0.0.0.0:50080
2026-08-18T15:03:05.295970+00:00   INFO pegaflow_server::registry: registry.rs:217 IPC import timing: device_id=5 size_bytes=533725184 import_ms=12.51 (perf-t1)
2026-08-18T15:03:05.301742+00:00   INFO pegaflow_server::registry: registry.rs:217 IPC import timing: device_id=5 size_bytes=533725184 import_ms=3.51 (perf-t1)
2026-08-18T15:03:05.305433+00:00   INFO pegaflow_server::registry: registry.rs:217 IPC import timing: device_id=5 size_bytes=533725184 import_ms=3.02 (perf-t1)
2026-08-18T15:03:05.309149+00:00   INFO pegaflow_server::registry: registry.rs:217 IPC import timing: device_id=5 size_bytes=533725184 import_ms=3.10 (perf-t1)
2026-08-18T15:03:05.312792+00:00   INFO pegaflow_server::registry: registry.rs:217 IPC import timing: device_id=5 size_bytes=533725184 import_ms=2.97 (perf-t1)
2026-08-18T15:03:05.316438+00:00   INFO pegaflow_server::registry: registry.rs:217 IPC import timing: device_id=5 size_bytes=533725184 import_ms=3.03 (perf-t1)
2026-08-18T15:03:05.319983+00:00   INFO pegaflow_server::registry: registry.rs:217 IPC import timing: device_id=5 size_bytes=533725184 import_ms=2.98 (perf-t1)
2026-08-18T15:03:05.325883+00:00   INFO pegaflow_server::registry: registry.rs:217 IPC import timing: device_id=5 size_bytes=533725184 import_ms=5.25 (perf-t1)
2026-08-18T15:03:05.329713+00:00   INFO pegaflow_server::registry: registry.rs:217 IPC import timing: device_id=5 size_bytes=533725184 import_ms=3.09 (perf-t1)
2026-08-18T15:03:05.333406+00:00   INFO pegaflow_server::registry: registry.rs:217 IPC import timing: device_id=5 size_bytes=533725184 import_ms=3.06 (perf-t1)
2026-08-18T15:03:05.338200+00:00   INFO pegaflow_server::registry: registry.rs:217 IPC import timing: device_id=5 size_bytes=533725184 import_ms=4.15 (perf-t1)
2026-08-18T15:03:05.341821+00:00   INFO pegaflow_server::registry: registry.rs:217 IPC import timing: device_id=5 size_bytes=533725184 import_ms=3.00 (perf-t1)
2026-08-18T15:03:05.345461+00:00   INFO pegaflow_server::registry: registry.rs:217 IPC import timing: device_id=5 size_bytes=533725184 import_ms=3.02 (perf-t1)
2026-08-18T15:03:05.349126+00:00   INFO pegaflow_server::registry: registry.rs:217 IPC import timing: device_id=5 size_bytes=533725184 import_ms=3.03 (perf-t1)
2026-08-18T15:03:05.352656+00:00   INFO pegaflow_server::registry: registry.rs:217 IPC import timing: device_id=5 size_bytes=533725184 import_ms=2.92 (perf-t1)
2026-08-18T15:03:05.356226+00:00   INFO pegaflow_server::registry: registry.rs:217 IPC import timing: device_id=5 size_bytes=533725184 import_ms=2.85 (perf-t1)
2026-08-18T15:03:05.359753+00:00   INFO pegaflow_server::registry: registry.rs:217 IPC import timing: device_id=5 size_bytes=533725184 import_ms=2.87 (perf-t1)
2026-08-18T15:03:05.363180+00:00   INFO pegaflow_server::registry: registry.rs:217 IPC import timing: device_id=5 size_bytes=533725184 import_ms=2.86 (perf-t1)
2026-08-18T15:03:05.366657+00:00   INFO pegaflow_server::registry: registry.rs:217 IPC import timing: device_id=5 size_bytes=533725184 import_ms=2.89 (perf-t1)
2026-08-18T15:03:05.370046+00:00   INFO pegaflow_server::registry: registry.rs:217 IPC import timing: device_id=5 size_bytes=533725184 import_ms=2.78 (perf-t1)
2026-08-18T15:03:05.373489+00:00   INFO pegaflow_server::registry: registry.rs:217 IPC import timing: device_id=5 size_bytes=533725184 import_ms=2.88 (perf-t1)
2026-08-18T15:03:05.376999+00:00   INFO pegaflow_server::registry: registry.rs:217 IPC import timing: device_id=5 size_bytes=533725184 import_ms=2.91 (perf-t1)
2026-08-18T15:03:05.380577+00:00   INFO pegaflow_server::registry: registry.rs:217 IPC import timing: device_id=5 size_bytes=533725184 import_ms=2.92 (perf-t1)
2026-08-18T15:03:05.384073+00:00   INFO pegaflow_server::registry: registry.rs:217 IPC import timing: device_id=5 size_bytes=533725184 import_ms=2.90 (perf-t1)
2026-08-18T15:03:05.387533+00:00   INFO pegaflow_server::registry: registry.rs:217 IPC import timing: device_id=5 size_bytes=533725184 import_ms=2.86 (perf-t1)
2026-08-18T15:03:05.391094+00:00   INFO pegaflow_server::registry: registry.rs:217 IPC import timing: device_id=5 size_bytes=533725184 import_ms=2.93 (perf-t1)
2026-08-18T15:03:05.430326+00:00   INFO pegaflow_server::registry: registry.rs:217 IPC import timing: device_id=5 size_bytes=533725184 import_ms=38.65 (perf-t1)
2026-08-18T15:03:05.434129+00:00   INFO pegaflow_server::registry: registry.rs:217 IPC import timing: device_id=5 size_bytes=533725184 import_ms=2.98 (perf-t1)
2026-08-18T15:03:05.437987+00:00   INFO pegaflow_server::registry: registry.rs:217 IPC import timing: device_id=5 size_bytes=533725184 import_ms=3.23 (perf-t1)
2026-08-18T15:03:05.441632+00:00   INFO pegaflow_server::registry: registry.rs:217 IPC import timing: device_id=5 size_bytes=533725184 import_ms=2.91 (perf-t1)
2026-08-18T15:03:05.445428+00:00   INFO pegaflow_server::registry: registry.rs:217 IPC import timing: device_id=5 size_bytes=533725184 import_ms=2.84 (perf-t1)
2026-08-18T15:03:05.449037+00:00   INFO pegaflow_server::registry: registry.rs:217 IPC import timing: device_id=5 size_bytes=533725184 import_ms=2.92 (perf-t1)
2026-08-18T15:03:05.454392+00:00   INFO pegaflow_server::registry: registry.rs:217 IPC import timing: device_id=5 size_bytes=533725184 import_ms=4.82 (perf-t1)
2026-08-18T15:03:05.457780+00:00   INFO pegaflow_server::registry: registry.rs:217 IPC import timing: device_id=5 size_bytes=533725184 import_ms=2.87 (perf-t1)
2026-08-18T15:03:05.461243+00:00   INFO pegaflow_server::registry: registry.rs:217 IPC import timing: device_id=5 size_bytes=533725184 import_ms=2.89 (perf-t1)
2026-08-18T15:03:05.464654+00:00   INFO pegaflow_server::registry: registry.rs:217 IPC import timing: device_id=5 size_bytes=533725184 import_ms=2.90 (perf-t1)
2026-08-18T15:03:05.469777+00:00   INFO pegaflow_server::registry: registry.rs:217 IPC import timing: device_id=5 size_bytes=533725184 import_ms=4.60 (perf-t1)
2026-08-18T15:03:05.474963+00:00   INFO pegaflow_server::registry: registry.rs:217 IPC import timing: device_id=5 size_bytes=533725184 import_ms=4.61 (perf-t1)
2026-08-18T15:03:05.478724+00:00   INFO pegaflow_server::registry: registry.rs:217 IPC import timing: device_id=5 size_bytes=533725184 import_ms=3.23 (perf-t1)
2026-08-18T15:03:05.482093+00:00   INFO pegaflow_server::registry: registry.rs:217 IPC import timing: device_id=5 size_bytes=533725184 import_ms=2.84 (perf-t1)
2026-08-18T15:03:05.485545+00:00   INFO pegaflow_server::registry: registry.rs:217 IPC import timing: device_id=5 size_bytes=533725184 import_ms=2.90 (perf-t1)
2026-08-18T15:03:05.489022+00:00   INFO pegaflow_server::registry: registry.rs:217 IPC import timing: device_id=5 size_bytes=533725184 import_ms=2.93 (perf-t1)
2026-08-18T15:03:05.492370+00:00   INFO pegaflow_server::registry: registry.rs:217 IPC import timing: device_id=5 size_bytes=533725184 import_ms=2.83 (perf-t1)
2026-08-18T15:03:05.496164+00:00   INFO pegaflow_server::registry: registry.rs:217 IPC import timing: device_id=5 size_bytes=533725184 import_ms=3.23 (perf-t1)
2026-08-18T15:03:05.499659+00:00   INFO pegaflow_server::registry: registry.rs:217 IPC import timing: device_id=5 size_bytes=533725184 import_ms=2.92 (perf-t1)
2026-08-18T15:03:05.505166+00:00   INFO pegaflow_server::registry: registry.rs:217 IPC import timing: device_id=5 size_bytes=533725184 import_ms=4.99 (perf-t1)
2026-08-18T15:03:05.510016+00:00   INFO pegaflow_server::registry: registry.rs:217 IPC import timing: device_id=5 size_bytes=533725184 import_ms=4.25 (perf-t1)
2026-08-18T15:03:05.514270+00:00   INFO pegaflow_server::registry: registry.rs:217 IPC import timing: device_id=5 size_bytes=533725184 import_ms=3.72 (perf-t1)
2026-08-18T15:03:05.517609+00:00   INFO pegaflow_server::registry: registry.rs:217 IPC import timing: device_id=5 size_bytes=533725184 import_ms=2.80 (perf-t1)
2026-08-18T15:03:05.524096+00:00   INFO pegaflow_server::registry: registry.rs:217 IPC import timing: device_id=5 size_bytes=533725184 import_ms=5.90 (perf-t1)
2026-08-18T15:03:05.527491+00:00   INFO pegaflow_server::registry: registry.rs:217 IPC import timing: device_id=5 size_bytes=533725184 import_ms=2.83 (perf-t1)
2026-08-18T15:03:05.530894+00:00   INFO pegaflow_server::registry: registry.rs:217 IPC import timing: device_id=5 size_bytes=533725184 import_ms=2.85 (perf-t1)
2026-08-18T15:03:05.572881+00:00   INFO pegaflow_server::registry: registry.rs:217 IPC import timing: device_id=5 size_bytes=533725184 import_ms=41.39 (perf-t1)
2026-08-18T15:03:05.576368+00:00   INFO pegaflow_server::registry: registry.rs:217 IPC import timing: device_id=5 size_bytes=533725184 import_ms=2.86 (perf-t1)
2026-08-18T15:03:05.579817+00:00   INFO pegaflow_server::registry: registry.rs:217 IPC import timing: device_id=5 size_bytes=533725184 import_ms=2.90 (perf-t1)
2026-08-18T15:03:05.583188+00:00   INFO pegaflow_server::registry: registry.rs:217 IPC import timing: device_id=5 size_bytes=533725184 import_ms=2.79 (perf-t1)
2026-08-18T15:03:05.586560+00:00   INFO pegaflow_server::registry: registry.rs:217 IPC import timing: device_id=5 size_bytes=533725184 import_ms=2.85 (perf-t1)
2026-08-18T15:03:05.590079+00:00   INFO pegaflow_server::registry: registry.rs:217 IPC import timing: device_id=5 size_bytes=533725184 import_ms=2.79 (perf-t1)
2026-08-18T15:03:05.593676+00:00   INFO pegaflow_server::registry: registry.rs:217 IPC import timing: device_id=5 size_bytes=533725184 import_ms=3.06 (perf-t1)
2026-08-18T15:03:05.597054+00:00   INFO pegaflow_server::registry: registry.rs:217 IPC import timing: device_id=5 size_bytes=533725184 import_ms=2.87 (perf-t1)
2026-08-18T15:03:05.600464+00:00   INFO pegaflow_server::registry: registry.rs:217 IPC import timing: device_id=5 size_bytes=533725184 import_ms=2.90 (perf-t1)
2026-08-18T15:03:05.604943+00:00   INFO pegaflow_server::registry: registry.rs:217 IPC import timing: device_id=5 size_bytes=533725184 import_ms=3.93 (perf-t1)
2026-08-18T15:03:05.608778+00:00   INFO pegaflow_server::registry: registry.rs:217 IPC import timing: device_id=5 size_bytes=533725184 import_ms=3.25 (perf-t1)
2026-08-18T15:03:05.612534+00:00   INFO pegaflow_server::registry: registry.rs:217 IPC import timing: device_id=5 size_bytes=533725184 import_ms=3.23 (perf-t1)
2026-08-18T15:03:05.615923+00:00   INFO pegaflow_server::registry: registry.rs:217 IPC import timing: device_id=5 size_bytes=533725184 import_ms=2.86 (perf-t1)
2026-08-18T15:03:05.619295+00:00   INFO pegaflow_server::registry: registry.rs:217 IPC import timing: device_id=5 size_bytes=533725184 import_ms=2.82 (perf-t1)
2026-08-18T15:03:05.622638+00:00   INFO pegaflow_server::registry: registry.rs:217 IPC import timing: device_id=5 size_bytes=533725184 import_ms=2.83 (perf-t1)
2026-08-18T15:03:05.626022+00:00   INFO pegaflow_server::registry: registry.rs:217 IPC import timing: device_id=5 size_bytes=533725184 import_ms=2.85 (perf-t1)
2026-08-18T15:03:05.629435+00:00   INFO pegaflow_server::registry: registry.rs:217 IPC import timing: device_id=5 size_bytes=533725184 import_ms=2.86 (perf-t1)
2026-08-18T15:03:05.673946+00:00   INFO pegaflow_server::registry: registry.rs:217 IPC import timing: device_id=5 size_bytes=533725184 import_ms=43.99 (perf-t1)
2026-08-18T15:03:05.677582+00:00   INFO pegaflow_server::registry: registry.rs:217 IPC import timing: device_id=5 size_bytes=533725184 import_ms=2.92 (perf-t1)
2026-08-18T15:03:05.681109+00:00   INFO pegaflow_server::registry: registry.rs:217 IPC import timing: device_id=5 size_bytes=533725184 import_ms=2.84 (perf-t1)
2026-08-18T15:03:05.685059+00:00   INFO pegaflow_core::gpu_worker: gpu_worker.rs:338 GPU worker initialized: device=5 backend=ascend_batch device_id=5
2026-08-18T15:03:05.685158+00:00   INFO pegaflow_core::gpu_worker: gpu_worker.rs:338 GPU worker initialized: device=5 backend=ascend_batch device_id=5
2026-08-18T15:03:05.685490+00:00   INFO pegaflow_core::gpu_worker: gpu_worker.rs:200 GPU worker pool started: device=5, numa_node=NUMA2, transfer_mode=AscendDirect
2026-08-18T15:03:05.686278+00:00   INFO pegaflow_core::instance: instance.rs:706 Sealed instance topology: instance=c7d00eb8-7f26-4a0a-b2a3-0c27fe01bd7c-3c51200235bc4e21835c8a514dbf9671, num_layers=72, tp_size=1, world_size=1, total_slots=72
2026-08-18T15:03:05.686345+00:00   INFO pegaflow_core::instance: instance.rs:719 Initialized GPU context: device_id=5, numa_node=NUMA2
2026-08-18T15:03:05.686378+00:00   INFO pegaflow_core: lib.rs:452 Registered context batch: instance=c7d00eb8-7f26-4a0a-b2a3-0c27fe01bd7c-3c51200235bc4e21835c8a514dbf9671, namespace=perf-t2-c4-i200-iso-c1-5, device=5, layers=72, tp_rank=0/1, pp_rank=0
2026-08-18T15:03:07.791301+00:00   INFO pegaflow_server::registry: registry.rs:217 IPC import timing: device_id=3 size_bytes=142606336 import_ms=38.54 (perf-t1)
2026-08-18T15:03:07.793997+00:00   INFO pegaflow_server::registry: registry.rs:217 IPC import timing: device_id=3 size_bytes=142606336 import_ms=1.69 (perf-t1)
2026-08-18T15:03:07.796082+00:00   INFO pegaflow_server::registry: registry.rs:217 IPC import timing: device_id=3 size_bytes=142606336 import_ms=1.34 (perf-t1)
2026-08-18T15:03:07.842753+00:00   INFO pegaflow_server::registry: registry.rs:217 IPC import timing: device_id=3 size_bytes=142606336 import_ms=46.00 (perf-t1)
2026-08-18T15:03:07.845303+00:00   INFO pegaflow_server::registry: registry.rs:217 IPC import timing: device_id=3 size_bytes=142606336 import_ms=1.58 (perf-t1)
2026-08-18T15:03:07.847383+00:00   INFO pegaflow_server::registry: registry.rs:217 IPC import timing: device_id=3 size_bytes=142606336 import_ms=1.36 (perf-t1)
2026-08-18T15:03:07.925052+00:00   INFO pegaflow_server::registry: registry.rs:217 IPC import timing: device_id=3 size_bytes=142606336 import_ms=77.00 (perf-t1)
2026-08-18T15:03:07.927412+00:00   INFO pegaflow_server::registry: registry.rs:217 IPC import timing: device_id=3 size_bytes=142606336 import_ms=1.47 (perf-t1)
2026-08-18T15:03:07.935900+00:00   INFO pegaflow_server::registry: registry.rs:217 IPC import timing: device_id=3 size_bytes=142606336 import_ms=1.67 (perf-t1)
2026-08-18T15:03:08.003851+00:00   INFO pegaflow_server::registry: registry.rs:217 IPC import timing: device_id=3 size_bytes=142606336 import_ms=67.16 (perf-t1)
2026-08-18T15:03:08.006549+00:00   INFO pegaflow_server::registry: registry.rs:217 IPC import timing: device_id=3 size_bytes=142606336 import_ms=1.58 (perf-t1)
2026-08-18T15:03:08.008897+00:00   INFO pegaflow_server::registry: registry.rs:217 IPC import timing: device_id=3 size_bytes=142606336 import_ms=1.45 (perf-t1)
2026-08-18T15:03:08.096037+00:00   INFO pegaflow_server::registry: registry.rs:217 IPC import timing: device_id=3 size_bytes=142606336 import_ms=86.33 (perf-t1)
2026-08-18T15:03:08.098425+00:00   INFO pegaflow_server::registry: registry.rs:217 IPC import timing: device_id=3 size_bytes=142606336 import_ms=1.38 (perf-t1)
2026-08-18T15:03:08.100246+00:00   INFO pegaflow_server::registry: registry.rs:217 IPC import timing: device_id=3 size_bytes=142606336 import_ms=1.21 (perf-t1)
2026-08-18T15:03:08.195473+00:00   INFO pegaflow_server::registry: registry.rs:217 IPC import timing: device_id=3 size_bytes=142606336 import_ms=94.66 (perf-t1)
2026-08-18T15:03:08.197335+00:00   INFO pegaflow_server::registry: registry.rs:217 IPC import timing: device_id=3 size_bytes=142606336 import_ms=1.27 (perf-t1)
2026-08-18T15:03:08.198974+00:00   INFO pegaflow_server::registry: registry.rs:217 IPC import timing: device_id=3 size_bytes=142606336 import_ms=1.09 (perf-t1)
2026-08-18T15:03:08.283356+00:00   INFO pegaflow_server::registry: registry.rs:217 IPC import timing: device_id=3 size_bytes=142606336 import_ms=83.85 (perf-t1)
2026-08-18T15:03:08.285261+00:00   INFO pegaflow_server::registry: registry.rs:217 IPC import timing: device_id=3 size_bytes=142606336 import_ms=1.29 (perf-t1)
2026-08-18T15:03:08.287073+00:00   INFO pegaflow_server::registry: registry.rs:217 IPC import timing: device_id=3 size_bytes=142606336 import_ms=1.23 (perf-t1)
2026-08-18T15:03:08.331347+00:00   INFO pegaflow_server::registry: registry.rs:217 IPC import timing: device_id=3 size_bytes=142606336 import_ms=43.76 (perf-t1)
2026-08-18T15:03:08.333223+00:00   INFO pegaflow_server::registry: registry.rs:217 IPC import timing: device_id=3 size_bytes=142606336 import_ms=1.33 (perf-t1)
2026-08-18T15:03:08.334951+00:00   INFO pegaflow_server::registry: registry.rs:217 IPC import timing: device_id=3 size_bytes=142606336 import_ms=1.19 (perf-t1)
2026-08-18T15:03:08.381281+00:00   INFO pegaflow_server::registry: registry.rs:217 IPC import timing: device_id=3 size_bytes=142606336 import_ms=45.81 (perf-t1)
2026-08-18T15:03:08.383041+00:00   INFO pegaflow_server::registry: registry.rs:217 IPC import timing: device_id=3 size_bytes=142606336 import_ms=1.23 (perf-t1)
2026-08-18T15:03:08.384875+00:00   INFO pegaflow_server::registry: registry.rs:217 IPC import timing: device_id=3 size_bytes=142606336 import_ms=1.29 (perf-t1)
2026-08-18T15:03:08.427109+00:00   INFO pegaflow_server::registry: registry.rs:217 IPC import timing: device_id=3 size_bytes=142606336 import_ms=41.70 (perf-t1)
2026-08-18T15:03:08.429325+00:00   INFO pegaflow_server::registry: registry.rs:217 IPC import timing: device_id=3 size_bytes=142606336 import_ms=1.69 (perf-t1)
2026-08-18T15:03:08.431598+00:00   INFO pegaflow_server::registry: registry.rs:217 IPC import timing: device_id=3 size_bytes=142606336 import_ms=1.67 (perf-t1)
2026-08-18T15:03:08.433975+00:00   INFO pegaflow_server::registry: registry.rs:217 IPC import timing: device_id=3 size_bytes=142606336 import_ms=1.85 (perf-t1)
2026-08-18T15:03:08.435740+00:00   INFO pegaflow_server::registry: registry.rs:217 IPC import timing: device_id=3 size_bytes=142606336 import_ms=1.26 (perf-t1)
2026-08-18T15:03:08.437415+00:00   INFO pegaflow_server::registry: registry.rs:217 IPC import timing: device_id=3 size_bytes=142606336 import_ms=1.15 (perf-t1)
2026-08-18T15:03:08.523651+00:00   INFO pegaflow_server::registry: registry.rs:217 IPC import timing: device_id=3 size_bytes=142606336 import_ms=85.74 (perf-t1)
2026-08-18T15:03:08.525500+00:00   INFO pegaflow_server::registry: registry.rs:217 IPC import timing: device_id=3 size_bytes=142606336 import_ms=1.23 (perf-t1)
2026-08-18T15:03:08.527399+00:00   INFO pegaflow_server::registry: registry.rs:217 IPC import timing: device_id=3 size_bytes=142606336 import_ms=1.33 (perf-t1)
2026-08-18T15:03:08.571312+00:00   INFO pegaflow_server::registry: registry.rs:217 IPC import timing: device_id=3 size_bytes=142606336 import_ms=43.41 (perf-t1)
2026-08-18T15:03:08.572986+00:00   INFO pegaflow_server::registry: registry.rs:217 IPC import timing: device_id=3 size_bytes=142606336 import_ms=1.18 (perf-t1)
2026-08-18T15:03:08.574757+00:00   INFO pegaflow_server::registry: registry.rs:217 IPC import timing: device_id=3 size_bytes=142606336 import_ms=1.24 (perf-t1)
2026-08-18T15:03:08.667387+00:00   INFO pegaflow_server::registry: registry.rs:217 IPC import timing: device_id=3 size_bytes=142606336 import_ms=92.13 (perf-t1)
2026-08-18T15:03:08.669217+00:00   INFO pegaflow_server::registry: registry.rs:217 IPC import timing: device_id=3 size_bytes=142606336 import_ms=1.24 (perf-t1)
2026-08-18T15:03:08.671063+00:00   INFO pegaflow_server::registry: registry.rs:217 IPC import timing: device_id=3 size_bytes=142606336 import_ms=1.22 (perf-t1)
2026-08-18T15:03:08.715314+00:00   INFO pegaflow_server::registry: registry.rs:217 IPC import timing: device_id=3 size_bytes=142606336 import_ms=43.72 (perf-t1)
2026-08-18T15:03:08.717184+00:00   INFO pegaflow_server::registry: registry.rs:217 IPC import timing: device_id=3 size_bytes=142606336 import_ms=1.24 (perf-t1)
2026-08-18T15:03:08.723453+00:00   INFO pegaflow_server::registry: registry.rs:217 IPC import timing: device_id=3 size_bytes=142606336 import_ms=5.68 (perf-t1)
2026-08-18T15:03:08.764179+00:00   INFO pegaflow_server::registry: registry.rs:217 IPC import timing: device_id=3 size_bytes=142606336 import_ms=40.21 (perf-t1)
2026-08-18T15:03:08.766100+00:00   INFO pegaflow_server::registry: registry.rs:217 IPC import timing: device_id=3 size_bytes=142606336 import_ms=1.34 (perf-t1)
2026-08-18T15:03:08.767811+00:00   INFO pegaflow_server::registry: registry.rs:217 IPC import timing: device_id=3 size_bytes=142606336 import_ms=1.16 (perf-t1)
2026-08-18T15:03:08.811554+00:00   INFO pegaflow_server::registry: registry.rs:217 IPC import timing: device_id=3 size_bytes=142606336 import_ms=43.25 (perf-t1)
2026-08-18T15:03:08.813273+00:00   INFO pegaflow_server::registry: registry.rs:217 IPC import timing: device_id=3 size_bytes=142606336 import_ms=1.21 (perf-t1)
2026-08-18T15:03:08.814985+00:00   INFO pegaflow_server::registry: registry.rs:217 IPC import timing: device_id=3 size_bytes=142606336 import_ms=1.18 (perf-t1)
2026-08-18T15:03:08.855223+00:00   INFO pegaflow_server::registry: registry.rs:217 IPC import timing: device_id=3 size_bytes=142606336 import_ms=39.75 (perf-t1)
2026-08-18T15:03:08.857032+00:00   INFO pegaflow_server::registry: registry.rs:217 IPC import timing: device_id=3 size_bytes=142606336 import_ms=1.24 (perf-t1)
2026-08-18T15:03:08.858782+00:00   INFO pegaflow_server::registry: registry.rs:217 IPC import timing: device_id=3 size_bytes=142606336 import_ms=1.21 (perf-t1)
2026-08-18T15:03:08.960204+00:00   INFO pegaflow_server::registry: registry.rs:217 IPC import timing: device_id=3 size_bytes=142606336 import_ms=100.92 (perf-t1)
2026-08-18T15:03:08.962361+00:00   INFO pegaflow_server::registry: registry.rs:217 IPC import timing: device_id=3 size_bytes=142606336 import_ms=1.31 (perf-t1)
2026-08-18T15:03:08.964234+00:00   INFO pegaflow_server::registry: registry.rs:217 IPC import timing: device_id=3 size_bytes=142606336 import_ms=1.32 (perf-t1)
2026-08-18T15:03:09.007421+00:00   INFO pegaflow_server::registry: registry.rs:217 IPC import timing: device_id=3 size_bytes=142606336 import_ms=42.33 (perf-t1)
2026-08-18T15:03:09.009256+00:00   INFO pegaflow_server::registry: registry.rs:217 IPC import timing: device_id=3 size_bytes=142606336 import_ms=1.25 (perf-t1)
2026-08-18T15:03:09.011002+00:00   INFO pegaflow_server::registry: registry.rs:217 IPC import timing: device_id=3 size_bytes=142606336 import_ms=1.20 (perf-t1)
2026-08-18T15:03:09.055708+00:00   INFO pegaflow_server::registry: registry.rs:217 IPC import timing: device_id=3 size_bytes=142606336 import_ms=44.14 (perf-t1)
2026-08-18T15:03:09.057902+00:00   INFO pegaflow_server::registry: registry.rs:217 IPC import timing: device_id=3 size_bytes=142606336 import_ms=1.59 (perf-t1)
2026-08-18T15:03:09.059697+00:00   INFO pegaflow_server::registry: registry.rs:217 IPC import timing: device_id=3 size_bytes=142606336 import_ms=1.26 (perf-t1)
2026-08-18T15:03:09.111527+00:00   INFO pegaflow_server::registry: registry.rs:217 IPC import timing: device_id=3 size_bytes=142606336 import_ms=51.28 (perf-t1)
2026-08-18T15:03:09.113352+00:00   INFO pegaflow_server::registry: registry.rs:217 IPC import timing: device_id=3 size_bytes=142606336 import_ms=1.28 (perf-t1)
2026-08-18T15:03:09.115071+00:00   INFO pegaflow_server::registry: registry.rs:217 IPC import timing: device_id=3 size_bytes=142606336 import_ms=1.21 (perf-t1)
2026-08-18T15:03:09.163356+00:00   INFO pegaflow_server::registry: registry.rs:217 IPC import timing: device_id=3 size_bytes=142606336 import_ms=47.73 (perf-t1)
2026-08-18T15:03:09.165008+00:00   INFO pegaflow_server::registry: registry.rs:217 IPC import timing: device_id=3 size_bytes=142606336 import_ms=1.12 (perf-t1)
2026-08-18T15:03:09.166711+00:00   INFO pegaflow_server::registry: registry.rs:217 IPC import timing: device_id=3 size_bytes=142606336 import_ms=1.19 (perf-t1)
2026-08-18T15:03:09.211367+00:00   INFO pegaflow_server::registry: registry.rs:217 IPC import timing: device_id=3 size_bytes=142606336 import_ms=44.13 (perf-t1)
2026-08-18T15:03:09.213415+00:00   INFO pegaflow_server::registry: registry.rs:217 IPC import timing: device_id=3 size_bytes=142606336 import_ms=1.41 (perf-t1)
2026-08-18T15:03:09.215256+00:00   INFO pegaflow_server::registry: registry.rs:217 IPC import timing: device_id=3 size_bytes=142606336 import_ms=1.30 (perf-t1)
2026-08-18T15:03:09.259676+00:00   INFO pegaflow_core::gpu_worker: gpu_worker.rs:338 GPU worker initialized: device=3 backend=ascend_batch device_id=3
2026-08-18T15:03:09.260019+00:00   INFO pegaflow_core::gpu_worker: gpu_worker.rs:338 GPU worker initialized: device=3 backend=ascend_batch device_id=3
2026-08-18T15:03:09.260175+00:00   INFO pegaflow_core::gpu_worker: gpu_worker.rs:200 GPU worker pool started: device=3, numa_node=NUMA0, transfer_mode=AscendDirect
2026-08-18T15:03:09.260743+00:00   INFO pegaflow_server::registry: registry.rs:217 IPC import timing: device_id=1 size_bytes=533725184 import_ms=44.72 (perf-t1)
2026-08-18T15:03:09.260955+00:00   INFO pegaflow_core::instance: instance.rs:706 Sealed instance topology: instance=cc3f6a40-39ff-4686-b8c0-b7ebe63518b1-2f42c44b887d45afa98a90ad529beabf, num_layers=72, tp_size=1, world_size=1, total_slots=72
2026-08-18T15:03:09.261013+00:00   INFO pegaflow_core::instance: instance.rs:719 Initialized GPU context: device_id=3, numa_node=NUMA0
2026-08-18T15:03:09.261046+00:00   INFO pegaflow_core: lib.rs:452 Registered context batch: instance=cc3f6a40-39ff-4686-b8c0-b7ebe63518b1-2f42c44b887d45afa98a90ad529beabf, namespace=perf-t2-c4-i200-iso-c1-3, device=3, layers=72, tp_rank=0/1, pp_rank=0
2026-08-18T15:03:09.311259+00:00   INFO pegaflow_server::registry: registry.rs:217 IPC import timing: device_id=1 size_bytes=533725184 import_ms=49.92 (perf-t1)
2026-08-18T15:03:09.360964+00:00   INFO pegaflow_server::registry: registry.rs:217 IPC import timing: device_id=1 size_bytes=533725184 import_ms=49.16 (perf-t1)
2026-08-18T15:03:09.409268+00:00   INFO pegaflow_server::registry: registry.rs:217 IPC import timing: device_id=1 size_bytes=533725184 import_ms=47.74 (perf-t1)
2026-08-18T15:03:09.456922+00:00   INFO pegaflow_server::registry: registry.rs:217 IPC import timing: device_id=1 size_bytes=533725184 import_ms=46.99 (perf-t1)
2026-08-18T15:03:09.508604+00:00   INFO pegaflow_server::registry: registry.rs:217 IPC import timing: device_id=1 size_bytes=533725184 import_ms=51.08 (perf-t1)
2026-08-18T15:03:09.560623+00:00   INFO pegaflow_server::registry: registry.rs:217 IPC import timing: device_id=1 size_bytes=533725184 import_ms=51.40 (perf-t1)
2026-08-18T15:03:09.564344+00:00   INFO pegaflow_server::registry: registry.rs:217 IPC import timing: device_id=1 size_bytes=533725184 import_ms=3.12 (perf-t1)
2026-08-18T15:03:09.607317+00:00   INFO pegaflow_server::registry: registry.rs:217 IPC import timing: device_id=1 size_bytes=533725184 import_ms=42.39 (perf-t1)
2026-08-18T15:03:09.611324+00:00   INFO pegaflow_server::registry: registry.rs:217 IPC import timing: device_id=1 size_bytes=533725184 import_ms=3.14 (perf-t1)
2026-08-18T15:03:09.614969+00:00   INFO pegaflow_server::registry: registry.rs:217 IPC import timing: device_id=1 size_bytes=533725184 import_ms=3.08 (perf-t1)
2026-08-18T15:03:09.660350+00:00   INFO pegaflow_server::registry: registry.rs:217 IPC import timing: device_id=1 size_bytes=533725184 import_ms=44.82 (perf-t1)
2026-08-18T15:03:09.664202+00:00   INFO pegaflow_server::registry: registry.rs:217 IPC import timing: device_id=1 size_bytes=533725184 import_ms=3.15 (perf-t1)
2026-08-18T15:03:09.708612+00:00   INFO pegaflow_server::registry: registry.rs:217 IPC import timing: device_id=1 size_bytes=533725184 import_ms=43.83 (perf-t1)
2026-08-18T15:03:09.712196+00:00   INFO pegaflow_server::registry: registry.rs:217 IPC import timing: device_id=1 size_bytes=533725184 import_ms=2.99 (perf-t1)
2026-08-18T15:03:09.755998+00:00   INFO pegaflow_server::registry: registry.rs:217 IPC import timing: device_id=1 size_bytes=533725184 import_ms=43.19 (perf-t1)
2026-08-18T15:03:09.759483+00:00   INFO pegaflow_server::registry: registry.rs:217 IPC import timing: device_id=1 size_bytes=533725184 import_ms=2.93 (perf-t1)
2026-08-18T15:03:09.804010+00:00   INFO pegaflow_server::registry: registry.rs:217 IPC import timing: device_id=1 size_bytes=533725184 import_ms=44.02 (perf-t1)
2026-08-18T15:03:09.807634+00:00   INFO pegaflow_server::registry: registry.rs:217 IPC import timing: device_id=1 size_bytes=533725184 import_ms=3.05 (perf-t1)
2026-08-18T15:03:09.811027+00:00   INFO pegaflow_server::registry: registry.rs:217 IPC import timing: device_id=1 size_bytes=533725184 import_ms=2.87 (perf-t1)
2026-08-18T15:03:09.854669+00:00   INFO pegaflow_server::registry: registry.rs:217 IPC import timing: device_id=1 size_bytes=533725184 import_ms=43.12 (perf-t1)
2026-08-18T15:03:09.900145+00:00   INFO pegaflow_server::registry: registry.rs:217 IPC import timing: device_id=1 size_bytes=533725184 import_ms=44.93 (perf-t1)
2026-08-18T15:03:09.904443+00:00   INFO pegaflow_server::registry: registry.rs:217 IPC import timing: device_id=1 size_bytes=533725184 import_ms=3.68 (perf-t1)
2026-08-18T15:03:09.948112+00:00   INFO pegaflow_server::registry: registry.rs:217 IPC import timing: device_id=1 size_bytes=533725184 import_ms=43.13 (perf-t1)
2026-08-18T15:03:09.952493+00:00   INFO pegaflow_server::registry: registry.rs:217 IPC import timing: device_id=1 size_bytes=533725184 import_ms=3.78 (perf-t1)
2026-08-18T15:03:09.996150+00:00   INFO pegaflow_server::registry: registry.rs:217 IPC import timing: device_id=1 size_bytes=533725184 import_ms=43.13 (perf-t1)
2026-08-18T15:03:09.999562+00:00   INFO pegaflow_server::registry: registry.rs:217 IPC import timing: device_id=1 size_bytes=533725184 import_ms=2.86 (perf-t1)
2026-08-18T15:03:10.043938+00:00   INFO pegaflow_server::registry: registry.rs:217 IPC import timing: device_id=1 size_bytes=533725184 import_ms=43.83 (perf-t1)
2026-08-18T15:03:10.047406+00:00   INFO pegaflow_server::registry: registry.rs:217 IPC import timing: device_id=1 size_bytes=533725184 import_ms=2.90 (perf-t1)
2026-08-18T15:03:10.093484+00:00   INFO pegaflow_server::registry: registry.rs:217 IPC import timing: device_id=1 size_bytes=533725184 import_ms=45.50 (perf-t1)
2026-08-18T15:03:10.097061+00:00   INFO pegaflow_server::registry: registry.rs:217 IPC import timing: device_id=1 size_bytes=533725184 import_ms=2.99 (perf-t1)
2026-08-18T15:03:10.140048+00:00   INFO pegaflow_server::registry: registry.rs:217 IPC import timing: device_id=1 size_bytes=533725184 import_ms=42.48 (perf-t1)
2026-08-18T15:03:10.143722+00:00   INFO pegaflow_server::registry: registry.rs:217 IPC import timing: device_id=1 size_bytes=533725184 import_ms=3.11 (perf-t1)
2026-08-18T15:03:10.188249+00:00   INFO pegaflow_server::registry: registry.rs:217 IPC import timing: device_id=1 size_bytes=533725184 import_ms=44.00 (perf-t1)
2026-08-18T15:03:10.191782+00:00   INFO pegaflow_server::registry: registry.rs:217 IPC import timing: device_id=1 size_bytes=533725184 import_ms=2.99 (perf-t1)
2026-08-18T15:03:10.235938+00:00   INFO pegaflow_server::registry: registry.rs:217 IPC import timing: device_id=1 size_bytes=533725184 import_ms=43.38 (perf-t1)
2026-08-18T15:03:10.239500+00:00   INFO pegaflow_server::registry: registry.rs:217 IPC import timing: device_id=1 size_bytes=533725184 import_ms=2.99 (perf-t1)
2026-08-18T15:03:10.283941+00:00   INFO pegaflow_server::registry: registry.rs:217 IPC import timing: device_id=1 size_bytes=533725184 import_ms=43.93 (perf-t1)
2026-08-18T15:03:10.287465+00:00   INFO pegaflow_server::registry: registry.rs:217 IPC import timing: device_id=1 size_bytes=533725184 import_ms=2.94 (perf-t1)
2026-08-18T15:03:10.331913+00:00   INFO pegaflow_server::registry: registry.rs:217 IPC import timing: device_id=1 size_bytes=533725184 import_ms=43.86 (perf-t1)
2026-08-18T15:03:10.335434+00:00   INFO pegaflow_server::registry: registry.rs:217 IPC import timing: device_id=1 size_bytes=533725184 import_ms=2.98 (perf-t1)
2026-08-18T15:03:10.379753+00:00   INFO pegaflow_server::registry: registry.rs:217 IPC import timing: device_id=1 size_bytes=533725184 import_ms=43.80 (perf-t1)
2026-08-18T15:03:10.383416+00:00   INFO pegaflow_server::registry: registry.rs:217 IPC import timing: device_id=1 size_bytes=533725184 import_ms=3.08 (perf-t1)
2026-08-18T15:03:10.390308+00:00   INFO pegaflow_server::registry: registry.rs:217 IPC import timing: device_id=1 size_bytes=533725184 import_ms=6.36 (perf-t1)
2026-08-18T15:03:10.428103+00:00   INFO pegaflow_server::registry: registry.rs:217 IPC import timing: device_id=1 size_bytes=533725184 import_ms=37.20 (perf-t1)
2026-08-18T15:03:10.433171+00:00   INFO pegaflow_server::registry: registry.rs:217 IPC import timing: device_id=1 size_bytes=533725184 import_ms=4.37 (perf-t1)
2026-08-18T15:03:10.479058+00:00   INFO pegaflow_server::registry: registry.rs:217 IPC import timing: device_id=1 size_bytes=533725184 import_ms=45.37 (perf-t1)
2026-08-18T15:03:10.482671+00:00   INFO pegaflow_server::registry: registry.rs:217 IPC import timing: device_id=1 size_bytes=533725184 import_ms=3.01 (perf-t1)
2026-08-18T15:03:10.525451+00:00   INFO pegaflow_server::registry: registry.rs:217 IPC import timing: device_id=1 size_bytes=533725184 import_ms=42.26 (perf-t1)
2026-08-18T15:03:10.529080+00:00   INFO pegaflow_server::registry: registry.rs:217 IPC import timing: device_id=1 size_bytes=533725184 import_ms=2.94 (perf-t1)
2026-08-18T15:03:10.571806+00:00   INFO pegaflow_server::registry: registry.rs:217 IPC import timing: device_id=1 size_bytes=533725184 import_ms=42.22 (perf-t1)
2026-08-18T15:03:10.575339+00:00   INFO pegaflow_server::registry: registry.rs:217 IPC import timing: device_id=1 size_bytes=533725184 import_ms=2.93 (perf-t1)
2026-08-18T15:03:10.627236+00:00   INFO pegaflow_server::registry: registry.rs:217 IPC import timing: device_id=1 size_bytes=533725184 import_ms=51.35 (perf-t1)
2026-08-18T15:03:10.669899+00:00   INFO pegaflow_server::registry: registry.rs:217 IPC import timing: device_id=1 size_bytes=533725184 import_ms=42.06 (perf-t1)
2026-08-18T15:03:10.675376+00:00   INFO pegaflow_server::registry: registry.rs:217 IPC import timing: device_id=1 size_bytes=533725184 import_ms=4.84 (perf-t1)
2026-08-18T15:03:10.715909+00:00   INFO pegaflow_server::registry: registry.rs:217 IPC import timing: device_id=1 size_bytes=533725184 import_ms=39.91 (perf-t1)
2026-08-18T15:03:10.719477+00:00   INFO pegaflow_server::registry: registry.rs:217 IPC import timing: device_id=1 size_bytes=533725184 import_ms=2.96 (perf-t1)
2026-08-18T15:03:10.764045+00:00   INFO pegaflow_server::registry: registry.rs:217 IPC import timing: device_id=1 size_bytes=533725184 import_ms=43.92 (perf-t1)
2026-08-18T15:03:10.767858+00:00   INFO pegaflow_server::registry: registry.rs:217 IPC import timing: device_id=1 size_bytes=533725184 import_ms=3.10 (perf-t1)
2026-08-18T15:03:10.812028+00:00   INFO pegaflow_server::registry: registry.rs:217 IPC import timing: device_id=1 size_bytes=533725184 import_ms=43.57 (perf-t1)
2026-08-18T15:03:10.815702+00:00   INFO pegaflow_server::registry: registry.rs:217 IPC import timing: device_id=1 size_bytes=533725184 import_ms=3.01 (perf-t1)
2026-08-18T15:03:10.861994+00:00   INFO pegaflow_server::registry: registry.rs:217 IPC import timing: device_id=1 size_bytes=533725184 import_ms=45.71 (perf-t1)
2026-08-18T15:03:10.912036+00:00   INFO pegaflow_server::registry: registry.rs:217 IPC import timing: device_id=1 size_bytes=533725184 import_ms=49.47 (perf-t1)
2026-08-18T15:03:10.915591+00:00   INFO pegaflow_server::registry: registry.rs:217 IPC import timing: device_id=1 size_bytes=533725184 import_ms=2.96 (perf-t1)
2026-08-18T15:03:10.960032+00:00   INFO pegaflow_server::registry: registry.rs:217 IPC import timing: device_id=1 size_bytes=533725184 import_ms=43.89 (perf-t1)
2026-08-18T15:03:10.963576+00:00   INFO pegaflow_server::registry: registry.rs:217 IPC import timing: device_id=1 size_bytes=533725184 import_ms=2.96 (perf-t1)
2026-08-18T15:03:10.966969+00:00   INFO pegaflow_server::registry: registry.rs:217 IPC import timing: device_id=1 size_bytes=533725184 import_ms=2.88 (perf-t1)
2026-08-18T15:03:11.007960+00:00   INFO pegaflow_server::registry: registry.rs:217 IPC import timing: device_id=1 size_bytes=533725184 import_ms=40.46 (perf-t1)
2026-08-18T15:03:11.011371+00:00   INFO pegaflow_server::registry: registry.rs:217 IPC import timing: device_id=1 size_bytes=533725184 import_ms=2.84 (perf-t1)
2026-08-18T15:03:11.056078+00:00   INFO pegaflow_server::registry: registry.rs:217 IPC import timing: device_id=1 size_bytes=533725184 import_ms=44.16 (perf-t1)
2026-08-18T15:03:11.059597+00:00   INFO pegaflow_server::registry: registry.rs:217 IPC import timing: device_id=1 size_bytes=533725184 import_ms=2.93 (perf-t1)
2026-08-18T15:03:11.104438+00:00   INFO pegaflow_server::registry: registry.rs:217 IPC import timing: device_id=1 size_bytes=533725184 import_ms=44.18 (perf-t1)
2026-08-18T15:03:11.106979+00:00   INFO pegaflow_server::registry: registry.rs:217 IPC import timing: device_id=4 size_bytes=142606336 import_ms=1.75 (perf-t1)
2026-08-18T15:03:11.108179+00:00   INFO pegaflow_core::gpu_worker: gpu_worker.rs:338 GPU worker initialized: device=1 backend=ascend_batch device_id=1
2026-08-18T15:03:11.108578+00:00   INFO pegaflow_core::gpu_worker: gpu_worker.rs:338 GPU worker initialized: device=1 backend=ascend_batch device_id=1
2026-08-18T15:03:11.108771+00:00   INFO pegaflow_core::gpu_worker: gpu_worker.rs:200 GPU worker pool started: device=1, numa_node=NUMA0, transfer_mode=AscendDirect
2026-08-18T15:03:11.108943+00:00   INFO pegaflow_server::registry: registry.rs:217 IPC import timing: device_id=4 size_bytes=142606336 import_ms=1.40 (perf-t1)
2026-08-18T15:03:11.109450+00:00   INFO pegaflow_core::instance: instance.rs:706 Sealed instance topology: instance=35a281b5-d444-4221-a513-9d5e750f6bcf-ed9dadee399a437287a01ea578e1a28e, num_layers=72, tp_size=1, world_size=1, total_slots=72
2026-08-18T15:03:11.109497+00:00   INFO pegaflow_core::instance: instance.rs:719 Initialized GPU context: device_id=1, numa_node=NUMA0
2026-08-18T15:03:11.109527+00:00   INFO pegaflow_core: lib.rs:452 Registered context batch: instance=35a281b5-d444-4221-a513-9d5e750f6bcf-ed9dadee399a437287a01ea578e1a28e, namespace=perf-t2-c4-i200-iso-c1-1, device=1, layers=72, tp_rank=0/1, pp_rank=0
2026-08-18T15:03:11.110724+00:00   INFO pegaflow_server::registry: registry.rs:217 IPC import timing: device_id=4 size_bytes=142606336 import_ms=1.26 (perf-t1)
2026-08-18T15:03:11.150447+00:00   INFO pegaflow_server::registry: registry.rs:217 IPC import timing: device_id=4 size_bytes=142606336 import_ms=39.21 (perf-t1)
2026-08-18T15:03:11.152383+00:00   INFO pegaflow_server::registry: registry.rs:217 IPC import timing: device_id=4 size_bytes=142606336 import_ms=1.36 (perf-t1)
2026-08-18T15:03:11.154265+00:00   INFO pegaflow_server::registry: registry.rs:217 IPC import timing: device_id=4 size_bytes=142606336 import_ms=1.35 (perf-t1)
2026-08-18T15:03:11.156213+00:00   INFO pegaflow_server::registry: registry.rs:217 IPC import timing: device_id=4 size_bytes=142606336 import_ms=1.45 (perf-t1)
2026-08-18T15:03:11.157991+00:00   INFO pegaflow_server::registry: registry.rs:217 IPC import timing: device_id=4 size_bytes=142606336 import_ms=1.21 (perf-t1)
2026-08-18T15:03:11.159819+00:00   INFO pegaflow_server::registry: registry.rs:217 IPC import timing: device_id=4 size_bytes=142606336 import_ms=1.31 (perf-t1)
2026-08-18T15:03:11.198470+00:00   INFO pegaflow_server::registry: registry.rs:217 IPC import timing: device_id=4 size_bytes=142606336 import_ms=38.07 (perf-t1)
2026-08-18T15:03:11.200489+00:00   INFO pegaflow_server::registry: registry.rs:217 IPC import timing: device_id=4 size_bytes=142606336 import_ms=1.38 (perf-t1)
2026-08-18T15:03:11.202372+00:00   INFO pegaflow_server::registry: registry.rs:217 IPC import timing: device_id=4 size_bytes=142606336 import_ms=1.35 (perf-t1)
2026-08-18T15:03:11.204409+00:00   INFO pegaflow_server::registry: registry.rs:217 IPC import timing: device_id=4 size_bytes=142606336 import_ms=1.54 (perf-t1)
2026-08-18T15:03:11.206208+00:00   INFO pegaflow_server::registry: registry.rs:217 IPC import timing: device_id=4 size_bytes=142606336 import_ms=1.24 (perf-t1)
2026-08-18T15:03:11.207895+00:00   INFO pegaflow_server::registry: registry.rs:217 IPC import timing: device_id=4 size_bytes=142606336 import_ms=1.19 (perf-t1)
2026-08-18T15:03:11.209880+00:00   INFO pegaflow_server::registry: registry.rs:217 IPC import timing: device_id=4 size_bytes=142606336 import_ms=1.42 (perf-t1)
2026-08-18T15:03:11.211672+00:00   INFO pegaflow_server::registry: registry.rs:217 IPC import timing: device_id=4 size_bytes=142606336 import_ms=1.25 (perf-t1)
2026-08-18T15:03:11.213340+00:00   INFO pegaflow_server::registry: registry.rs:217 IPC import timing: device_id=4 size_bytes=142606336 import_ms=1.16 (perf-t1)
2026-08-18T15:03:11.215289+00:00   INFO pegaflow_server::registry: registry.rs:217 IPC import timing: device_id=4 size_bytes=142606336 import_ms=1.44 (perf-t1)
2026-08-18T15:03:11.217107+00:00   INFO pegaflow_server::registry: registry.rs:217 IPC import timing: device_id=4 size_bytes=142606336 import_ms=1.29 (perf-t1)
2026-08-18T15:03:11.218836+00:00   INFO pegaflow_server::registry: registry.rs:217 IPC import timing: device_id=4 size_bytes=142606336 import_ms=1.22 (perf-t1)
2026-08-18T15:03:11.220791+00:00   INFO pegaflow_server::registry: registry.rs:217 IPC import timing: device_id=4 size_bytes=142606336 import_ms=1.45 (perf-t1)
2026-08-18T15:03:11.222438+00:00   INFO pegaflow_server::registry: registry.rs:217 IPC import timing: device_id=4 size_bytes=142606336 import_ms=1.10 (perf-t1)
2026-08-18T15:03:11.224150+00:00   INFO pegaflow_server::registry: registry.rs:217 IPC import timing: device_id=4 size_bytes=142606336 import_ms=1.21 (perf-t1)
2026-08-18T15:03:11.226771+00:00   INFO pegaflow_server::registry: registry.rs:217 IPC import timing: device_id=4 size_bytes=142606336 import_ms=2.04 (perf-t1)
2026-08-18T15:03:11.228525+00:00   INFO pegaflow_server::registry: registry.rs:217 IPC import timing: device_id=4 size_bytes=142606336 import_ms=1.22 (perf-t1)
2026-08-18T15:03:11.230294+00:00   INFO pegaflow_server::registry: registry.rs:217 IPC import timing: device_id=4 size_bytes=142606336 import_ms=1.23 (perf-t1)
2026-08-18T15:03:11.232174+00:00   INFO pegaflow_server::registry: registry.rs:217 IPC import timing: device_id=4 size_bytes=142606336 import_ms=1.38 (perf-t1)
2026-08-18T15:03:11.234393+00:00   INFO pegaflow_server::registry: registry.rs:217 IPC import timing: device_id=4 size_bytes=142606336 import_ms=1.66 (perf-t1)
2026-08-18T15:03:11.236687+00:00   INFO pegaflow_server::registry: registry.rs:217 IPC import timing: device_id=4 size_bytes=142606336 import_ms=1.73 (perf-t1)
2026-08-18T15:03:11.242109+00:00   INFO pegaflow_server::registry: registry.rs:217 IPC import timing: device_id=4 size_bytes=142606336 import_ms=4.81 (perf-t1)
2026-08-18T15:03:11.243906+00:00   INFO pegaflow_server::registry: registry.rs:217 IPC import timing: device_id=4 size_bytes=142606336 import_ms=1.23 (perf-t1)
2026-08-18T15:03:11.245604+00:00   INFO pegaflow_server::registry: registry.rs:217 IPC import timing: device_id=4 size_bytes=142606336 import_ms=1.15 (perf-t1)
2026-08-18T15:03:11.247554+00:00   INFO pegaflow_server::registry: registry.rs:217 IPC import timing: device_id=4 size_bytes=142606336 import_ms=1.43 (perf-t1)
2026-08-18T15:03:11.253319+00:00   INFO pegaflow_server::registry: registry.rs:217 IPC import timing: device_id=4 size_bytes=142606336 import_ms=5.24 (perf-t1)
2026-08-18T15:03:11.255054+00:00   INFO pegaflow_server::registry: registry.rs:217 IPC import timing: device_id=4 size_bytes=142606336 import_ms=1.22 (perf-t1)
2026-08-18T15:03:11.257136+00:00   INFO pegaflow_server::registry: registry.rs:217 IPC import timing: device_id=4 size_bytes=142606336 import_ms=1.59 (perf-t1)
2026-08-18T15:03:11.258855+00:00   INFO pegaflow_server::registry: registry.rs:217 IPC import timing: device_id=4 size_bytes=142606336 import_ms=1.18 (perf-t1)
2026-08-18T15:03:11.260572+00:00   INFO pegaflow_server::registry: registry.rs:217 IPC import timing: device_id=4 size_bytes=142606336 import_ms=1.22 (perf-t1)
2026-08-18T15:03:11.262616+00:00   INFO pegaflow_server::registry: registry.rs:217 IPC import timing: device_id=4 size_bytes=142606336 import_ms=1.47 (perf-t1)
2026-08-18T15:03:11.264508+00:00   INFO pegaflow_server::registry: registry.rs:217 IPC import timing: device_id=4 size_bytes=142606336 import_ms=1.37 (perf-t1)
2026-08-18T15:03:11.266303+00:00   INFO pegaflow_server::registry: registry.rs:217 IPC import timing: device_id=4 size_bytes=142606336 import_ms=1.25 (perf-t1)
2026-08-18T15:03:11.268218+00:00   INFO pegaflow_server::registry: registry.rs:217 IPC import timing: device_id=4 size_bytes=142606336 import_ms=1.42 (perf-t1)
2026-08-18T15:03:11.269961+00:00   INFO pegaflow_server::registry: registry.rs:217 IPC import timing: device_id=4 size_bytes=142606336 import_ms=1.22 (perf-t1)
2026-08-18T15:03:11.272032+00:00   INFO pegaflow_server::registry: registry.rs:217 IPC import timing: device_id=4 size_bytes=142606336 import_ms=1.55 (perf-t1)
2026-08-18T15:03:11.274495+00:00   INFO pegaflow_server::registry: registry.rs:217 IPC import timing: device_id=4 size_bytes=142606336 import_ms=1.94 (perf-t1)
2026-08-18T15:03:11.276546+00:00   INFO pegaflow_server::registry: registry.rs:217 IPC import timing: device_id=4 size_bytes=142606336 import_ms=1.55 (perf-t1)
2026-08-18T15:03:11.278205+00:00   INFO pegaflow_server::registry: registry.rs:217 IPC import timing: device_id=4 size_bytes=142606336 import_ms=1.13 (perf-t1)
2026-08-18T15:03:11.280088+00:00   INFO pegaflow_server::registry: registry.rs:217 IPC import timing: device_id=4 size_bytes=142606336 import_ms=1.40 (perf-t1)
2026-08-18T15:03:11.281926+00:00   INFO pegaflow_server::registry: registry.rs:217 IPC import timing: device_id=4 size_bytes=142606336 import_ms=1.31 (perf-t1)
2026-08-18T15:03:11.283687+00:00   INFO pegaflow_server::registry: registry.rs:217 IPC import timing: device_id=4 size_bytes=142606336 import_ms=1.22 (perf-t1)
2026-08-18T15:03:11.285635+00:00   INFO pegaflow_server::registry: registry.rs:217 IPC import timing: device_id=4 size_bytes=142606336 import_ms=1.46 (perf-t1)
2026-08-18T15:03:11.287290+00:00   INFO pegaflow_server::registry: registry.rs:217 IPC import timing: device_id=4 size_bytes=142606336 import_ms=1.16 (perf-t1)
2026-08-18T15:03:11.289071+00:00   INFO pegaflow_server::registry: registry.rs:217 IPC import timing: device_id=4 size_bytes=142606336 import_ms=1.26 (perf-t1)
2026-08-18T15:03:11.290965+00:00   INFO pegaflow_server::registry: registry.rs:217 IPC import timing: device_id=4 size_bytes=142606336 import_ms=1.40 (perf-t1)
2026-08-18T15:03:11.292692+00:00   INFO pegaflow_server::registry: registry.rs:217 IPC import timing: device_id=4 size_bytes=142606336 import_ms=1.23 (perf-t1)
2026-08-18T15:03:11.294471+00:00   INFO pegaflow_server::registry: registry.rs:217 IPC import timing: device_id=4 size_bytes=142606336 import_ms=1.23 (perf-t1)
2026-08-18T15:03:11.296365+00:00   INFO pegaflow_server::registry: registry.rs:217 IPC import timing: device_id=4 size_bytes=142606336 import_ms=1.30 (perf-t1)
2026-08-18T15:03:11.298113+00:00   INFO pegaflow_server::registry: registry.rs:217 IPC import timing: device_id=4 size_bytes=142606336 import_ms=1.22 (perf-t1)
2026-08-18T15:03:11.299808+00:00   INFO pegaflow_server::registry: registry.rs:217 IPC import timing: device_id=4 size_bytes=142606336 import_ms=1.16 (perf-t1)
2026-08-18T15:03:11.303051+00:00   INFO pegaflow_server::registry: registry.rs:217 IPC import timing: device_id=4 size_bytes=142606336 import_ms=2.76 (perf-t1)
2026-08-18T15:03:11.305320+00:00   INFO pegaflow_server::registry: registry.rs:217 IPC import timing: device_id=4 size_bytes=142606336 import_ms=1.77 (perf-t1)
2026-08-18T15:03:11.307257+00:00   INFO pegaflow_server::registry: registry.rs:217 IPC import timing: device_id=4 size_bytes=142606336 import_ms=1.41 (perf-t1)
2026-08-18T15:03:11.309211+00:00   INFO pegaflow_server::registry: registry.rs:217 IPC import timing: device_id=4 size_bytes=142606336 import_ms=1.46 (perf-t1)
2026-08-18T15:03:11.311115+00:00   INFO pegaflow_server::registry: registry.rs:217 IPC import timing: device_id=4 size_bytes=142606336 import_ms=1.40 (perf-t1)
2026-08-18T15:03:11.312893+00:00   INFO pegaflow_server::registry: registry.rs:217 IPC import timing: device_id=4 size_bytes=142606336 import_ms=1.26 (perf-t1)
2026-08-18T15:03:11.314849+00:00   INFO pegaflow_server::registry: registry.rs:217 IPC import timing: device_id=4 size_bytes=142606336 import_ms=1.46 (perf-t1)
2026-08-18T15:03:11.316515+00:00   INFO pegaflow_server::registry: registry.rs:217 IPC import timing: device_id=4 size_bytes=142606336 import_ms=1.18 (perf-t1)
2026-08-18T15:03:11.318229+00:00   INFO pegaflow_server::registry: registry.rs:217 IPC import timing: device_id=4 size_bytes=142606336 import_ms=1.20 (perf-t1)
2026-08-18T15:03:11.320187+00:00   INFO pegaflow_server::registry: registry.rs:217 IPC import timing: device_id=4 size_bytes=142606336 import_ms=1.47 (perf-t1)
2026-08-18T15:03:11.321998+00:00   INFO pegaflow_server::registry: registry.rs:217 IPC import timing: device_id=4 size_bytes=142606336 import_ms=1.23 (perf-t1)
2026-08-18T15:03:11.323747+00:00   INFO pegaflow_server::registry: registry.rs:217 IPC import timing: device_id=4 size_bytes=142606336 import_ms=1.23 (perf-t1)
2026-08-18T15:03:11.327547+00:00   INFO pegaflow_server::registry: registry.rs:217 IPC import timing: device_id=2 size_bytes=533725184 import_ms=3.01 (perf-t1)
2026-08-18T15:03:11.327907+00:00   INFO pegaflow_core::gpu_worker: gpu_worker.rs:338 GPU worker initialized: device=4 backend=ascend_batch device_id=4
2026-08-18T15:03:11.328197+00:00   INFO pegaflow_core::gpu_worker: gpu_worker.rs:338 GPU worker initialized: device=4 backend=ascend_batch device_id=4
2026-08-18T15:03:11.328397+00:00   INFO pegaflow_core::gpu_worker: gpu_worker.rs:200 GPU worker pool started: device=4, numa_node=NUMA4, transfer_mode=AscendDirect
2026-08-18T15:03:11.329078+00:00   INFO pegaflow_core::instance: instance.rs:706 Sealed instance topology: instance=e728c075-1cb9-4cfe-9d33-3a6afa15fae9-aada66310c234f8eb6e06fa8f697f2df, num_layers=72, tp_size=1, world_size=1, total_slots=72
2026-08-18T15:03:11.329127+00:00   INFO pegaflow_core::instance: instance.rs:719 Initialized GPU context: device_id=4, numa_node=NUMA4
2026-08-18T15:03:11.329155+00:00   INFO pegaflow_core: lib.rs:452 Registered context batch: instance=e728c075-1cb9-4cfe-9d33-3a6afa15fae9-aada66310c234f8eb6e06fa8f697f2df, namespace=perf-t2-c4-i200-iso-c1-4, device=4, layers=72, tp_rank=0/1, pp_rank=0
2026-08-18T15:03:11.331155+00:00   INFO pegaflow_server::registry: registry.rs:217 IPC import timing: device_id=2 size_bytes=533725184 import_ms=3.07 (perf-t1)
2026-08-18T15:03:11.334724+00:00   INFO pegaflow_server::registry: registry.rs:217 IPC import timing: device_id=2 size_bytes=533725184 import_ms=3.01 (perf-t1)
2026-08-18T15:03:11.338319+00:00   INFO pegaflow_server::registry: registry.rs:217 IPC import timing: device_id=2 size_bytes=533725184 import_ms=3.08 (perf-t1)
2026-08-18T15:03:11.341737+00:00   INFO pegaflow_server::registry: registry.rs:217 IPC import timing: device_id=2 size_bytes=533725184 import_ms=2.89 (perf-t1)
2026-08-18T15:03:11.345230+00:00   INFO pegaflow_server::registry: registry.rs:217 IPC import timing: device_id=2 size_bytes=533725184 import_ms=2.96 (perf-t1)
2026-08-18T15:03:11.349250+00:00   INFO pegaflow_server::registry: registry.rs:217 IPC import timing: device_id=2 size_bytes=533725184 import_ms=3.52 (perf-t1)
2026-08-18T15:03:11.352744+00:00   INFO pegaflow_server::registry: registry.rs:217 IPC import timing: device_id=2 size_bytes=533725184 import_ms=2.99 (perf-t1)
2026-08-18T15:03:11.356307+00:00   INFO pegaflow_server::registry: registry.rs:217 IPC import timing: device_id=2 size_bytes=533725184 import_ms=3.00 (perf-t1)
2026-08-18T15:03:11.359947+00:00   INFO pegaflow_server::registry: registry.rs:217 IPC import timing: device_id=2 size_bytes=533725184 import_ms=3.13 (perf-t1)
2026-08-18T15:03:11.363297+00:00   INFO pegaflow_server::registry: registry.rs:217 IPC import timing: device_id=2 size_bytes=533725184 import_ms=2.83 (perf-t1)
2026-08-18T15:03:11.366668+00:00   INFO pegaflow_server::registry: registry.rs:217 IPC import timing: device_id=2 size_bytes=533725184 import_ms=2.85 (perf-t1)
2026-08-18T15:03:11.370176+00:00   INFO pegaflow_server::registry: registry.rs:217 IPC import timing: device_id=2 size_bytes=533725184 import_ms=3.00 (perf-t1)
2026-08-18T15:03:11.373633+00:00   INFO pegaflow_server::registry: registry.rs:217 IPC import timing: device_id=2 size_bytes=533725184 import_ms=2.98 (perf-t1)
2026-08-18T15:03:11.377025+00:00   INFO pegaflow_server::registry: registry.rs:217 IPC import timing: device_id=2 size_bytes=533725184 import_ms=2.88 (perf-t1)
2026-08-18T15:03:11.380314+00:00   INFO pegaflow_server::registry: registry.rs:217 IPC import timing: device_id=2 size_bytes=533725184 import_ms=2.78 (perf-t1)
2026-08-18T15:03:11.383950+00:00   INFO pegaflow_server::registry: registry.rs:217 IPC import timing: device_id=2 size_bytes=533725184 import_ms=3.11 (perf-t1)
2026-08-18T15:03:11.387303+00:00   INFO pegaflow_server::registry: registry.rs:217 IPC import timing: device_id=2 size_bytes=533725184 import_ms=2.80 (perf-t1)
2026-08-18T15:03:11.390657+00:00   INFO pegaflow_server::registry: registry.rs:217 IPC import timing: device_id=2 size_bytes=533725184 import_ms=2.86 (perf-t1)
2026-08-18T15:03:11.393919+00:00   INFO pegaflow_server::registry: registry.rs:217 IPC import timing: device_id=2 size_bytes=533725184 import_ms=2.76 (perf-t1)
2026-08-18T15:03:11.397205+00:00   INFO pegaflow_server::registry: registry.rs:217 IPC import timing: device_id=2 size_bytes=533725184 import_ms=2.76 (perf-t1)
2026-08-18T15:03:11.400635+00:00   INFO pegaflow_server::registry: registry.rs:217 IPC import timing: device_id=2 size_bytes=533725184 import_ms=2.92 (perf-t1)
2026-08-18T15:03:11.403987+00:00   INFO pegaflow_server::registry: registry.rs:217 IPC import timing: device_id=2 size_bytes=533725184 import_ms=2.86 (perf-t1)
2026-08-18T15:03:11.407348+00:00   INFO pegaflow_server::registry: registry.rs:217 IPC import timing: device_id=2 size_bytes=533725184 import_ms=2.84 (perf-t1)
2026-08-18T15:03:11.410645+00:00   INFO pegaflow_server::registry: registry.rs:217 IPC import timing: device_id=2 size_bytes=533725184 import_ms=2.79 (perf-t1)
2026-08-18T15:03:11.414006+00:00   INFO pegaflow_server::registry: registry.rs:217 IPC import timing: device_id=2 size_bytes=533725184 import_ms=2.86 (perf-t1)
2026-08-18T15:03:11.417318+00:00   INFO pegaflow_server::registry: registry.rs:217 IPC import timing: device_id=2 size_bytes=533725184 import_ms=2.79 (perf-t1)
2026-08-18T15:03:11.420755+00:00   INFO pegaflow_server::registry: registry.rs:217 IPC import timing: device_id=2 size_bytes=533725184 import_ms=2.91 (perf-t1)
2026-08-18T15:03:11.423982+00:00   INFO pegaflow_server::registry: registry.rs:217 IPC import timing: device_id=2 size_bytes=533725184 import_ms=2.73 (perf-t1)
2026-08-18T15:03:11.428594+00:00   INFO pegaflow_server::registry: registry.rs:217 IPC import timing: device_id=2 size_bytes=533725184 import_ms=4.04 (perf-t1)
2026-08-18T15:03:11.432236+00:00   INFO pegaflow_server::registry: registry.rs:217 IPC import timing: device_id=2 size_bytes=533725184 import_ms=3.13 (perf-t1)
2026-08-18T15:03:11.435459+00:00   INFO pegaflow_server::registry: registry.rs:217 IPC import timing: device_id=2 size_bytes=533725184 import_ms=2.73 (perf-t1)
2026-08-18T15:03:11.438907+00:00   INFO pegaflow_server::registry: registry.rs:217 IPC import timing: device_id=2 size_bytes=533725184 import_ms=2.95 (perf-t1)
2026-08-18T15:03:11.442193+00:00   INFO pegaflow_server::registry: registry.rs:217 IPC import timing: device_id=2 size_bytes=533725184 import_ms=2.76 (perf-t1)
2026-08-18T15:03:11.445534+00:00   INFO pegaflow_server::registry: registry.rs:217 IPC import timing: device_id=2 size_bytes=533725184 import_ms=2.85 (perf-t1)
2026-08-18T15:03:11.448815+00:00   INFO pegaflow_server::registry: registry.rs:217 IPC import timing: device_id=2 size_bytes=533725184 import_ms=2.79 (perf-t1)
2026-08-18T15:03:11.454541+00:00   INFO pegaflow_server::registry: registry.rs:217 IPC import timing: device_id=2 size_bytes=533725184 import_ms=5.21 (perf-t1)
2026-08-18T15:03:11.457824+00:00   INFO pegaflow_server::registry: registry.rs:217 IPC import timing: device_id=2 size_bytes=533725184 import_ms=2.76 (perf-t1)
2026-08-18T15:03:11.461176+00:00   INFO pegaflow_server::registry: registry.rs:217 IPC import timing: device_id=2 size_bytes=533725184 import_ms=2.86 (perf-t1)
2026-08-18T15:03:11.467654+00:00   INFO pegaflow_server::registry: registry.rs:217 IPC import timing: device_id=2 size_bytes=533725184 import_ms=5.82 (perf-t1)
2026-08-18T15:03:11.471341+00:00   INFO pegaflow_server::registry: registry.rs:217 IPC import timing: device_id=2 size_bytes=533725184 import_ms=3.16 (perf-t1)
2026-08-18T15:03:11.475130+00:00   INFO pegaflow_server::registry: registry.rs:217 IPC import timing: device_id=2 size_bytes=533725184 import_ms=3.29 (perf-t1)
2026-08-18T15:03:11.478769+00:00   INFO pegaflow_server::registry: registry.rs:217 IPC import timing: device_id=2 size_bytes=533725184 import_ms=3.10 (perf-t1)
2026-08-18T15:03:11.482128+00:00   INFO pegaflow_server::registry: registry.rs:217 IPC import timing: device_id=2 size_bytes=533725184 import_ms=2.85 (perf-t1)
2026-08-18T15:03:11.485620+00:00   INFO pegaflow_server::registry: registry.rs:217 IPC import timing: device_id=2 size_bytes=533725184 import_ms=2.99 (perf-t1)
2026-08-18T15:03:11.490303+00:00   INFO pegaflow_server::registry: registry.rs:217 IPC import timing: device_id=2 size_bytes=533725184 import_ms=4.15 (perf-t1)
2026-08-18T15:03:11.493782+00:00   INFO pegaflow_server::registry: registry.rs:217 IPC import timing: device_id=2 size_bytes=533725184 import_ms=2.97 (perf-t1)
2026-08-18T15:03:11.497161+00:00   INFO pegaflow_server::registry: registry.rs:217 IPC import timing: device_id=2 size_bytes=533725184 import_ms=2.85 (perf-t1)
2026-08-18T15:03:11.500519+00:00   INFO pegaflow_server::registry: registry.rs:217 IPC import timing: device_id=2 size_bytes=533725184 import_ms=2.83 (perf-t1)
2026-08-18T15:03:11.504209+00:00   INFO pegaflow_server::registry: registry.rs:217 IPC import timing: device_id=2 size_bytes=533725184 import_ms=3.17 (perf-t1)
2026-08-18T15:03:11.507547+00:00   INFO pegaflow_server::registry: registry.rs:217 IPC import timing: device_id=2 size_bytes=533725184 import_ms=2.83 (perf-t1)
2026-08-18T15:03:11.510892+00:00   INFO pegaflow_server::registry: registry.rs:217 IPC import timing: device_id=2 size_bytes=533725184 import_ms=2.82 (perf-t1)
2026-08-18T15:03:11.514301+00:00   INFO pegaflow_server::registry: registry.rs:217 IPC import timing: device_id=2 size_bytes=533725184 import_ms=2.91 (perf-t1)
2026-08-18T15:03:11.517636+00:00   INFO pegaflow_server::registry: registry.rs:217 IPC import timing: device_id=2 size_bytes=533725184 import_ms=2.83 (perf-t1)
2026-08-18T15:03:11.521324+00:00   INFO pegaflow_server::registry: registry.rs:217 IPC import timing: device_id=2 size_bytes=533725184 import_ms=3.14 (perf-t1)
2026-08-18T15:03:11.525189+00:00   INFO pegaflow_server::registry: registry.rs:217 IPC import timing: device_id=2 size_bytes=533725184 import_ms=3.35 (perf-t1)
2026-08-18T15:03:11.528659+00:00   INFO pegaflow_server::registry: registry.rs:217 IPC import timing: device_id=2 size_bytes=533725184 import_ms=2.95 (perf-t1)
2026-08-18T15:03:11.532166+00:00   INFO pegaflow_server::registry: registry.rs:217 IPC import timing: device_id=2 size_bytes=533725184 import_ms=2.83 (perf-t1)
2026-08-18T15:03:11.535627+00:00   INFO pegaflow_server::registry: registry.rs:217 IPC import timing: device_id=2 size_bytes=533725184 import_ms=2.94 (perf-t1)
2026-08-18T15:03:11.538874+00:00   INFO pegaflow_server::registry: registry.rs:217 IPC import timing: device_id=2 size_bytes=533725184 import_ms=2.75 (perf-t1)
2026-08-18T15:03:11.542457+00:00   INFO pegaflow_server::registry: registry.rs:217 IPC import timing: device_id=2 size_bytes=533725184 import_ms=3.06 (perf-t1)
2026-08-18T15:03:11.546980+00:00   INFO pegaflow_server::registry: registry.rs:217 IPC import timing: device_id=2 size_bytes=533725184 import_ms=4.03 (perf-t1)
2026-08-18T15:03:11.550648+00:00   INFO pegaflow_server::registry: registry.rs:217 IPC import timing: device_id=2 size_bytes=533725184 import_ms=3.14 (perf-t1)
2026-08-18T15:03:11.554018+00:00   INFO pegaflow_server::registry: registry.rs:217 IPC import timing: device_id=2 size_bytes=533725184 import_ms=2.85 (perf-t1)
2026-08-18T15:03:11.557391+00:00   INFO pegaflow_server::registry: registry.rs:217 IPC import timing: device_id=2 size_bytes=533725184 import_ms=2.87 (perf-t1)
2026-08-18T15:03:11.560808+00:00   INFO pegaflow_server::registry: registry.rs:217 IPC import timing: device_id=2 size_bytes=533725184 import_ms=2.92 (perf-t1)
2026-08-18T15:03:11.564181+00:00   INFO pegaflow_server::registry: registry.rs:217 IPC import timing: device_id=2 size_bytes=533725184 import_ms=2.84 (perf-t1)
2026-08-18T15:03:11.567533+00:00   INFO pegaflow_server::registry: registry.rs:217 IPC import timing: device_id=2 size_bytes=533725184 import_ms=2.83 (perf-t1)
2026-08-18T15:03:11.570856+00:00   INFO pegaflow_server::registry: registry.rs:217 IPC import timing: device_id=2 size_bytes=533725184 import_ms=2.82 (perf-t1)
2026-08-18T15:03:11.574282+00:00   INFO pegaflow_server::registry: registry.rs:217 IPC import timing: device_id=2 size_bytes=533725184 import_ms=2.89 (perf-t1)
2026-08-18T15:03:11.577579+00:00   INFO pegaflow_server::registry: registry.rs:217 IPC import timing: device_id=2 size_bytes=533725184 import_ms=2.80 (perf-t1)
2026-08-18T15:03:11.580923+00:00   INFO pegaflow_server::registry: registry.rs:217 IPC import timing: device_id=2 size_bytes=533725184 import_ms=2.82 (perf-t1)
2026-08-18T15:03:11.584571+00:00   INFO pegaflow_core::gpu_worker: gpu_worker.rs:338 GPU worker initialized: device=2 backend=ascend_batch device_id=2
2026-08-18T15:03:11.584771+00:00   INFO pegaflow_core::gpu_worker: gpu_worker.rs:338 GPU worker initialized: device=2 backend=ascend_batch device_id=2
2026-08-18T15:03:11.584883+00:00   INFO pegaflow_server::registry: registry.rs:217 IPC import timing: device_id=7 size_bytes=533725184 import_ms=3.24 (perf-t1)
2026-08-18T15:03:11.585029+00:00   INFO pegaflow_core::gpu_worker: gpu_worker.rs:200 GPU worker pool started: device=2, numa_node=NUMA6, transfer_mode=AscendDirect
2026-08-18T15:03:11.585668+00:00   INFO pegaflow_core::instance: instance.rs:706 Sealed instance topology: instance=79348a8c-b006-44f0-b463-f33aa102197e-c21cfeda01b4437c95a55663039bfd44, num_layers=72, tp_size=1, world_size=1, total_slots=72
2026-08-18T15:03:11.585715+00:00   INFO pegaflow_core::instance: instance.rs:719 Initialized GPU context: device_id=2, numa_node=NUMA6
2026-08-18T15:03:11.585742+00:00   INFO pegaflow_core: lib.rs:452 Registered context batch: instance=79348a8c-b006-44f0-b463-f33aa102197e-c21cfeda01b4437c95a55663039bfd44, namespace=perf-t2-c4-i200-iso-c1-2, device=2, layers=72, tp_rank=0/1, pp_rank=0
2026-08-18T15:03:11.588451+00:00   INFO pegaflow_server::registry: registry.rs:217 IPC import timing: device_id=7 size_bytes=533725184 import_ms=3.06 (perf-t1)
2026-08-18T15:03:11.592111+00:00   INFO pegaflow_server::registry: registry.rs:217 IPC import timing: device_id=7 size_bytes=533725184 import_ms=3.14 (perf-t1)
2026-08-18T15:03:11.598178+00:00   INFO pegaflow_server::registry: registry.rs:217 IPC import timing: device_id=7 size_bytes=533725184 import_ms=5.53 (perf-t1)
2026-08-18T15:03:11.609888+00:00   INFO pegaflow_server::registry: registry.rs:217 IPC import timing: device_id=7 size_bytes=533725184 import_ms=11.20 (perf-t1)
2026-08-18T15:03:11.613346+00:00   INFO pegaflow_server::registry: registry.rs:217 IPC import timing: device_id=7 size_bytes=533725184 import_ms=2.96 (perf-t1)
2026-08-18T15:03:11.616795+00:00   INFO pegaflow_server::registry: registry.rs:217 IPC import timing: device_id=7 size_bytes=533725184 import_ms=2.90 (perf-t1)
2026-08-18T15:03:11.620327+00:00   INFO pegaflow_server::registry: registry.rs:217 IPC import timing: device_id=7 size_bytes=533725184 import_ms=3.02 (perf-t1)
2026-08-18T15:03:11.623741+00:00   INFO pegaflow_server::registry: registry.rs:217 IPC import timing: device_id=7 size_bytes=533725184 import_ms=2.90 (perf-t1)
2026-08-18T15:03:11.627381+00:00   INFO pegaflow_server::registry: registry.rs:217 IPC import timing: device_id=7 size_bytes=533725184 import_ms=3.12 (perf-t1)
2026-08-18T15:03:11.630605+00:00   INFO pegaflow_server::registry: registry.rs:217 IPC import timing: device_id=7 size_bytes=533725184 import_ms=2.72 (perf-t1)
2026-08-18T15:03:11.633989+00:00   INFO pegaflow_server::registry: registry.rs:217 IPC import timing: device_id=7 size_bytes=533725184 import_ms=2.88 (perf-t1)
2026-08-18T15:03:11.637552+00:00   INFO pegaflow_server::registry: registry.rs:217 IPC import timing: device_id=7 size_bytes=533725184 import_ms=3.03 (perf-t1)
2026-08-18T15:03:11.641124+00:00   INFO pegaflow_server::registry: registry.rs:217 IPC import timing: device_id=7 size_bytes=533725184 import_ms=3.07 (perf-t1)
2026-08-18T15:03:11.683946+00:00   INFO pegaflow_server::registry: registry.rs:217 IPC import timing: device_id=7 size_bytes=533725184 import_ms=42.32 (perf-t1)
2026-08-18T15:03:11.687919+00:00   INFO pegaflow_server::registry: registry.rs:217 IPC import timing: device_id=7 size_bytes=533725184 import_ms=3.31 (perf-t1)
2026-08-18T15:03:11.732040+00:00   INFO pegaflow_server::registry: registry.rs:217 IPC import timing: device_id=7 size_bytes=533725184 import_ms=43.58 (perf-t1)
2026-08-18T15:03:11.738804+00:00   INFO pegaflow_server::registry: registry.rs:217 IPC import timing: device_id=7 size_bytes=533725184 import_ms=6.17 (perf-t1)
2026-08-18T15:03:11.780341+00:00   INFO pegaflow_server::registry: registry.rs:217 IPC import timing: device_id=7 size_bytes=533725184 import_ms=40.96 (perf-t1)
2026-08-18T15:03:11.783783+00:00   INFO pegaflow_server::registry: registry.rs:217 IPC import timing: device_id=7 size_bytes=533725184 import_ms=2.93 (perf-t1)
2026-08-18T15:03:11.827647+00:00   INFO pegaflow_server::registry: registry.rs:217 IPC import timing: device_id=7 size_bytes=533725184 import_ms=43.38 (perf-t1)
2026-08-18T15:03:11.831205+00:00   INFO pegaflow_server::registry: registry.rs:217 IPC import timing: device_id=7 size_bytes=533725184 import_ms=3.01 (perf-t1)
2026-08-18T15:03:11.834586+00:00   INFO pegaflow_server::registry: registry.rs:217 IPC import timing: device_id=7 size_bytes=533725184 import_ms=2.87 (perf-t1)
2026-08-18T15:03:11.875650+00:00   INFO pegaflow_server::registry: registry.rs:217 IPC import timing: device_id=7 size_bytes=533725184 import_ms=40.57 (perf-t1)
2026-08-18T15:03:11.879237+00:00   INFO pegaflow_server::registry: registry.rs:217 IPC import timing: device_id=7 size_bytes=533725184 import_ms=3.00 (perf-t1)
2026-08-18T15:03:11.882712+00:00   INFO pegaflow_server::registry: registry.rs:217 IPC import timing: device_id=7 size_bytes=533725184 import_ms=2.91 (perf-t1)
2026-08-18T15:03:11.923655+00:00   INFO pegaflow_server::registry: registry.rs:217 IPC import timing: device_id=7 size_bytes=533725184 import_ms=40.42 (perf-t1)
2026-08-18T15:03:11.927158+00:00   INFO pegaflow_server::registry: registry.rs:217 IPC import timing: device_id=7 size_bytes=533725184 import_ms=2.99 (perf-t1)
2026-08-18T15:03:11.971911+00:00   INFO pegaflow_server::registry: registry.rs:217 IPC import timing: device_id=7 size_bytes=533725184 import_ms=44.22 (perf-t1)
2026-08-18T15:03:11.976803+00:00   INFO pegaflow_server::registry: registry.rs:217 IPC import timing: device_id=7 size_bytes=533725184 import_ms=4.32 (perf-t1)
2026-08-18T15:03:12.019644+00:00   INFO pegaflow_server::registry: registry.rs:217 IPC import timing: device_id=7 size_bytes=533725184 import_ms=42.34 (perf-t1)
2026-08-18T15:03:12.023137+00:00   INFO pegaflow_server::registry: registry.rs:217 IPC import timing: device_id=7 size_bytes=533725184 import_ms=2.94 (perf-t1)
2026-08-18T15:03:12.067671+00:00   INFO pegaflow_server::registry: registry.rs:217 IPC import timing: device_id=7 size_bytes=533725184 import_ms=44.03 (perf-t1)
2026-08-18T15:03:12.071142+00:00   INFO pegaflow_server::registry: registry.rs:217 IPC import timing: device_id=7 size_bytes=533725184 import_ms=2.89 (perf-t1)
2026-08-18T15:03:12.111735+00:00   INFO pegaflow_server::registry: registry.rs:217 IPC import timing: device_id=7 size_bytes=533725184 import_ms=40.04 (perf-t1)
2026-08-18T15:03:12.115467+00:00   INFO pegaflow_server::registry: registry.rs:217 IPC import timing: device_id=7 size_bytes=533725184 import_ms=3.18 (perf-t1)
2026-08-18T15:03:12.119306+00:00   INFO pegaflow_server::registry: registry.rs:217 IPC import timing: device_id=7 size_bytes=533725184 import_ms=3.34 (perf-t1)
2026-08-18T15:03:12.159655+00:00   INFO pegaflow_server::registry: registry.rs:217 IPC import timing: device_id=7 size_bytes=533725184 import_ms=39.82 (perf-t1)
2026-08-18T15:03:12.163314+00:00   INFO pegaflow_server::registry: registry.rs:217 IPC import timing: device_id=7 size_bytes=533725184 import_ms=3.14 (perf-t1)
2026-08-18T15:03:12.207953+00:00   INFO pegaflow_server::registry: registry.rs:217 IPC import timing: device_id=7 size_bytes=533725184 import_ms=44.15 (perf-t1)
2026-08-18T15:03:12.211505+00:00   INFO pegaflow_server::registry: registry.rs:217 IPC import timing: device_id=7 size_bytes=533725184 import_ms=3.00 (perf-t1)
2026-08-18T15:03:12.260902+00:00   INFO pegaflow_server::registry: registry.rs:217 IPC import timing: device_id=7 size_bytes=533725184 import_ms=48.89 (perf-t1)
2026-08-18T15:03:12.264498+00:00   INFO pegaflow_server::registry: registry.rs:217 IPC import timing: device_id=7 size_bytes=533725184 import_ms=3.08 (perf-t1)
2026-08-18T15:03:12.307745+00:00   INFO pegaflow_server::registry: registry.rs:217 IPC import timing: device_id=7 size_bytes=533725184 import_ms=42.68 (perf-t1)
2026-08-18T15:03:12.355660+00:00   INFO pegaflow_server::registry: registry.rs:217 IPC import timing: device_id=7 size_bytes=533725184 import_ms=47.37 (perf-t1)
2026-08-18T15:03:12.405383+00:00   INFO pegaflow_server::registry: registry.rs:217 IPC import timing: device_id=7 size_bytes=533725184 import_ms=49.16 (perf-t1)
2026-08-18T15:03:12.409241+00:00   INFO pegaflow_server::registry: registry.rs:217 IPC import timing: device_id=7 size_bytes=533725184 import_ms=3.31 (perf-t1)
2026-08-18T15:03:12.451578+00:00   INFO pegaflow_server::registry: registry.rs:217 IPC import timing: device_id=7 size_bytes=533725184 import_ms=41.80 (perf-t1)
2026-08-18T15:03:12.454964+00:00   INFO pegaflow_server::registry: registry.rs:217 IPC import timing: device_id=7 size_bytes=533725184 import_ms=2.86 (perf-t1)
2026-08-18T15:03:12.502469+00:00   INFO pegaflow_server::registry: registry.rs:217 IPC import timing: device_id=7 size_bytes=533725184 import_ms=46.98 (perf-t1)
2026-08-18T15:03:12.547279+00:00   INFO pegaflow_server::registry: registry.rs:217 IPC import timing: device_id=7 size_bytes=533725184 import_ms=44.26 (perf-t1)
2026-08-18T15:03:12.551369+00:00   INFO pegaflow_server::registry: registry.rs:217 IPC import timing: device_id=7 size_bytes=533725184 import_ms=3.53 (perf-t1)
2026-08-18T15:03:12.595749+00:00   INFO pegaflow_server::registry: registry.rs:217 IPC import timing: device_id=7 size_bytes=533725184 import_ms=43.83 (perf-t1)
2026-08-18T15:03:12.599297+00:00   INFO pegaflow_server::registry: registry.rs:217 IPC import timing: device_id=7 size_bytes=533725184 import_ms=3.03 (perf-t1)
2026-08-18T15:03:12.643567+00:00   INFO pegaflow_server::registry: registry.rs:217 IPC import timing: device_id=7 size_bytes=533725184 import_ms=43.76 (perf-t1)
2026-08-18T15:03:12.647104+00:00   INFO pegaflow_server::registry: registry.rs:217 IPC import timing: device_id=7 size_bytes=533725184 import_ms=2.97 (perf-t1)
2026-08-18T15:03:12.691572+00:00   INFO pegaflow_server::registry: registry.rs:217 IPC import timing: device_id=7 size_bytes=533725184 import_ms=43.97 (perf-t1)
2026-08-18T15:03:12.695142+00:00   INFO pegaflow_server::registry: registry.rs:217 IPC import timing: device_id=7 size_bytes=533725184 import_ms=2.92 (perf-t1)
2026-08-18T15:03:12.698574+00:00   INFO pegaflow_server::registry: registry.rs:217 IPC import timing: device_id=7 size_bytes=533725184 import_ms=2.88 (perf-t1)
2026-08-18T15:03:12.739767+00:00   INFO pegaflow_server::registry: registry.rs:217 IPC import timing: device_id=7 size_bytes=533725184 import_ms=40.69 (perf-t1)
2026-08-18T15:03:12.747338+00:00   INFO pegaflow_server::registry: registry.rs:217 IPC import timing: device_id=7 size_bytes=533725184 import_ms=7.04 (perf-t1)
2026-08-18T15:03:12.788486+00:00   INFO pegaflow_server::registry: registry.rs:217 IPC import timing: device_id=7 size_bytes=533725184 import_ms=40.60 (perf-t1)
2026-08-18T15:03:12.835143+00:00   INFO pegaflow_server::registry: registry.rs:217 IPC import timing: device_id=7 size_bytes=533725184 import_ms=46.14 (perf-t1)
2026-08-18T15:03:12.838687+00:00   INFO pegaflow_server::registry: registry.rs:217 IPC import timing: device_id=7 size_bytes=533725184 import_ms=3.03 (perf-t1)
2026-08-18T15:03:12.842108+00:00   INFO pegaflow_server::registry: registry.rs:217 IPC import timing: device_id=7 size_bytes=533725184 import_ms=2.89 (perf-t1)
2026-08-18T15:03:12.884316+00:00   INFO pegaflow_server::registry: registry.rs:217 IPC import timing: device_id=7 size_bytes=533725184 import_ms=41.68 (perf-t1)
2026-08-18T15:03:12.938054+00:00   INFO pegaflow_server::registry: registry.rs:217 IPC import timing: device_id=7 size_bytes=533725184 import_ms=53.19 (perf-t1)
2026-08-18T15:03:12.941676+00:00   INFO pegaflow_server::registry: registry.rs:217 IPC import timing: device_id=7 size_bytes=533725184 import_ms=3.06 (perf-t1)
2026-08-18T15:03:12.988022+00:00   INFO pegaflow_server::registry: registry.rs:217 IPC import timing: device_id=7 size_bytes=533725184 import_ms=45.86 (perf-t1)
2026-08-18T15:03:12.991550+00:00   INFO pegaflow_server::registry: registry.rs:217 IPC import timing: device_id=7 size_bytes=533725184 import_ms=3.00 (perf-t1)
2026-08-18T15:03:13.035385+00:00   INFO pegaflow_server::registry: registry.rs:217 IPC import timing: device_id=7 size_bytes=533725184 import_ms=43.31 (perf-t1)
2026-08-18T15:03:13.039647+00:00   INFO pegaflow_server::registry: registry.rs:217 IPC import timing: device_id=7 size_bytes=533725184 import_ms=3.76 (perf-t1)
2026-08-18T15:03:13.082207+00:00   INFO pegaflow_core::gpu_worker: gpu_worker.rs:338 GPU worker initialized: device=7 backend=ascend_batch device_id=7
2026-08-18T15:03:13.082466+00:00   INFO pegaflow_core::gpu_worker: gpu_worker.rs:338 GPU worker initialized: device=7 backend=ascend_batch device_id=7
2026-08-18T15:03:13.082686+00:00   INFO pegaflow_core::gpu_worker: gpu_worker.rs:200 GPU worker pool started: device=7, numa_node=NUMA2, transfer_mode=AscendDirect
2026-08-18T15:03:13.083365+00:00   INFO pegaflow_core::instance: instance.rs:706 Sealed instance topology: instance=33a3a470-ebd8-4118-bbc8-82ee1cd9dc63-e43bb33bd09e4536896b02061dbfee25, num_layers=72, tp_size=1, world_size=1, total_slots=72
2026-08-18T15:03:13.083414+00:00   INFO pegaflow_core::instance: instance.rs:719 Initialized GPU context: device_id=7, numa_node=NUMA2
2026-08-18T15:03:13.083384+00:00   INFO pegaflow_server::registry: registry.rs:217 IPC import timing: device_id=0 size_bytes=533725184 import_ms=43.00 (perf-t1)
2026-08-18T15:03:13.083463+00:00   INFO pegaflow_core: lib.rs:452 Registered context batch: instance=33a3a470-ebd8-4118-bbc8-82ee1cd9dc63-e43bb33bd09e4536896b02061dbfee25, namespace=perf-t2-c4-i200-iso-c1-7, device=7, layers=72, tp_rank=0/1, pp_rank=0
2026-08-18T15:03:13.087096+00:00   INFO pegaflow_server::registry: registry.rs:217 IPC import timing: device_id=0 size_bytes=533725184 import_ms=3.09 (perf-t1)
2026-08-18T15:03:13.090720+00:00   INFO pegaflow_server::registry: registry.rs:217 IPC import timing: device_id=0 size_bytes=533725184 import_ms=3.08 (perf-t1)
2026-08-18T15:03:13.135969+00:00   INFO pegaflow_server::registry: registry.rs:217 IPC import timing: device_id=0 size_bytes=533725184 import_ms=44.61 (perf-t1)
2026-08-18T15:03:13.140214+00:00   INFO pegaflow_server::registry: registry.rs:217 IPC import timing: device_id=0 size_bytes=533725184 import_ms=3.17 (perf-t1)
2026-08-18T15:03:13.183851+00:00   INFO pegaflow_server::registry: registry.rs:217 IPC import timing: device_id=0 size_bytes=533725184 import_ms=43.02 (perf-t1)
2026-08-18T15:03:13.188050+00:00   INFO pegaflow_server::registry: registry.rs:217 IPC import timing: device_id=0 size_bytes=533725184 import_ms=3.25 (perf-t1)
2026-08-18T15:03:13.235787+00:00   INFO pegaflow_server::registry: registry.rs:217 IPC import timing: device_id=0 size_bytes=533725184 import_ms=47.01 (perf-t1)
2026-08-18T15:03:13.239999+00:00   INFO pegaflow_server::registry: registry.rs:217 IPC import timing: device_id=0 size_bytes=533725184 import_ms=3.18 (perf-t1)
2026-08-18T15:03:13.243761+00:00   INFO pegaflow_server::registry: registry.rs:217 IPC import timing: device_id=0 size_bytes=533725184 import_ms=3.14 (perf-t1)
2026-08-18T15:03:13.247543+00:00   INFO pegaflow_server::registry: registry.rs:217 IPC import timing: device_id=0 size_bytes=533725184 import_ms=3.11 (perf-t1)
2026-08-18T15:03:13.251246+00:00   INFO pegaflow_server::registry: registry.rs:217 IPC import timing: device_id=0 size_bytes=533725184 import_ms=3.11 (perf-t1)
2026-08-18T15:03:13.255829+00:00   INFO pegaflow_server::registry: registry.rs:217 IPC import timing: device_id=0 size_bytes=533725184 import_ms=4.00 (perf-t1)
2026-08-18T15:03:13.260187+00:00   INFO pegaflow_server::registry: registry.rs:217 IPC import timing: device_id=0 size_bytes=533725184 import_ms=3.61 (perf-t1)
2026-08-18T15:03:13.263910+00:00   INFO pegaflow_server::registry: registry.rs:217 IPC import timing: device_id=0 size_bytes=533725184 import_ms=3.11 (perf-t1)
2026-08-18T15:03:13.269939+00:00   INFO pegaflow_server::registry: registry.rs:217 IPC import timing: device_id=0 size_bytes=533725184 import_ms=5.40 (perf-t1)
2026-08-18T15:03:13.275516+00:00   INFO pegaflow_server::registry: registry.rs:217 IPC import timing: device_id=0 size_bytes=533725184 import_ms=4.87 (perf-t1)
2026-08-18T15:03:13.279098+00:00   INFO pegaflow_server::registry: registry.rs:217 IPC import timing: device_id=0 size_bytes=533725184 import_ms=2.97 (perf-t1)
2026-08-18T15:03:13.282696+00:00   INFO pegaflow_server::registry: registry.rs:217 IPC import timing: device_id=0 size_bytes=533725184 import_ms=3.03 (perf-t1)
2026-08-18T15:03:13.286212+00:00   INFO pegaflow_server::registry: registry.rs:217 IPC import timing: device_id=0 size_bytes=533725184 import_ms=2.90 (perf-t1)
2026-08-18T15:03:13.289623+00:00   INFO pegaflow_server::registry: registry.rs:217 IPC import timing: device_id=0 size_bytes=533725184 import_ms=2.83 (perf-t1)
2026-08-18T15:03:13.293130+00:00   INFO pegaflow_server::registry: registry.rs:217 IPC import timing: device_id=0 size_bytes=533725184 import_ms=2.95 (perf-t1)
2026-08-18T15:03:13.296578+00:00   INFO pegaflow_server::registry: registry.rs:217 IPC import timing: device_id=0 size_bytes=533725184 import_ms=2.88 (perf-t1)
2026-08-18T15:03:13.300223+00:00   INFO pegaflow_server::registry: registry.rs:217 IPC import timing: device_id=0 size_bytes=533725184 import_ms=2.99 (perf-t1)
2026-08-18T15:03:13.304369+00:00   INFO pegaflow_server::registry: registry.rs:217 IPC import timing: device_id=0 size_bytes=533725184 import_ms=3.55 (perf-t1)
2026-08-18T15:03:13.308106+00:00   INFO pegaflow_server::registry: registry.rs:217 IPC import timing: device_id=0 size_bytes=533725184 import_ms=3.15 (perf-t1)
2026-08-18T15:03:13.311836+00:00   INFO pegaflow_server::registry: registry.rs:217 IPC import timing: device_id=0 size_bytes=533725184 import_ms=3.11 (perf-t1)
2026-08-18T15:03:13.315470+00:00   INFO pegaflow_server::registry: registry.rs:217 IPC import timing: device_id=0 size_bytes=533725184 import_ms=3.02 (perf-t1)
2026-08-18T15:03:13.320106+00:00   INFO pegaflow_server::registry: registry.rs:217 IPC import timing: device_id=0 size_bytes=533725184 import_ms=4.07 (perf-t1)
2026-08-18T15:03:13.325770+00:00   INFO pegaflow_server::registry: registry.rs:217 IPC import timing: device_id=0 size_bytes=533725184 import_ms=4.96 (perf-t1)
2026-08-18T15:03:13.329270+00:00   INFO pegaflow_server::registry: registry.rs:217 IPC import timing: device_id=0 size_bytes=533725184 import_ms=2.92 (perf-t1)
2026-08-18T15:03:13.332766+00:00   INFO pegaflow_server::registry: registry.rs:217 IPC import timing: device_id=0 size_bytes=533725184 import_ms=2.91 (perf-t1)
2026-08-18T15:03:13.336736+00:00   INFO pegaflow_server::registry: registry.rs:217 IPC import timing: device_id=0 size_bytes=533725184 import_ms=3.36 (perf-t1)
2026-08-18T15:03:13.340492+00:00   INFO pegaflow_server::registry: registry.rs:217 IPC import timing: device_id=0 size_bytes=533725184 import_ms=3.09 (perf-t1)
2026-08-18T15:03:13.344107+00:00   INFO pegaflow_server::registry: registry.rs:217 IPC import timing: device_id=0 size_bytes=533725184 import_ms=3.02 (perf-t1)
2026-08-18T15:03:13.348032+00:00   INFO pegaflow_server::registry: registry.rs:217 IPC import timing: device_id=0 size_bytes=533725184 import_ms=3.31 (perf-t1)
2026-08-18T15:03:13.351701+00:00   INFO pegaflow_server::registry: registry.rs:217 IPC import timing: device_id=0 size_bytes=533725184 import_ms=3.09 (perf-t1)
2026-08-18T15:03:13.355281+00:00   INFO pegaflow_server::registry: registry.rs:217 IPC import timing: device_id=0 size_bytes=533725184 import_ms=2.99 (perf-t1)
2026-08-18T15:03:13.358942+00:00   INFO pegaflow_server::registry: registry.rs:217 IPC import timing: device_id=0 size_bytes=533725184 import_ms=3.03 (perf-t1)
2026-08-18T15:03:13.362581+00:00   INFO pegaflow_server::registry: registry.rs:217 IPC import timing: device_id=0 size_bytes=533725184 import_ms=3.04 (perf-t1)
2026-08-18T15:03:13.366270+00:00   INFO pegaflow_server::registry: registry.rs:217 IPC import timing: device_id=0 size_bytes=533725184 import_ms=3.10 (perf-t1)
2026-08-18T15:03:13.369816+00:00   INFO pegaflow_server::registry: registry.rs:217 IPC import timing: device_id=0 size_bytes=533725184 import_ms=2.95 (perf-t1)
2026-08-18T15:03:13.373345+00:00   INFO pegaflow_server::registry: registry.rs:217 IPC import timing: device_id=0 size_bytes=533725184 import_ms=2.94 (perf-t1)
2026-08-18T15:03:13.377154+00:00   INFO pegaflow_server::registry: registry.rs:217 IPC import timing: device_id=0 size_bytes=533725184 import_ms=3.14 (perf-t1)
2026-08-18T15:03:13.381609+00:00   INFO pegaflow_server::registry: registry.rs:217 IPC import timing: device_id=0 size_bytes=533725184 import_ms=3.81 (perf-t1)
2026-08-18T15:03:13.385965+00:00   INFO pegaflow_server::registry: registry.rs:217 IPC import timing: device_id=0 size_bytes=533725184 import_ms=3.74 (perf-t1)
2026-08-18T15:03:13.392270+00:00   INFO pegaflow_server::registry: registry.rs:217 IPC import timing: device_id=0 size_bytes=533725184 import_ms=5.70 (perf-t1)
2026-08-18T15:03:13.395926+00:00   INFO pegaflow_server::registry: registry.rs:217 IPC import timing: device_id=0 size_bytes=533725184 import_ms=2.99 (perf-t1)
2026-08-18T15:03:13.399393+00:00   INFO pegaflow_server::registry: registry.rs:217 IPC import timing: device_id=0 size_bytes=533725184 import_ms=2.92 (perf-t1)
2026-08-18T15:03:13.403015+00:00   INFO pegaflow_server::registry: registry.rs:217 IPC import timing: device_id=0 size_bytes=533725184 import_ms=3.03 (perf-t1)
2026-08-18T15:03:13.406485+00:00   INFO pegaflow_server::registry: registry.rs:217 IPC import timing: device_id=0 size_bytes=533725184 import_ms=2.86 (perf-t1)
2026-08-18T15:03:13.410051+00:00   INFO pegaflow_server::registry: registry.rs:217 IPC import timing: device_id=0 size_bytes=533725184 import_ms=2.94 (perf-t1)
2026-08-18T15:03:13.413520+00:00   INFO pegaflow_server::registry: registry.rs:217 IPC import timing: device_id=0 size_bytes=533725184 import_ms=2.89 (perf-t1)
2026-08-18T15:03:13.417031+00:00   INFO pegaflow_server::registry: registry.rs:217 IPC import timing: device_id=0 size_bytes=533725184 import_ms=2.83 (perf-t1)
2026-08-18T15:03:13.420545+00:00   INFO pegaflow_server::registry: registry.rs:217 IPC import timing: device_id=0 size_bytes=533725184 import_ms=2.95 (perf-t1)
2026-08-18T15:03:13.424153+00:00   INFO pegaflow_server::registry: registry.rs:217 IPC import timing: device_id=0 size_bytes=533725184 import_ms=3.02 (perf-t1)
2026-08-18T15:03:13.427854+00:00   INFO pegaflow_server::registry: registry.rs:217 IPC import timing: device_id=0 size_bytes=533725184 import_ms=3.08 (perf-t1)
2026-08-18T15:03:13.431688+00:00   INFO pegaflow_server::registry: registry.rs:217 IPC import timing: device_id=0 size_bytes=533725184 import_ms=3.13 (perf-t1)
2026-08-18T15:03:13.435514+00:00   INFO pegaflow_server::registry: registry.rs:217 IPC import timing: device_id=0 size_bytes=533725184 import_ms=3.20 (perf-t1)
2026-08-18T15:03:13.439529+00:00   INFO pegaflow_server::registry: registry.rs:217 IPC import timing: device_id=0 size_bytes=533725184 import_ms=3.34 (perf-t1)
2026-08-18T15:03:13.444392+00:00   INFO pegaflow_server::registry: registry.rs:217 IPC import timing: device_id=0 size_bytes=533725184 import_ms=4.23 (perf-t1)
2026-08-18T15:03:13.448235+00:00   INFO pegaflow_server::registry: registry.rs:217 IPC import timing: device_id=0 size_bytes=533725184 import_ms=3.24 (perf-t1)
2026-08-18T15:03:13.454612+00:00   INFO pegaflow_server::registry: registry.rs:217 IPC import timing: device_id=0 size_bytes=533725184 import_ms=5.74 (perf-t1)
2026-08-18T15:03:13.458322+00:00   INFO pegaflow_server::registry: registry.rs:217 IPC import timing: device_id=0 size_bytes=533725184 import_ms=3.01 (perf-t1)
2026-08-18T15:03:13.461908+00:00   INFO pegaflow_server::registry: registry.rs:217 IPC import timing: device_id=0 size_bytes=533725184 import_ms=2.99 (perf-t1)
2026-08-18T15:03:13.465509+00:00   INFO pegaflow_server::registry: registry.rs:217 IPC import timing: device_id=0 size_bytes=533725184 import_ms=2.98 (perf-t1)
2026-08-18T15:03:13.469805+00:00   INFO pegaflow_server::registry: registry.rs:217 IPC import timing: device_id=0 size_bytes=533725184 import_ms=3.74 (perf-t1)
2026-08-18T15:03:13.475595+00:00   INFO pegaflow_server::registry: registry.rs:217 IPC import timing: device_id=0 size_bytes=533725184 import_ms=5.07 (perf-t1)
2026-08-18T15:03:13.479399+00:00   INFO pegaflow_server::registry: registry.rs:217 IPC import timing: device_id=0 size_bytes=533725184 import_ms=3.13 (perf-t1)
2026-08-18T15:03:13.483711+00:00   INFO pegaflow_server::registry: registry.rs:217 IPC import timing: device_id=0 size_bytes=533725184 import_ms=3.71 (perf-t1)
2026-08-18T15:03:13.487190+00:00   INFO pegaflow_server::registry: registry.rs:217 IPC import timing: device_id=0 size_bytes=533725184 import_ms=2.86 (perf-t1)
2026-08-18T15:03:13.490814+00:00   INFO pegaflow_server::registry: registry.rs:217 IPC import timing: device_id=0 size_bytes=533725184 import_ms=3.02 (perf-t1)
2026-08-18T15:03:13.494770+00:00   INFO pegaflow_server::registry: registry.rs:217 IPC import timing: device_id=6 size_bytes=533725184 import_ms=3.13 (perf-t1)
2026-08-18T15:03:13.494935+00:00   INFO pegaflow_core::gpu_worker: gpu_worker.rs:338 GPU worker initialized: device=0 backend=ascend_batch device_id=0
2026-08-18T15:03:13.494786+00:00   INFO pegaflow_core::gpu_worker: gpu_worker.rs:338 GPU worker initialized: device=0 backend=ascend_batch device_id=0
2026-08-18T15:03:13.495263+00:00   INFO pegaflow_core::gpu_worker: gpu_worker.rs:200 GPU worker pool started: device=0, numa_node=NUMA6, transfer_mode=AscendDirect
2026-08-18T15:03:13.495971+00:00   INFO pegaflow_core::instance: instance.rs:706 Sealed instance topology: instance=37f4d82b-9d09-43de-93c2-d55e0b825c1d-d21890c04ae542d7941a2e6ab4122761, num_layers=72, tp_size=1, world_size=1, total_slots=72
2026-08-18T15:03:13.496023+00:00   INFO pegaflow_core::instance: instance.rs:719 Initialized GPU context: device_id=0, numa_node=NUMA6
2026-08-18T15:03:13.496052+00:00   INFO pegaflow_core: lib.rs:452 Registered context batch: instance=37f4d82b-9d09-43de-93c2-d55e0b825c1d-d21890c04ae542d7941a2e6ab4122761, namespace=perf-t2-c4-i200-iso-c1-0, device=0, layers=72, tp_rank=0/1, pp_rank=0
2026-08-18T15:03:13.498613+00:00   INFO pegaflow_server::registry: registry.rs:217 IPC import timing: device_id=6 size_bytes=533725184 import_ms=3.19 (perf-t1)
2026-08-18T15:03:13.504301+00:00   INFO pegaflow_server::registry: registry.rs:217 IPC import timing: device_id=6 size_bytes=533725184 import_ms=5.03 (perf-t1)
2026-08-18T15:03:13.508873+00:00   INFO pegaflow_server::registry: registry.rs:217 IPC import timing: device_id=6 size_bytes=533725184 import_ms=3.90 (perf-t1)
2026-08-18T15:03:13.512469+00:00   INFO pegaflow_server::registry: registry.rs:217 IPC import timing: device_id=6 size_bytes=533725184 import_ms=2.99 (perf-t1)
2026-08-18T15:03:13.518151+00:00   INFO pegaflow_server::registry: registry.rs:217 IPC import timing: device_id=6 size_bytes=533725184 import_ms=5.05 (perf-t1)
2026-08-18T15:03:13.522468+00:00   INFO pegaflow_server::registry: registry.rs:217 IPC import timing: device_id=6 size_bytes=533725184 import_ms=3.72 (perf-t1)
2026-08-18T15:03:13.526297+00:00   INFO pegaflow_server::registry: registry.rs:217 IPC import timing: device_id=6 size_bytes=533725184 import_ms=3.24 (perf-t1)
2026-08-18T15:03:13.530202+00:00   INFO pegaflow_server::registry: registry.rs:217 IPC import timing: device_id=6 size_bytes=533725184 import_ms=3.27 (perf-t1)
2026-08-18T15:03:13.533893+00:00   INFO pegaflow_server::registry: registry.rs:217 IPC import timing: device_id=6 size_bytes=533725184 import_ms=3.10 (perf-t1)
2026-08-18T15:03:13.537487+00:00   INFO pegaflow_server::registry: registry.rs:217 IPC import timing: device_id=6 size_bytes=533725184 import_ms=3.01 (perf-t1)
2026-08-18T15:03:13.541317+00:00   INFO pegaflow_server::registry: registry.rs:217 IPC import timing: device_id=6 size_bytes=533725184 import_ms=3.14 (perf-t1)
2026-08-18T15:03:13.544949+00:00   INFO pegaflow_server::registry: registry.rs:217 IPC import timing: device_id=6 size_bytes=533725184 import_ms=3.03 (perf-t1)
2026-08-18T15:03:13.549619+00:00   INFO pegaflow_server::registry: registry.rs:217 IPC import timing: device_id=6 size_bytes=533725184 import_ms=4.10 (perf-t1)
2026-08-18T15:03:13.553263+00:00   INFO pegaflow_server::registry: registry.rs:217 IPC import timing: device_id=6 size_bytes=533725184 import_ms=3.05 (perf-t1)
2026-08-18T15:03:13.556934+00:00   INFO pegaflow_server::registry: registry.rs:217 IPC import timing: device_id=6 size_bytes=533725184 import_ms=3.02 (perf-t1)
2026-08-18T15:03:13.563300+00:00   INFO pegaflow_server::registry: registry.rs:217 IPC import timing: device_id=6 size_bytes=533725184 import_ms=5.76 (perf-t1)
2026-08-18T15:03:13.568189+00:00   INFO pegaflow_server::registry: registry.rs:217 IPC import timing: device_id=6 size_bytes=533725184 import_ms=4.30 (perf-t1)
2026-08-18T15:03:13.571840+00:00   INFO pegaflow_server::registry: registry.rs:217 IPC import timing: device_id=6 size_bytes=533725184 import_ms=3.01 (perf-t1)
2026-08-18T15:03:13.575527+00:00   INFO pegaflow_server::registry: registry.rs:217 IPC import timing: device_id=6 size_bytes=533725184 import_ms=3.09 (perf-t1)
2026-08-18T15:03:13.579558+00:00   INFO pegaflow_server::registry: registry.rs:217 IPC import timing: device_id=6 size_bytes=533725184 import_ms=3.45 (perf-t1)
2026-08-18T15:03:13.587031+00:00   INFO pegaflow_server::registry: registry.rs:217 IPC import timing: device_id=6 size_bytes=533725184 import_ms=6.78 (perf-t1)
2026-08-18T15:03:13.591303+00:00   INFO pegaflow_server::registry: registry.rs:217 IPC import timing: device_id=6 size_bytes=533725184 import_ms=3.67 (perf-t1)
2026-08-18T15:03:13.595404+00:00   INFO pegaflow_server::registry: registry.rs:217 IPC import timing: device_id=6 size_bytes=533725184 import_ms=3.34 (perf-t1)
2026-08-18T15:03:13.599136+00:00   INFO pegaflow_server::registry: registry.rs:217 IPC import timing: device_id=6 size_bytes=533725184 import_ms=3.12 (perf-t1)
2026-08-18T15:03:13.602683+00:00   INFO pegaflow_server::registry: registry.rs:217 IPC import timing: device_id=6 size_bytes=533725184 import_ms=2.95 (perf-t1)
2026-08-18T15:03:13.606556+00:00   INFO pegaflow_server::registry: registry.rs:217 IPC import timing: device_id=6 size_bytes=533725184 import_ms=3.30 (perf-t1)
2026-08-18T15:03:13.610122+00:00   INFO pegaflow_server::registry: registry.rs:217 IPC import timing: device_id=6 size_bytes=533725184 import_ms=2.97 (perf-t1)
2026-08-18T15:03:13.613674+00:00   INFO pegaflow_server::registry: registry.rs:217 IPC import timing: device_id=6 size_bytes=533725184 import_ms=2.95 (perf-t1)
2026-08-18T15:03:13.618669+00:00   INFO pegaflow_server::registry: registry.rs:217 IPC import timing: device_id=6 size_bytes=533725184 import_ms=4.38 (perf-t1)
2026-08-18T15:03:13.632872+00:00   INFO pegaflow_server::registry: registry.rs:217 IPC import timing: device_id=6 size_bytes=533725184 import_ms=13.56 (perf-t1)
2026-08-18T15:03:13.636403+00:00   INFO pegaflow_server::registry: registry.rs:217 IPC import timing: device_id=6 size_bytes=533725184 import_ms=2.84 (perf-t1)
2026-08-18T15:03:13.640559+00:00   INFO pegaflow_server::registry: registry.rs:217 IPC import timing: device_id=6 size_bytes=533725184 import_ms=3.59 (perf-t1)
2026-08-18T15:03:13.644083+00:00   INFO pegaflow_server::registry: registry.rs:217 IPC import timing: device_id=6 size_bytes=533725184 import_ms=2.91 (perf-t1)
2026-08-18T15:03:13.648071+00:00   INFO pegaflow_server::registry: registry.rs:217 IPC import timing: device_id=6 size_bytes=533725184 import_ms=3.42 (perf-t1)
2026-08-18T15:03:13.651532+00:00   INFO pegaflow_server::registry: registry.rs:217 IPC import timing: device_id=6 size_bytes=533725184 import_ms=2.88 (perf-t1)
2026-08-18T15:03:13.655187+00:00   INFO pegaflow_server::registry: registry.rs:217 IPC import timing: device_id=6 size_bytes=533725184 import_ms=3.05 (perf-t1)
2026-08-18T15:03:13.659063+00:00   INFO pegaflow_server::registry: registry.rs:217 IPC import timing: device_id=6 size_bytes=533725184 import_ms=3.31 (perf-t1)
2026-08-18T15:03:13.662586+00:00   INFO pegaflow_server::registry: registry.rs:217 IPC import timing: device_id=6 size_bytes=533725184 import_ms=2.95 (perf-t1)
2026-08-18T15:03:13.666038+00:00   INFO pegaflow_server::registry: registry.rs:217 IPC import timing: device_id=6 size_bytes=533725184 import_ms=2.86 (perf-t1)
2026-08-18T15:03:13.669585+00:00   INFO pegaflow_server::registry: registry.rs:217 IPC import timing: device_id=6 size_bytes=533725184 import_ms=3.01 (perf-t1)
2026-08-18T15:03:13.674923+00:00   INFO pegaflow_server::registry: registry.rs:217 IPC import timing: device_id=6 size_bytes=533725184 import_ms=4.63 (perf-t1)
2026-08-18T15:03:13.678403+00:00   INFO pegaflow_server::registry: registry.rs:217 IPC import timing: device_id=6 size_bytes=533725184 import_ms=2.92 (perf-t1)
2026-08-18T15:03:13.682190+00:00   INFO pegaflow_server::registry: registry.rs:217 IPC import timing: device_id=6 size_bytes=533725184 import_ms=3.27 (perf-t1)
2026-08-18T15:03:13.685848+00:00   INFO pegaflow_server::registry: registry.rs:217 IPC import timing: device_id=6 size_bytes=533725184 import_ms=3.01 (perf-t1)
2026-08-18T15:03:13.690818+00:00   INFO pegaflow_server::registry: registry.rs:217 IPC import timing: device_id=6 size_bytes=533725184 import_ms=4.41 (perf-t1)
2026-08-18T15:03:13.694373+00:00   INFO pegaflow_server::registry: registry.rs:217 IPC import timing: device_id=6 size_bytes=533725184 import_ms=3.05 (perf-t1)
2026-08-18T15:03:13.697801+00:00   INFO pegaflow_server::registry: registry.rs:217 IPC import timing: device_id=6 size_bytes=533725184 import_ms=2.90 (perf-t1)
2026-08-18T15:03:13.702271+00:00   INFO pegaflow_server::registry: registry.rs:217 IPC import timing: device_id=6 size_bytes=533725184 import_ms=3.95 (perf-t1)
2026-08-18T15:03:13.705712+00:00   INFO pegaflow_server::registry: registry.rs:217 IPC import timing: device_id=6 size_bytes=533725184 import_ms=2.93 (perf-t1)
2026-08-18T15:03:13.709003+00:00   INFO pegaflow_server::registry: registry.rs:217 IPC import timing: device_id=6 size_bytes=533725184 import_ms=2.79 (perf-t1)
2026-08-18T15:03:13.712375+00:00   INFO pegaflow_server::registry: registry.rs:217 IPC import timing: device_id=6 size_bytes=533725184 import_ms=2.81 (perf-t1)
2026-08-18T15:03:13.717369+00:00   INFO pegaflow_server::registry: registry.rs:217 IPC import timing: device_id=6 size_bytes=533725184 import_ms=4.47 (perf-t1)
2026-08-18T15:03:13.726109+00:00   INFO pegaflow_server::registry: registry.rs:217 IPC import timing: device_id=6 size_bytes=533725184 import_ms=8.22 (perf-t1)
2026-08-18T15:03:13.729684+00:00   INFO pegaflow_server::registry: registry.rs:217 IPC import timing: device_id=6 size_bytes=533725184 import_ms=3.06 (perf-t1)
2026-08-18T15:03:13.733241+00:00   INFO pegaflow_server::registry: registry.rs:217 IPC import timing: device_id=6 size_bytes=533725184 import_ms=3.05 (perf-t1)
2026-08-18T15:03:13.736661+00:00   INFO pegaflow_server::registry: registry.rs:217 IPC import timing: device_id=6 size_bytes=533725184 import_ms=2.91 (perf-t1)
2026-08-18T15:03:13.740027+00:00   INFO pegaflow_server::registry: registry.rs:217 IPC import timing: device_id=6 size_bytes=533725184 import_ms=2.73 (perf-t1)
2026-08-18T15:03:13.743480+00:00   INFO pegaflow_server::registry: registry.rs:217 IPC import timing: device_id=6 size_bytes=533725184 import_ms=2.95 (perf-t1)
2026-08-18T15:03:13.746873+00:00   INFO pegaflow_server::registry: registry.rs:217 IPC import timing: device_id=6 size_bytes=533725184 import_ms=2.88 (perf-t1)
2026-08-18T15:03:13.752119+00:00   INFO pegaflow_server::registry: registry.rs:217 IPC import timing: device_id=6 size_bytes=533725184 import_ms=4.70 (perf-t1)
2026-08-18T15:03:13.759075+00:00   INFO pegaflow_server::registry: registry.rs:217 IPC import timing: device_id=6 size_bytes=533725184 import_ms=6.40 (perf-t1)
2026-08-18T15:03:13.763731+00:00   INFO pegaflow_server::registry: registry.rs:217 IPC import timing: device_id=6 size_bytes=533725184 import_ms=4.14 (perf-t1)
2026-08-18T15:03:13.767383+00:00   INFO pegaflow_server::registry: registry.rs:217 IPC import timing: device_id=6 size_bytes=533725184 import_ms=3.09 (perf-t1)
2026-08-18T15:03:13.773190+00:00   INFO pegaflow_server::registry: registry.rs:217 IPC import timing: device_id=6 size_bytes=533725184 import_ms=5.28 (perf-t1)
2026-08-18T15:03:13.776793+00:00   INFO pegaflow_server::registry: registry.rs:217 IPC import timing: device_id=6 size_bytes=533725184 import_ms=3.06 (perf-t1)
2026-08-18T15:03:13.780354+00:00   INFO pegaflow_server::registry: registry.rs:217 IPC import timing: device_id=6 size_bytes=533725184 import_ms=2.96 (perf-t1)
2026-08-18T15:03:13.783754+00:00   INFO pegaflow_server::registry: registry.rs:217 IPC import timing: device_id=6 size_bytes=533725184 import_ms=2.88 (perf-t1)
2026-08-18T15:03:13.787123+00:00   INFO pegaflow_server::registry: registry.rs:217 IPC import timing: device_id=6 size_bytes=533725184 import_ms=2.87 (perf-t1)
2026-08-18T15:03:13.790697+00:00   INFO pegaflow_server::registry: registry.rs:217 IPC import timing: device_id=6 size_bytes=533725184 import_ms=3.02 (perf-t1)
2026-08-18T15:03:13.794059+00:00   INFO pegaflow_server::registry: registry.rs:217 IPC import timing: device_id=6 size_bytes=533725184 import_ms=2.85 (perf-t1)
2026-08-18T15:03:13.797526+00:00   INFO pegaflow_server::registry: registry.rs:217 IPC import timing: device_id=6 size_bytes=533725184 import_ms=2.89 (perf-t1)
2026-08-18T15:03:13.801726+00:00   INFO pegaflow_core::gpu_worker: gpu_worker.rs:338 GPU worker initialized: device=6 backend=ascend_batch device_id=6
2026-08-18T15:03:13.802065+00:00   INFO pegaflow_core::gpu_worker: gpu_worker.rs:338 GPU worker initialized: device=6 backend=ascend_batch device_id=6
2026-08-18T15:03:13.802317+00:00   INFO pegaflow_core::gpu_worker: gpu_worker.rs:200 GPU worker pool started: device=6, numa_node=NUMA4, transfer_mode=AscendDirect
2026-08-18T15:03:13.803038+00:00   INFO pegaflow_core::instance: instance.rs:706 Sealed instance topology: instance=17cde95d-8788-4606-9430-226d5f0ec471-854fc9b13b19440398afe5ef0b7c5916, num_layers=72, tp_size=1, world_size=1, total_slots=72
2026-08-18T15:03:13.803089+00:00   INFO pegaflow_core::instance: instance.rs:719 Initialized GPU context: device_id=6, numa_node=NUMA4
2026-08-18T15:03:13.803117+00:00   INFO pegaflow_core: lib.rs:452 Registered context batch: instance=17cde95d-8788-4606-9430-226d5f0ec471-854fc9b13b19440398afe5ef0b7c5916, namespace=perf-t2-c4-i200-iso-c1-6, device=6, layers=72, tp_rank=0/1, pp_rank=0
2026-08-18T15:03:25.580428+00:00   INFO pegaflow_server::service: service.rs:931 Session opened: instance_id=cc3f6a40-39ff-4686-b8c0-b7ebe63518b1-2f42c44b887d45afa98a90ad529beabf namespace=perf-t2-c4-i200-iso-c1-3 tp_size=1 world_size=1 token=1
2026-08-18T15:03:32.202596+00:00   INFO pegaflow_server::service: service.rs:931 Session opened: instance_id=35a281b5-d444-4221-a513-9d5e750f6bcf-ed9dadee399a437287a01ea578e1a28e namespace=perf-t2-c4-i200-iso-c1-1 tp_size=1 world_size=1 token=2
2026-08-18T15:03:32.805338+00:00   INFO pegaflow_server::service: service.rs:931 Session opened: instance_id=79348a8c-b006-44f0-b463-f33aa102197e-c21cfeda01b4437c95a55663039bfd44 namespace=perf-t2-c4-i200-iso-c1-2 tp_size=1 world_size=1 token=3
2026-08-18T15:03:36.657974+00:00   INFO pegaflow_server::service: service.rs:931 Session opened: instance_id=c7d00eb8-7f26-4a0a-b2a3-0c27fe01bd7c-3c51200235bc4e21835c8a514dbf9671 namespace=perf-t2-c4-i200-iso-c1-5 tp_size=1 world_size=1 token=4
2026-08-18T15:03:38.865343+00:00   INFO pegaflow_server::service: service.rs:931 Session opened: instance_id=37f4d82b-9d09-43de-93c2-d55e0b825c1d-d21890c04ae542d7941a2e6ab4122761 namespace=perf-t2-c4-i200-iso-c1-0 tp_size=1 world_size=1 token=5
2026-08-18T15:03:39.332019+00:00   INFO pegaflow_server::service: service.rs:931 Session opened: instance_id=17cde95d-8788-4606-9430-226d5f0ec471-854fc9b13b19440398afe5ef0b7c5916 namespace=perf-t2-c4-i200-iso-c1-6 tp_size=1 world_size=1 token=6
2026-08-18T15:03:42.714402+00:00   INFO pegaflow_server::service: service.rs:931 Session opened: instance_id=e728c075-1cb9-4cfe-9d33-3a6afa15fae9-aada66310c234f8eb6e06fa8f697f2df namespace=perf-t2-c4-i200-iso-c1-4 tp_size=1 world_size=1 token=7
2026-08-18T15:03:43.656098+00:00   INFO pegaflow_server::service: service.rs:931 Session opened: instance_id=33a3a470-ebd8-4118-bbc8-82ee1cd9dc63-e43bb33bd09e4536896b02061dbfee25 namespace=perf-t2-c4-i200-iso-c1-7 tp_size=1 world_size=1 token=8
2026-08-18T15:03:51.999790+00:00   INFO pegaflow_server::service: service.rs:955 Session closed: instance_id=cc3f6a40-39ff-4686-b8c0-b7ebe63518b1-2f42c44b887d45afa98a90ad529beabf token=1 — running cleanup
2026-08-18T15:03:52.390995+00:00   INFO pegaflow_server::service: service.rs:59 Session cleanup (stream closed): dropped 72 device tensors for instance cc3f6a40-39ff-4686-b8c0-b7ebe63518b1-2f42c44b887d45afa98a90ad529beabf
2026-08-18T15:03:52.391266+00:00   INFO pegaflow_core: lib.rs:471 Unregistered instance: cc3f6a40-39ff-4686-b8c0-b7ebe63518b1-2f42c44b887d45afa98a90ad529beabf
2026-08-18T15:03:53.266229+00:00   INFO pegaflow_server::service: service.rs:955 Session closed: instance_id=79348a8c-b006-44f0-b463-f33aa102197e-c21cfeda01b4437c95a55663039bfd44 token=3 — running cleanup
2026-08-18T15:03:53.877996+00:00   INFO pegaflow_core: lib.rs:471 Unregistered instance: 79348a8c-b006-44f0-b463-f33aa102197e-c21cfeda01b4437c95a55663039bfd44
2026-08-18T15:03:54.531656+00:00   INFO pegaflow_server::service: service.rs:955 Session closed: instance_id=35a281b5-d444-4221-a513-9d5e750f6bcf-ed9dadee399a437287a01ea578e1a28e token=2 — running cleanup
2026-08-18T15:03:55.161687+00:00   INFO pegaflow_server::service: service.rs:59 Session cleanup (stream closed): dropped 72 device tensors for instance 35a281b5-d444-4221-a513-9d5e750f6bcf-ed9dadee399a437287a01ea578e1a28e
2026-08-18T15:03:55.161971+00:00   INFO pegaflow_core: lib.rs:471 Unregistered instance: 35a281b5-d444-4221-a513-9d5e750f6bcf-ed9dadee399a437287a01ea578e1a28e
2026-08-18T15:03:55.895921+00:00   INFO pegaflow_server::service: service.rs:955 Session closed: instance_id=c7d00eb8-7f26-4a0a-b2a3-0c27fe01bd7c-3c51200235bc4e21835c8a514dbf9671 token=4 — running cleanup
2026-08-18T15:03:56.609682+00:00   INFO pegaflow_server::service: service.rs:59 Session cleanup (stream closed): dropped 72 device tensors for instance c7d00eb8-7f26-4a0a-b2a3-0c27fe01bd7c-3c51200235bc4e21835c8a514dbf9671
2026-08-18T15:03:56.609942+00:00   INFO pegaflow_core: lib.rs:471 Unregistered instance: c7d00eb8-7f26-4a0a-b2a3-0c27fe01bd7c-3c51200235bc4e21835c8a514dbf9671
2026-08-18T15:03:57.263049+00:00   INFO pegaflow_server::service: service.rs:955 Session closed: instance_id=37f4d82b-9d09-43de-93c2-d55e0b825c1d-d21890c04ae542d7941a2e6ab4122761 token=5 — running cleanup
2026-08-18T15:03:57.869347+00:00   INFO pegaflow_core: lib.rs:471 Unregistered instance: 37f4d82b-9d09-43de-93c2-d55e0b825c1d-d21890c04ae542d7941a2e6ab4122761
2026-08-18T15:03:58.728833+00:00   INFO pegaflow_server::service: service.rs:955 Session closed: instance_id=17cde95d-8788-4606-9430-226d5f0ec471-854fc9b13b19440398afe5ef0b7c5916 token=6 — running cleanup
2026-08-18T15:03:59.331807+00:00   INFO pegaflow_core: lib.rs:471 Unregistered instance: 17cde95d-8788-4606-9430-226d5f0ec471-854fc9b13b19440398afe5ef0b7c5916
2026-08-18T15:04:00.094389+00:00   INFO pegaflow_server::service: service.rs:955 Session closed: instance_id=e728c075-1cb9-4cfe-9d33-3a6afa15fae9-aada66310c234f8eb6e06fa8f697f2df token=7 — running cleanup
2026-08-18T15:04:00.400956+00:00   INFO pegaflow_server::service: service.rs:59 Session cleanup (stream closed): dropped 72 device tensors for instance e728c075-1cb9-4cfe-9d33-3a6afa15fae9-aada66310c234f8eb6e06fa8f697f2df
2026-08-18T15:04:00.401219+00:00   INFO pegaflow_core: lib.rs:471 Unregistered instance: e728c075-1cb9-4cfe-9d33-3a6afa15fae9-aada66310c234f8eb6e06fa8f697f2df
2026-08-18T15:04:01.459415+00:00   INFO pegaflow_server::service: service.rs:955 Session closed: instance_id=33a3a470-ebd8-4118-bbc8-82ee1cd9dc63-e43bb33bd09e4536896b02061dbfee25 token=8 — running cleanup
2026-08-18T15:04:02.097077+00:00   INFO pegaflow_server::service: service.rs:59 Session cleanup (stream closed): dropped 72 device tensors for instance 33a3a470-ebd8-4118-bbc8-82ee1cd9dc63-e43bb33bd09e4536896b02061dbfee25
2026-08-18T15:04:02.097329+00:00   INFO pegaflow_core: lib.rs:471 Unregistered instance: 33a3a470-ebd8-4118-bbc8-82ee1cd9dc63-e43bb33bd09e4536896b02061dbfee25
