2026-08-18T16:07:00.399331+00:00   INFO pegaflow_server: lib.rs:480 Starting pega-engine-server v0.23.3
2026-08-18T16:07:01.244196+00:00   INFO pegaflow_server: lib.rs:319 Ascend ACL runtime initialized, device 0 set as current
2026-08-18T16:07:01.244435+00:00   INFO pegaflow_server::check_ascend_version: check_ascend_version.rs:40 Ascend preflight: minimum required version 1.16.0
2026-08-18T16:07:01.244520+00:00   INFO pegaflow_server::check_ascend_version: check_ascend_version.rs:52 Ascend preflight: runtime version 1.17.0 detected
2026-08-18T16:07:01.244564+00:00   INFO pegaflow_server: lib.rs:498 Using specified device(s): [0, 1, 2, 3, 4, 5, 6, 7]
2026-08-18T16:07:10.160579+00:00   INFO pegaflow_server: lib.rs:397 Initialized context for device 0 in 0.01s
2026-08-18T16:07:10.916572+00:00   INFO pegaflow_server: lib.rs:397 Initialized context for device 1 in 0.76s
2026-08-18T16:07:11.661821+00:00   INFO pegaflow_server: lib.rs:397 Initialized context for device 2 in 0.75s
2026-08-18T16:07:12.424834+00:00   INFO pegaflow_server: lib.rs:397 Initialized context for device 3 in 0.76s
2026-08-18T16:07:13.183054+00:00   INFO pegaflow_server: lib.rs:397 Initialized context for device 4 in 0.76s
2026-08-18T16:07:13.950778+00:00   INFO pegaflow_server: lib.rs:397 Initialized context for device 5 in 0.77s
2026-08-18T16:07:14.774109+00:00   INFO pegaflow_server: lib.rs:397 Initialized context for device 6 in 0.82s
2026-08-18T16:07:15.529337+00:00   INFO pegaflow_server: lib.rs:397 Initialized context for device 7 in 0.75s
2026-08-18T16:07:15.529590+00:00   INFO pegaflow_server: lib.rs:507 Device runtime initialized for 8 device(s): [0, 1, 2, 3, 4, 5, 6, 7]
2026-08-18T16:07:15.529980+00:00   INFO pegaflow_server: lib.rs:528 Creating PegaEngine with pinned memory pool: 16.00 GiB (17179869184 bytes), hugepages=false
2026-08-18T16:07:15.562279+00:00   INFO pegaflow_server: lib.rs:446 Prometheus metrics exporter enabled
2026-08-18T16:07:15.562614+00:00   INFO opentelemetry: metrics.rs:29  name="MeterProvider.GlobalSet" message=Global meter provider is set. Meters can now be created using global::meter() or global::meter_with_scope().
2026-08-18T16:07:20.968871+00:00   INFO pegaflow_common::numa: numa.rs:650 === Device-NUMA Topology ===
2026-08-18T16:07:20.969039+00:00   INFO pegaflow_common::numa: numa.rs:651 NUMA nodes: 8
2026-08-18T16:07:20.969087+00:00   INFO pegaflow_common::numa: numa.rs:659   Device 0 -> NUMA6
2026-08-18T16:07:20.969111+00:00   INFO pegaflow_common::numa: numa.rs:659   Device 1 -> NUMA0
2026-08-18T16:07:20.969131+00:00   INFO pegaflow_common::numa: numa.rs:659   Device 2 -> NUMA6
2026-08-18T16:07:20.969150+00:00   INFO pegaflow_common::numa: numa.rs:659   Device 3 -> NUMA0
2026-08-18T16:07:20.969169+00:00   INFO pegaflow_common::numa: numa.rs:659   Device 4 -> NUMA4
2026-08-18T16:07:20.969187+00:00   INFO pegaflow_common::numa: numa.rs:659   Device 5 -> NUMA2
2026-08-18T16:07:20.969206+00:00   INFO pegaflow_common::numa: numa.rs:659   Device 6 -> NUMA4
2026-08-18T16:07:20.969224+00:00   INFO pegaflow_common::numa: numa.rs:659   Device 7 -> NUMA2
2026-08-18T16:07:20.969287+00:00   INFO pegaflow_core: lib.rs:163 Auto-enabling NUMA-aware memory allocation for 4 GPU-local NUMA nodes (8 CPU NUMA nodes detected)
2026-08-18T16:07:20.969312+00:00   INFO pegaflow_core::storage: mod.rs:150 Creating NUMA-aware pinned pools for 4 nodes
2026-08-18T16:07:20.969349+00:00   INFO pegaflow_core::pinned_pool: pinned_pool.rs:547 Creating NUMA-aware pools: total=16.0 GiB, nodes=4, per_node=4.0 GiB, shards_per_node=1
2026-08-18T16:07:20.970850+00:00   INFO pegaflow_core::pinned_pool: pinned_pool.rs:203 Allocating pinned memory pool with aclrtMallocHost mapped pages
2026-08-18T16:07:20.971044+00:00   INFO pegaflow_core::pinned_pool: pinned_pool.rs:262 Ascend pinned pool on NUMA node NUMA0 → using device 1
2026-08-18T16:07:21.143565+00:00   INFO pegaflow_core::pinned_pool: pinned_pool.rs:213 Pinned pool: backing_size=4.0 GiB, unit_size=512 B, max_units=8388608, allocatable_size=4.0 GiB
2026-08-18T16:07:21.490899+00:00   INFO pegaflow_core::pinned_pool: pinned_pool.rs:580 Created pinned pool on NUMA0: capacity=4.0 GiB
2026-08-18T16:07:21.491980+00:00   INFO pegaflow_core::pinned_pool: pinned_pool.rs:203 Allocating pinned memory pool with aclrtMallocHost mapped pages
2026-08-18T16:07:21.492119+00:00   INFO pegaflow_core::pinned_pool: pinned_pool.rs:262 Ascend pinned pool on NUMA node NUMA2 → using device 7
2026-08-18T16:07:21.663633+00:00   INFO pegaflow_core::pinned_pool: pinned_pool.rs:213 Pinned pool: backing_size=4.0 GiB, unit_size=512 B, max_units=8388608, allocatable_size=4.0 GiB
2026-08-18T16:07:22.008539+00:00   INFO pegaflow_core::pinned_pool: pinned_pool.rs:580 Created pinned pool on NUMA2: capacity=4.0 GiB
2026-08-18T16:07:22.009626+00:00   INFO pegaflow_core::pinned_pool: pinned_pool.rs:203 Allocating pinned memory pool with aclrtMallocHost mapped pages
2026-08-18T16:07:22.009683+00:00   INFO pegaflow_core::pinned_pool: pinned_pool.rs:262 Ascend pinned pool on NUMA node NUMA4 → using device 4
2026-08-18T16:07:22.179735+00:00   INFO pegaflow_core::pinned_pool: pinned_pool.rs:213 Pinned pool: backing_size=4.0 GiB, unit_size=512 B, max_units=8388608, allocatable_size=4.0 GiB
2026-08-18T16:07:22.518183+00:00   INFO pegaflow_core::pinned_pool: pinned_pool.rs:580 Created pinned pool on NUMA4: capacity=4.0 GiB
2026-08-18T16:07:22.519489+00:00   INFO pegaflow_core::pinned_pool: pinned_pool.rs:203 Allocating pinned memory pool with aclrtMallocHost mapped pages
2026-08-18T16:07:22.519680+00:00   INFO pegaflow_core::pinned_pool: pinned_pool.rs:262 Ascend pinned pool on NUMA node NUMA6 → using device 2
2026-08-18T16:07:22.683842+00:00   INFO pegaflow_core::pinned_pool: pinned_pool.rs:213 Pinned pool: backing_size=4.0 GiB, unit_size=512 B, max_units=8388608, allocatable_size=4.0 GiB
2026-08-18T16:07:23.021338+00:00   INFO pegaflow_core::pinned_pool: pinned_pool.rs:580 Created pinned pool on NUMA6: capacity=4.0 GiB
2026-08-18T16:07:23.022187+00:00   INFO pegaflow_server: lib.rs:688 Background GC task started (interval=60s, inflight_max_age=5m, failed_remote_max_age=5m)
2026-08-18T16:07:23.022680+00:00   INFO pegaflow_server::http_server: http_server.rs:187 Starting HTTP server on 0.0.0.0:9091 (/health, /metrics, /instances, /instances/cleanup, /cache/memory/cleanup)
2026-08-18T16:07:23.022799+00:00   INFO pegaflow_server: lib.rs:716 PegaEngine gRPC server listening on 0.0.0.0:50080
2026-08-18T16:09:26.004672+00:00   INFO pegaflow_server::registry: registry.rs:217 IPC import timing: device_id=5 size_bytes=533725184 import_ms=50.91 (perf-t1)
2026-08-18T16:09:26.050543+00:00   INFO pegaflow_server::registry: registry.rs:217 IPC import timing: device_id=5 size_bytes=533725184 import_ms=43.75 (perf-t1)
2026-08-18T16:09:26.054520+00:00   INFO pegaflow_server::registry: registry.rs:217 IPC import timing: device_id=5 size_bytes=533725184 import_ms=3.23 (perf-t1)
2026-08-18T16:09:26.098514+00:00   INFO pegaflow_server::registry: registry.rs:217 IPC import timing: device_id=5 size_bytes=533725184 import_ms=43.41 (perf-t1)
2026-08-18T16:09:26.102387+00:00   INFO pegaflow_server::registry: registry.rs:217 IPC import timing: device_id=5 size_bytes=533725184 import_ms=3.12 (perf-t1)
2026-08-18T16:09:26.146502+00:00   INFO pegaflow_server::registry: registry.rs:217 IPC import timing: device_id=5 size_bytes=533725184 import_ms=43.55 (perf-t1)
2026-08-18T16:09:26.150676+00:00   INFO pegaflow_server::registry: registry.rs:217 IPC import timing: device_id=5 size_bytes=533725184 import_ms=3.10 (perf-t1)
2026-08-18T16:09:26.194710+00:00   INFO pegaflow_server::registry: registry.rs:217 IPC import timing: device_id=5 size_bytes=533725184 import_ms=43.39 (perf-t1)
2026-08-18T16:09:26.198842+00:00   INFO pegaflow_server::registry: registry.rs:217 IPC import timing: device_id=5 size_bytes=533725184 import_ms=3.19 (perf-t1)
2026-08-18T16:09:26.242298+00:00   INFO pegaflow_server::registry: registry.rs:217 IPC import timing: device_id=5 size_bytes=533725184 import_ms=42.87 (perf-t1)
2026-08-18T16:09:26.295128+00:00   INFO pegaflow_server::registry: registry.rs:217 IPC import timing: device_id=5 size_bytes=533725184 import_ms=52.11 (perf-t1)
2026-08-18T16:09:26.299276+00:00   INFO pegaflow_server::registry: registry.rs:217 IPC import timing: device_id=5 size_bytes=533725184 import_ms=3.15 (perf-t1)
2026-08-18T16:09:26.342680+00:00   INFO pegaflow_server::registry: registry.rs:217 IPC import timing: device_id=5 size_bytes=533725184 import_ms=42.78 (perf-t1)
2026-08-18T16:09:26.347489+00:00   INFO pegaflow_server::registry: registry.rs:217 IPC import timing: device_id=5 size_bytes=533725184 import_ms=3.83 (perf-t1)
2026-08-18T16:09:26.390773+00:00   INFO pegaflow_server::registry: registry.rs:217 IPC import timing: device_id=5 size_bytes=533725184 import_ms=42.65 (perf-t1)
2026-08-18T16:09:26.395135+00:00   INFO pegaflow_server::registry: registry.rs:217 IPC import timing: device_id=5 size_bytes=533725184 import_ms=3.34 (perf-t1)
2026-08-18T16:09:26.438644+00:00   INFO pegaflow_server::registry: registry.rs:217 IPC import timing: device_id=5 size_bytes=533725184 import_ms=42.81 (perf-t1)
2026-08-18T16:09:26.442577+00:00   INFO pegaflow_server::registry: registry.rs:217 IPC import timing: device_id=5 size_bytes=533725184 import_ms=3.08 (perf-t1)
2026-08-18T16:09:26.489179+00:00   INFO pegaflow_server::registry: registry.rs:217 IPC import timing: device_id=5 size_bytes=533725184 import_ms=46.02 (perf-t1)
2026-08-18T16:09:26.538447+00:00   INFO pegaflow_server::registry: registry.rs:217 IPC import timing: device_id=5 size_bytes=533725184 import_ms=48.59 (perf-t1)
2026-08-18T16:09:26.577385+00:00   INFO pegaflow_server::registry: registry.rs:217 IPC import timing: device_id=5 size_bytes=533725184 import_ms=38.28 (perf-t1)
2026-08-18T16:09:26.586405+00:00   INFO pegaflow_server::registry: registry.rs:217 IPC import timing: device_id=5 size_bytes=533725184 import_ms=8.45 (perf-t1)
2026-08-18T16:09:26.590202+00:00   INFO pegaflow_server::registry: registry.rs:217 IPC import timing: device_id=5 size_bytes=533725184 import_ms=3.19 (perf-t1)
2026-08-18T16:09:26.634650+00:00   INFO pegaflow_server::registry: registry.rs:217 IPC import timing: device_id=5 size_bytes=533725184 import_ms=43.94 (perf-t1)
2026-08-18T16:09:26.639494+00:00   INFO pegaflow_server::registry: registry.rs:217 IPC import timing: device_id=5 size_bytes=533725184 import_ms=4.30 (perf-t1)
2026-08-18T16:09:26.685653+00:00   INFO pegaflow_server::registry: registry.rs:217 IPC import timing: device_id=5 size_bytes=533725184 import_ms=45.59 (perf-t1)
2026-08-18T16:09:26.691160+00:00   INFO pegaflow_server::registry: registry.rs:217 IPC import timing: device_id=5 size_bytes=533725184 import_ms=4.89 (perf-t1)
2026-08-18T16:09:26.738348+00:00   INFO pegaflow_server::registry: registry.rs:217 IPC import timing: device_id=5 size_bytes=533725184 import_ms=46.66 (perf-t1)
2026-08-18T16:09:26.820858+00:00   INFO pegaflow_server::registry: registry.rs:217 IPC import timing: device_id=5 size_bytes=533725184 import_ms=81.84 (perf-t1)
2026-08-18T16:09:26.835567+00:00   INFO pegaflow_server::registry: registry.rs:217 IPC import timing: device_id=5 size_bytes=533725184 import_ms=13.88 (perf-t1)
2026-08-18T16:09:26.839902+00:00   INFO pegaflow_server::registry: registry.rs:217 IPC import timing: device_id=5 size_bytes=533725184 import_ms=3.63 (perf-t1)
2026-08-18T16:09:26.885626+00:00   INFO pegaflow_server::registry: registry.rs:217 IPC import timing: device_id=5 size_bytes=533725184 import_ms=44.96 (perf-t1)
2026-08-18T16:09:26.891288+00:00   INFO pegaflow_server::registry: registry.rs:217 IPC import timing: device_id=5 size_bytes=533725184 import_ms=4.67 (perf-t1)
2026-08-18T16:09:26.930784+00:00   INFO pegaflow_server::registry: registry.rs:217 IPC import timing: device_id=5 size_bytes=533725184 import_ms=38.83 (perf-t1)
2026-08-18T16:09:26.978562+00:00   INFO pegaflow_server::registry: registry.rs:217 IPC import timing: device_id=5 size_bytes=533725184 import_ms=46.73 (perf-t1)
2026-08-18T16:09:26.982627+00:00   INFO pegaflow_server::registry: registry.rs:217 IPC import timing: device_id=5 size_bytes=533725184 import_ms=3.05 (perf-t1)
2026-08-18T16:09:26.986459+00:00   INFO pegaflow_server::registry: registry.rs:217 IPC import timing: device_id=5 size_bytes=533725184 import_ms=3.21 (perf-t1)
2026-08-18T16:09:26.990218+00:00   INFO pegaflow_server::registry: registry.rs:217 IPC import timing: device_id=5 size_bytes=533725184 import_ms=3.06 (perf-t1)
2026-08-18T16:09:27.071833+00:00   INFO pegaflow_server::registry: registry.rs:217 IPC import timing: device_id=5 size_bytes=533725184 import_ms=81.02 (perf-t1)
2026-08-18T16:09:27.085620+00:00   INFO pegaflow_server::registry: registry.rs:217 IPC import timing: device_id=5 size_bytes=533725184 import_ms=12.75 (perf-t1)
2026-08-18T16:09:27.091194+00:00   INFO pegaflow_server::registry: registry.rs:217 IPC import timing: device_id=5 size_bytes=533725184 import_ms=4.71 (perf-t1)
2026-08-18T16:09:27.094872+00:00   INFO pegaflow_server::registry: registry.rs:217 IPC import timing: device_id=5 size_bytes=533725184 import_ms=3.00 (perf-t1)
2026-08-18T16:09:27.098400+00:00   INFO pegaflow_server::registry: registry.rs:217 IPC import timing: device_id=5 size_bytes=533725184 import_ms=2.92 (perf-t1)
2026-08-18T16:09:27.102113+00:00   INFO pegaflow_server::registry: registry.rs:217 IPC import timing: device_id=5 size_bytes=533725184 import_ms=3.05 (perf-t1)
2026-08-18T16:09:27.105810+00:00   INFO pegaflow_server::registry: registry.rs:217 IPC import timing: device_id=5 size_bytes=533725184 import_ms=3.07 (perf-t1)
2026-08-18T16:09:27.110670+00:00   INFO pegaflow_server::registry: registry.rs:217 IPC import timing: device_id=5 size_bytes=533725184 import_ms=4.27 (perf-t1)
2026-08-18T16:09:27.116676+00:00   INFO pegaflow_server::registry: registry.rs:217 IPC import timing: device_id=5 size_bytes=533725184 import_ms=5.33 (perf-t1)
2026-08-18T16:09:27.120737+00:00   INFO pegaflow_server::registry: registry.rs:217 IPC import timing: device_id=5 size_bytes=533725184 import_ms=3.45 (perf-t1)
2026-08-18T16:09:27.124360+00:00   INFO pegaflow_server::registry: registry.rs:217 IPC import timing: device_id=5 size_bytes=533725184 import_ms=2.97 (perf-t1)
2026-08-18T16:09:27.128258+00:00   INFO pegaflow_server::registry: registry.rs:217 IPC import timing: device_id=5 size_bytes=533725184 import_ms=3.22 (perf-t1)
2026-08-18T16:09:27.132274+00:00   INFO pegaflow_server::registry: registry.rs:217 IPC import timing: device_id=5 size_bytes=533725184 import_ms=3.37 (perf-t1)
2026-08-18T16:09:27.138026+00:00   INFO pegaflow_server::registry: registry.rs:217 IPC import timing: device_id=5 size_bytes=533725184 import_ms=5.02 (perf-t1)
2026-08-18T16:09:27.141879+00:00   INFO pegaflow_server::registry: registry.rs:217 IPC import timing: device_id=5 size_bytes=533725184 import_ms=3.12 (perf-t1)
2026-08-18T16:09:27.145645+00:00   INFO pegaflow_server::registry: registry.rs:217 IPC import timing: device_id=5 size_bytes=533725184 import_ms=3.15 (perf-t1)
2026-08-18T16:09:27.149418+00:00   INFO pegaflow_server::registry: registry.rs:217 IPC import timing: device_id=5 size_bytes=533725184 import_ms=3.14 (perf-t1)
2026-08-18T16:09:27.153059+00:00   INFO pegaflow_server::registry: registry.rs:217 IPC import timing: device_id=5 size_bytes=533725184 import_ms=2.95 (perf-t1)
2026-08-18T16:09:27.156958+00:00   INFO pegaflow_server::registry: registry.rs:217 IPC import timing: device_id=5 size_bytes=533725184 import_ms=3.28 (perf-t1)
2026-08-18T16:09:27.160697+00:00   INFO pegaflow_server::registry: registry.rs:217 IPC import timing: device_id=5 size_bytes=533725184 import_ms=2.97 (perf-t1)
2026-08-18T16:09:27.164411+00:00   INFO pegaflow_server::registry: registry.rs:217 IPC import timing: device_id=5 size_bytes=533725184 import_ms=3.07 (perf-t1)
2026-08-18T16:09:27.167911+00:00   INFO pegaflow_server::registry: registry.rs:217 IPC import timing: device_id=5 size_bytes=533725184 import_ms=2.91 (perf-t1)
2026-08-18T16:09:27.171640+00:00   INFO pegaflow_server::registry: registry.rs:217 IPC import timing: device_id=5 size_bytes=533725184 import_ms=3.10 (perf-t1)
2026-08-18T16:09:27.176549+00:00   INFO pegaflow_server::registry: registry.rs:217 IPC import timing: device_id=5 size_bytes=533725184 import_ms=4.26 (perf-t1)
2026-08-18T16:09:27.180602+00:00   INFO pegaflow_server::registry: registry.rs:217 IPC import timing: device_id=5 size_bytes=533725184 import_ms=3.34 (perf-t1)
2026-08-18T16:09:27.184235+00:00   INFO pegaflow_server::registry: registry.rs:217 IPC import timing: device_id=5 size_bytes=533725184 import_ms=3.04 (perf-t1)
2026-08-18T16:09:27.187797+00:00   INFO pegaflow_server::registry: registry.rs:217 IPC import timing: device_id=5 size_bytes=533725184 import_ms=2.91 (perf-t1)
2026-08-18T16:09:27.191520+00:00   INFO pegaflow_server::registry: registry.rs:217 IPC import timing: device_id=5 size_bytes=533725184 import_ms=3.03 (perf-t1)
2026-08-18T16:09:27.195134+00:00   INFO pegaflow_server::registry: registry.rs:217 IPC import timing: device_id=5 size_bytes=533725184 import_ms=2.99 (perf-t1)
2026-08-18T16:09:27.198771+00:00   INFO pegaflow_server::registry: registry.rs:217 IPC import timing: device_id=5 size_bytes=533725184 import_ms=3.04 (perf-t1)
2026-08-18T16:09:27.202428+00:00   INFO pegaflow_server::registry: registry.rs:217 IPC import timing: device_id=5 size_bytes=533725184 import_ms=2.98 (perf-t1)
2026-08-18T16:09:27.206081+00:00   INFO pegaflow_server::registry: registry.rs:217 IPC import timing: device_id=5 size_bytes=533725184 import_ms=3.07 (perf-t1)
2026-08-18T16:09:27.215822+00:00   INFO pegaflow_server::registry: registry.rs:217 IPC import timing: device_id=5 size_bytes=533725184 import_ms=9.13 (perf-t1)
2026-08-18T16:09:27.219536+00:00   INFO pegaflow_server::registry: registry.rs:217 IPC import timing: device_id=5 size_bytes=533725184 import_ms=2.97 (perf-t1)
2026-08-18T16:09:27.223743+00:00   INFO pegaflow_core::gpu_worker: gpu_worker.rs:338 GPU worker initialized: device=5 backend=ascend_batch device_id=5
2026-08-18T16:09:27.224610+00:00   INFO pegaflow_core::gpu_worker: gpu_worker.rs:338 GPU worker initialized: device=5 backend=ascend_batch device_id=5
2026-08-18T16:09:27.224880+00:00   INFO pegaflow_core::gpu_worker: gpu_worker.rs:200 GPU worker pool started: device=5, numa_node=NUMA2, transfer_mode=AscendDirect
2026-08-18T16:09:27.225675+00:00   INFO pegaflow_core::instance: instance.rs:706 Sealed instance topology: instance=7ec6c783-f6cf-44ef-90aa-a4b900d3ae33-0ca4583cacbc490aa0eafb8c7ed110f1, num_layers=72, tp_size=1, world_size=1, total_slots=72
2026-08-18T16:09:27.225735+00:00   INFO pegaflow_core::instance: instance.rs:719 Initialized GPU context: device_id=5, numa_node=NUMA2
2026-08-18T16:09:27.225766+00:00   INFO pegaflow_core: lib.rs:452 Registered context batch: instance=7ec6c783-f6cf-44ef-90aa-a4b900d3ae33-0ca4583cacbc490aa0eafb8c7ed110f1, namespace=perf-t2-c8-i50-iso-c2-5, device=5, layers=72, tp_rank=0/1, pp_rank=0
2026-08-18T16:09:27.232810+00:00   INFO pegaflow_server::registry: registry.rs:217 IPC import timing: device_id=2 size_bytes=533725184 import_ms=3.20 (perf-t1)
2026-08-18T16:09:27.236712+00:00   INFO pegaflow_server::registry: registry.rs:217 IPC import timing: device_id=2 size_bytes=533725184 import_ms=3.19 (perf-t1)
2026-08-18T16:09:27.240690+00:00   INFO pegaflow_server::registry: registry.rs:217 IPC import timing: device_id=2 size_bytes=533725184 import_ms=3.28 (perf-t1)
2026-08-18T16:09:27.244531+00:00   INFO pegaflow_server::registry: registry.rs:217 IPC import timing: device_id=2 size_bytes=533725184 import_ms=3.23 (perf-t1)
2026-08-18T16:09:27.288926+00:00   INFO pegaflow_server::registry: registry.rs:217 IPC import timing: device_id=2 size_bytes=533725184 import_ms=43.76 (perf-t1)
2026-08-18T16:09:27.298586+00:00   INFO pegaflow_server::registry: registry.rs:217 IPC import timing: device_id=2 size_bytes=533725184 import_ms=3.69 (perf-t1)
2026-08-18T16:09:27.302561+00:00   INFO pegaflow_server::registry: registry.rs:217 IPC import timing: device_id=2 size_bytes=533725184 import_ms=3.15 (perf-t1)
2026-08-18T16:09:27.306537+00:00   INFO pegaflow_server::registry: registry.rs:217 IPC import timing: device_id=2 size_bytes=533725184 import_ms=3.21 (perf-t1)
2026-08-18T16:09:27.310223+00:00   INFO pegaflow_server::registry: registry.rs:217 IPC import timing: device_id=2 size_bytes=533725184 import_ms=2.97 (perf-t1)
2026-08-18T16:09:27.316656+00:00   INFO pegaflow_server::registry: registry.rs:217 IPC import timing: device_id=2 size_bytes=533725184 import_ms=5.70 (perf-t1)
2026-08-18T16:09:27.320482+00:00   INFO pegaflow_server::registry: registry.rs:217 IPC import timing: device_id=2 size_bytes=533725184 import_ms=3.09 (perf-t1)
2026-08-18T16:09:27.324215+00:00   INFO pegaflow_server::registry: registry.rs:217 IPC import timing: device_id=2 size_bytes=533725184 import_ms=3.02 (perf-t1)
2026-08-18T16:09:27.327943+00:00   INFO pegaflow_server::registry: registry.rs:217 IPC import timing: device_id=2 size_bytes=533725184 import_ms=3.07 (perf-t1)
2026-08-18T16:09:27.331550+00:00   INFO pegaflow_server::registry: registry.rs:217 IPC import timing: device_id=2 size_bytes=533725184 import_ms=2.93 (perf-t1)
2026-08-18T16:09:27.338532+00:00   INFO pegaflow_server::registry: registry.rs:217 IPC import timing: device_id=2 size_bytes=533725184 import_ms=6.29 (perf-t1)
2026-08-18T16:09:27.354786+00:00   INFO pegaflow_server::registry: registry.rs:217 IPC import timing: device_id=2 size_bytes=533725184 import_ms=15.59 (perf-t1)
2026-08-18T16:09:27.358404+00:00   INFO pegaflow_server::registry: registry.rs:217 IPC import timing: device_id=2 size_bytes=533725184 import_ms=2.96 (perf-t1)
2026-08-18T16:09:27.361873+00:00   INFO pegaflow_server::registry: registry.rs:217 IPC import timing: device_id=2 size_bytes=533725184 import_ms=2.84 (perf-t1)
2026-08-18T16:09:27.365517+00:00   INFO pegaflow_server::registry: registry.rs:217 IPC import timing: device_id=2 size_bytes=533725184 import_ms=3.10 (perf-t1)
2026-08-18T16:09:27.371636+00:00   INFO pegaflow_server::registry: registry.rs:217 IPC import timing: device_id=2 size_bytes=533725184 import_ms=5.42 (perf-t1)
2026-08-18T16:09:27.384136+00:00   INFO pegaflow_server::registry: registry.rs:217 IPC import timing: device_id=2 size_bytes=533725184 import_ms=11.82 (perf-t1)
2026-08-18T16:09:27.387877+00:00   INFO pegaflow_server::registry: registry.rs:217 IPC import timing: device_id=2 size_bytes=533725184 import_ms=3.05 (perf-t1)
2026-08-18T16:09:27.391422+00:00   INFO pegaflow_server::registry: registry.rs:217 IPC import timing: device_id=2 size_bytes=533725184 import_ms=2.87 (perf-t1)
2026-08-18T16:09:27.395120+00:00   INFO pegaflow_server::registry: registry.rs:217 IPC import timing: device_id=2 size_bytes=533725184 import_ms=3.02 (perf-t1)
2026-08-18T16:09:27.398660+00:00   INFO pegaflow_server::registry: registry.rs:217 IPC import timing: device_id=2 size_bytes=533725184 import_ms=2.90 (perf-t1)
2026-08-18T16:09:27.402205+00:00   INFO pegaflow_server::registry: registry.rs:217 IPC import timing: device_id=2 size_bytes=533725184 import_ms=2.94 (perf-t1)
2026-08-18T16:09:27.405785+00:00   INFO pegaflow_server::registry: registry.rs:217 IPC import timing: device_id=2 size_bytes=533725184 import_ms=2.91 (perf-t1)
2026-08-18T16:09:27.409345+00:00   INFO pegaflow_server::registry: registry.rs:217 IPC import timing: device_id=2 size_bytes=533725184 import_ms=2.93 (perf-t1)
2026-08-18T16:09:27.412828+00:00   INFO pegaflow_server::registry: registry.rs:217 IPC import timing: device_id=2 size_bytes=533725184 import_ms=2.87 (perf-t1)
2026-08-18T16:09:27.417609+00:00   INFO pegaflow_server::registry: registry.rs:217 IPC import timing: device_id=2 size_bytes=533725184 import_ms=4.04 (perf-t1)
2026-08-18T16:09:27.421988+00:00   INFO pegaflow_server::registry: registry.rs:217 IPC import timing: device_id=2 size_bytes=533725184 import_ms=3.73 (perf-t1)
2026-08-18T16:09:27.425564+00:00   INFO pegaflow_server::registry: registry.rs:217 IPC import timing: device_id=2 size_bytes=533725184 import_ms=2.96 (perf-t1)
2026-08-18T16:09:27.429251+00:00   INFO pegaflow_server::registry: registry.rs:217 IPC import timing: device_id=2 size_bytes=533725184 import_ms=3.02 (perf-t1)
2026-08-18T16:09:27.432952+00:00   INFO pegaflow_server::registry: registry.rs:217 IPC import timing: device_id=2 size_bytes=533725184 import_ms=3.07 (perf-t1)
2026-08-18T16:09:27.436919+00:00   INFO pegaflow_server::registry: registry.rs:217 IPC import timing: device_id=2 size_bytes=533725184 import_ms=3.34 (perf-t1)
2026-08-18T16:09:27.440687+00:00   INFO pegaflow_server::registry: registry.rs:217 IPC import timing: device_id=2 size_bytes=533725184 import_ms=3.06 (perf-t1)
2026-08-18T16:09:27.444315+00:00   INFO pegaflow_server::registry: registry.rs:217 IPC import timing: device_id=2 size_bytes=533725184 import_ms=3.00 (perf-t1)
2026-08-18T16:09:27.447797+00:00   INFO pegaflow_server::registry: registry.rs:217 IPC import timing: device_id=2 size_bytes=533725184 import_ms=2.85 (perf-t1)
2026-08-18T16:09:27.451483+00:00   INFO pegaflow_server::registry: registry.rs:217 IPC import timing: device_id=2 size_bytes=533725184 import_ms=2.98 (perf-t1)
2026-08-18T16:09:27.455148+00:00   INFO pegaflow_server::registry: registry.rs:217 IPC import timing: device_id=2 size_bytes=533725184 import_ms=3.01 (perf-t1)
2026-08-18T16:09:27.458853+00:00   INFO pegaflow_server::registry: registry.rs:217 IPC import timing: device_id=2 size_bytes=533725184 import_ms=3.06 (perf-t1)
2026-08-18T16:09:27.462350+00:00   INFO pegaflow_server::registry: registry.rs:217 IPC import timing: device_id=2 size_bytes=533725184 import_ms=2.82 (perf-t1)
2026-08-18T16:09:27.466735+00:00   INFO pegaflow_server::registry: registry.rs:217 IPC import timing: device_id=2 size_bytes=533725184 import_ms=3.76 (perf-t1)
2026-08-18T16:09:27.470332+00:00   INFO pegaflow_server::registry: registry.rs:217 IPC import timing: device_id=2 size_bytes=533725184 import_ms=3.00 (perf-t1)
2026-08-18T16:09:27.473914+00:00   INFO pegaflow_server::registry: registry.rs:217 IPC import timing: device_id=2 size_bytes=533725184 import_ms=2.89 (perf-t1)
2026-08-18T16:09:27.481514+00:00   INFO pegaflow_server::registry: registry.rs:217 IPC import timing: device_id=2 size_bytes=533725184 import_ms=6.96 (perf-t1)
2026-08-18T16:09:27.487478+00:00   INFO pegaflow_server::registry: registry.rs:217 IPC import timing: device_id=2 size_bytes=533725184 import_ms=5.34 (perf-t1)
2026-08-18T16:09:27.532091+00:00   INFO pegaflow_server::registry: registry.rs:217 IPC import timing: device_id=2 size_bytes=533725184 import_ms=43.91 (perf-t1)
2026-08-18T16:09:27.537714+00:00   INFO pegaflow_server::registry: registry.rs:217 IPC import timing: device_id=2 size_bytes=533725184 import_ms=4.55 (perf-t1)
2026-08-18T16:09:27.541964+00:00   INFO pegaflow_server::registry: registry.rs:217 IPC import timing: device_id=2 size_bytes=533725184 import_ms=3.45 (perf-t1)
2026-08-18T16:09:27.545651+00:00   INFO pegaflow_server::registry: registry.rs:217 IPC import timing: device_id=2 size_bytes=533725184 import_ms=2.94 (perf-t1)
2026-08-18T16:09:27.549148+00:00   INFO pegaflow_server::registry: registry.rs:217 IPC import timing: device_id=2 size_bytes=533725184 import_ms=2.90 (perf-t1)
2026-08-18T16:09:27.552722+00:00   INFO pegaflow_server::registry: registry.rs:217 IPC import timing: device_id=2 size_bytes=533725184 import_ms=2.99 (perf-t1)
2026-08-18T16:09:27.556626+00:00   INFO pegaflow_server::registry: registry.rs:217 IPC import timing: device_id=2 size_bytes=533725184 import_ms=3.22 (perf-t1)
2026-08-18T16:09:27.560446+00:00   INFO pegaflow_server::registry: registry.rs:217 IPC import timing: device_id=2 size_bytes=533725184 import_ms=3.22 (perf-t1)
2026-08-18T16:09:27.573838+00:00   INFO pegaflow_server::registry: registry.rs:217 IPC import timing: device_id=2 size_bytes=533725184 import_ms=12.78 (perf-t1)
2026-08-18T16:09:27.578066+00:00   INFO pegaflow_server::registry: registry.rs:217 IPC import timing: device_id=2 size_bytes=533725184 import_ms=3.53 (perf-t1)
2026-08-18T16:09:27.617848+00:00   INFO pegaflow_server::registry: registry.rs:217 IPC import timing: device_id=2 size_bytes=533725184 import_ms=38.98 (perf-t1)
2026-08-18T16:09:27.622060+00:00   INFO pegaflow_server::registry: registry.rs:217 IPC import timing: device_id=2 size_bytes=533725184 import_ms=3.20 (perf-t1)
2026-08-18T16:09:27.666695+00:00   INFO pegaflow_server::registry: registry.rs:217 IPC import timing: device_id=2 size_bytes=533725184 import_ms=43.96 (perf-t1)
2026-08-18T16:09:27.707631+00:00   INFO pegaflow_server::registry: registry.rs:217 IPC import timing: device_id=2 size_bytes=533725184 import_ms=39.80 (perf-t1)
2026-08-18T16:09:27.715432+00:00   INFO pegaflow_server::registry: registry.rs:217 IPC import timing: device_id=2 size_bytes=533725184 import_ms=6.75 (perf-t1)
2026-08-18T16:09:27.758074+00:00   INFO pegaflow_server::registry: registry.rs:217 IPC import timing: device_id=2 size_bytes=533725184 import_ms=41.95 (perf-t1)
2026-08-18T16:09:27.764188+00:00   INFO pegaflow_server::registry: registry.rs:217 IPC import timing: device_id=2 size_bytes=533725184 import_ms=5.15 (perf-t1)
2026-08-18T16:09:27.805906+00:00   INFO pegaflow_server::registry: registry.rs:217 IPC import timing: device_id=2 size_bytes=533725184 import_ms=41.00 (perf-t1)
2026-08-18T16:09:27.810075+00:00   INFO pegaflow_server::registry: registry.rs:217 IPC import timing: device_id=2 size_bytes=533725184 import_ms=3.19 (perf-t1)
2026-08-18T16:09:27.853928+00:00   INFO pegaflow_server::registry: registry.rs:217 IPC import timing: device_id=2 size_bytes=533725184 import_ms=43.16 (perf-t1)
2026-08-18T16:09:27.857860+00:00   INFO pegaflow_server::registry: registry.rs:217 IPC import timing: device_id=2 size_bytes=533725184 import_ms=3.16 (perf-t1)
2026-08-18T16:09:27.902157+00:00   INFO pegaflow_server::registry: registry.rs:217 IPC import timing: device_id=2 size_bytes=533725184 import_ms=43.63 (perf-t1)
2026-08-18T16:09:27.906599+00:00   INFO pegaflow_server::registry: registry.rs:217 IPC import timing: device_id=2 size_bytes=533725184 import_ms=3.31 (perf-t1)
2026-08-18T16:09:27.963337+00:00   INFO pegaflow_server::registry: registry.rs:217 IPC import timing: device_id=2 size_bytes=533725184 import_ms=56.07 (perf-t1)
2026-08-18T16:09:27.998133+00:00   INFO pegaflow_server::registry: registry.rs:217 IPC import timing: device_id=2 size_bytes=533725184 import_ms=33.80 (perf-t1)
2026-08-18T16:09:28.002367+00:00   INFO pegaflow_core::gpu_worker: gpu_worker.rs:338 GPU worker initialized: device=2 backend=ascend_batch device_id=2
2026-08-18T16:09:28.002537+00:00   INFO pegaflow_core::gpu_worker: gpu_worker.rs:338 GPU worker initialized: device=2 backend=ascend_batch device_id=2
2026-08-18T16:09:28.002821+00:00   INFO pegaflow_core::gpu_worker: gpu_worker.rs:200 GPU worker pool started: device=2, numa_node=NUMA6, transfer_mode=AscendDirect
2026-08-18T16:09:28.003522+00:00   INFO pegaflow_core::instance: instance.rs:706 Sealed instance topology: instance=779c6530-8965-4ae2-8fc6-4f3d1fcd2810-41c1289da3434c0da74ff5fbaa8f610d, num_layers=72, tp_size=1, world_size=1, total_slots=72
2026-08-18T16:09:28.003575+00:00   INFO pegaflow_core::instance: instance.rs:719 Initialized GPU context: device_id=2, numa_node=NUMA6
2026-08-18T16:09:28.003602+00:00   INFO pegaflow_core: lib.rs:452 Registered context batch: instance=779c6530-8965-4ae2-8fc6-4f3d1fcd2810-41c1289da3434c0da74ff5fbaa8f610d, namespace=perf-t2-c8-i50-iso-c2-2, device=2, layers=72, tp_rank=0/1, pp_rank=0
2026-08-18T16:09:29.339119+00:00   INFO pegaflow_server::registry: registry.rs:217 IPC import timing: device_id=3 size_bytes=533725184 import_ms=45.77 (perf-t1)
2026-08-18T16:09:29.385428+00:00   INFO pegaflow_server::registry: registry.rs:217 IPC import timing: device_id=3 size_bytes=533725184 import_ms=45.44 (perf-t1)
2026-08-18T16:09:29.432934+00:00   INFO pegaflow_server::registry: registry.rs:217 IPC import timing: device_id=3 size_bytes=533725184 import_ms=46.94 (perf-t1)
2026-08-18T16:09:29.481019+00:00   INFO pegaflow_server::registry: registry.rs:217 IPC import timing: device_id=3 size_bytes=533725184 import_ms=47.48 (perf-t1)
2026-08-18T16:09:29.535982+00:00   INFO pegaflow_server::registry: registry.rs:217 IPC import timing: device_id=3 size_bytes=533725184 import_ms=54.42 (perf-t1)
2026-08-18T16:09:29.576877+00:00   INFO pegaflow_server::registry: registry.rs:217 IPC import timing: device_id=3 size_bytes=533725184 import_ms=40.36 (perf-t1)
2026-08-18T16:09:29.625108+00:00   INFO pegaflow_server::registry: registry.rs:217 IPC import timing: device_id=3 size_bytes=533725184 import_ms=47.61 (perf-t1)
2026-08-18T16:09:29.672814+00:00   INFO pegaflow_server::registry: registry.rs:217 IPC import timing: device_id=3 size_bytes=533725184 import_ms=47.13 (perf-t1)
2026-08-18T16:09:29.768902+00:00   INFO pegaflow_server::registry: registry.rs:217 IPC import timing: device_id=3 size_bytes=533725184 import_ms=95.51 (perf-t1)
2026-08-18T16:09:29.812689+00:00   INFO pegaflow_server::registry: registry.rs:217 IPC import timing: device_id=3 size_bytes=533725184 import_ms=43.17 (perf-t1)
2026-08-18T16:09:29.860988+00:00   INFO pegaflow_server::registry: registry.rs:217 IPC import timing: device_id=3 size_bytes=533725184 import_ms=47.77 (perf-t1)
2026-08-18T16:09:29.908814+00:00   INFO pegaflow_server::registry: registry.rs:217 IPC import timing: device_id=3 size_bytes=533725184 import_ms=47.28 (perf-t1)
2026-08-18T16:09:29.956857+00:00   INFO pegaflow_server::registry: registry.rs:217 IPC import timing: device_id=3 size_bytes=533725184 import_ms=47.47 (perf-t1)
2026-08-18T16:09:30.004690+00:00   INFO pegaflow_server::registry: registry.rs:217 IPC import timing: device_id=3 size_bytes=533725184 import_ms=47.24 (perf-t1)
2026-08-18T16:09:30.056790+00:00   INFO pegaflow_server::registry: registry.rs:217 IPC import timing: device_id=3 size_bytes=533725184 import_ms=51.55 (perf-t1)
2026-08-18T16:09:30.104693+00:00   INFO pegaflow_server::registry: registry.rs:217 IPC import timing: device_id=3 size_bytes=533725184 import_ms=47.31 (perf-t1)
2026-08-18T16:09:30.148698+00:00   INFO pegaflow_server::registry: registry.rs:217 IPC import timing: device_id=3 size_bytes=533725184 import_ms=43.46 (perf-t1)
2026-08-18T16:09:30.196888+00:00   INFO pegaflow_server::registry: registry.rs:217 IPC import timing: device_id=3 size_bytes=533725184 import_ms=47.61 (perf-t1)
2026-08-18T16:09:30.259647+00:00   INFO pegaflow_server::registry: registry.rs:217 IPC import timing: device_id=3 size_bytes=533725184 import_ms=62.18 (perf-t1)
2026-08-18T16:09:30.304877+00:00   INFO pegaflow_server::registry: registry.rs:217 IPC import timing: device_id=3 size_bytes=533725184 import_ms=44.71 (perf-t1)
2026-08-18T16:09:30.365103+00:00   INFO pegaflow_server::registry: registry.rs:217 IPC import timing: device_id=3 size_bytes=533725184 import_ms=59.68 (perf-t1)
2026-08-18T16:09:30.413386+00:00   INFO pegaflow_server::registry: registry.rs:217 IPC import timing: device_id=3 size_bytes=533725184 import_ms=47.65 (perf-t1)
2026-08-18T16:09:30.417360+00:00   INFO pegaflow_server::registry: registry.rs:217 IPC import timing: device_id=3 size_bytes=533725184 import_ms=3.43 (perf-t1)
2026-08-18T16:09:30.463739+00:00   INFO pegaflow_server::registry: registry.rs:217 IPC import timing: device_id=3 size_bytes=533725184 import_ms=45.86 (perf-t1)
2026-08-18T16:09:30.468081+00:00   INFO pegaflow_server::registry: registry.rs:217 IPC import timing: device_id=3 size_bytes=533725184 import_ms=3.69 (perf-t1)
2026-08-18T16:09:30.528170+00:00   INFO pegaflow_server::registry: registry.rs:217 IPC import timing: device_id=3 size_bytes=533725184 import_ms=59.54 (perf-t1)
2026-08-18T16:09:30.622440+00:00   INFO pegaflow_server::registry: registry.rs:217 IPC import timing: device_id=3 size_bytes=533725184 import_ms=93.60 (perf-t1)
2026-08-18T16:09:30.695730+00:00   INFO pegaflow_server::registry: registry.rs:217 IPC import timing: device_id=3 size_bytes=533725184 import_ms=72.63 (perf-t1)
2026-08-18T16:09:30.743683+00:00   INFO pegaflow_server::registry: registry.rs:217 IPC import timing: device_id=3 size_bytes=533725184 import_ms=47.37 (perf-t1)
2026-08-18T16:09:30.792800+00:00   INFO pegaflow_server::registry: registry.rs:217 IPC import timing: device_id=3 size_bytes=533725184 import_ms=48.54 (perf-t1)
2026-08-18T16:09:30.845426+00:00   INFO pegaflow_server::registry: registry.rs:217 IPC import timing: device_id=3 size_bytes=533725184 import_ms=52.03 (perf-t1)
2026-08-18T16:09:30.887154+00:00   INFO pegaflow_server::registry: registry.rs:217 IPC import timing: device_id=3 size_bytes=533725184 import_ms=41.19 (perf-t1)
2026-08-18T16:09:30.937864+00:00   INFO pegaflow_server::registry: registry.rs:217 IPC import timing: device_id=3 size_bytes=533725184 import_ms=50.15 (perf-t1)
2026-08-18T16:09:30.986733+00:00   INFO pegaflow_server::registry: registry.rs:217 IPC import timing: device_id=3 size_bytes=533725184 import_ms=48.30 (perf-t1)
2026-08-18T16:09:31.035202+00:00   INFO pegaflow_server::registry: registry.rs:217 IPC import timing: device_id=3 size_bytes=533725184 import_ms=47.92 (perf-t1)
2026-08-18T16:09:31.079156+00:00   INFO pegaflow_server::registry: registry.rs:217 IPC import timing: device_id=3 size_bytes=533725184 import_ms=43.22 (perf-t1)
2026-08-18T16:09:31.127009+00:00   INFO pegaflow_server::registry: registry.rs:217 IPC import timing: device_id=3 size_bytes=533725184 import_ms=47.30 (perf-t1)
2026-08-18T16:09:31.175110+00:00   INFO pegaflow_server::registry: registry.rs:217 IPC import timing: device_id=3 size_bytes=533725184 import_ms=47.56 (perf-t1)
2026-08-18T16:09:31.178654+00:00   INFO pegaflow_server::registry: registry.rs:217 IPC import timing: device_id=3 size_bytes=533725184 import_ms=2.99 (perf-t1)
2026-08-18T16:09:31.223026+00:00   INFO pegaflow_server::registry: registry.rs:217 IPC import timing: device_id=3 size_bytes=533725184 import_ms=43.82 (perf-t1)
2026-08-18T16:09:31.226590+00:00   INFO pegaflow_server::registry: registry.rs:217 IPC import timing: device_id=3 size_bytes=533725184 import_ms=3.03 (perf-t1)
2026-08-18T16:09:31.271527+00:00   INFO pegaflow_server::registry: registry.rs:217 IPC import timing: device_id=3 size_bytes=533725184 import_ms=44.43 (perf-t1)
2026-08-18T16:09:31.323046+00:00   INFO pegaflow_server::registry: registry.rs:217 IPC import timing: device_id=3 size_bytes=533725184 import_ms=50.92 (perf-t1)
2026-08-18T16:09:31.326523+00:00   INFO pegaflow_server::registry: registry.rs:217 IPC import timing: device_id=3 size_bytes=533725184 import_ms=2.94 (perf-t1)
2026-08-18T16:09:31.371414+00:00   INFO pegaflow_server::registry: registry.rs:217 IPC import timing: device_id=3 size_bytes=533725184 import_ms=44.38 (perf-t1)
2026-08-18T16:09:31.376315+00:00   INFO pegaflow_server::registry: registry.rs:217 IPC import timing: device_id=3 size_bytes=533725184 import_ms=4.33 (perf-t1)
2026-08-18T16:09:31.419056+00:00   INFO pegaflow_server::registry: registry.rs:217 IPC import timing: device_id=3 size_bytes=533725184 import_ms=42.19 (perf-t1)
2026-08-18T16:09:31.422620+00:00   INFO pegaflow_server::registry: registry.rs:217 IPC import timing: device_id=3 size_bytes=533725184 import_ms=3.02 (perf-t1)
2026-08-18T16:09:31.425953+00:00   INFO pegaflow_server::registry: registry.rs:217 IPC import timing: device_id=3 size_bytes=533725184 import_ms=2.80 (perf-t1)
2026-08-18T16:09:31.471390+00:00   INFO pegaflow_server::registry: registry.rs:217 IPC import timing: device_id=3 size_bytes=533725184 import_ms=44.92 (perf-t1)
2026-08-18T16:09:31.474742+00:00   INFO pegaflow_server::registry: registry.rs:217 IPC import timing: device_id=3 size_bytes=533725184 import_ms=2.84 (perf-t1)
2026-08-18T16:09:31.523355+00:00   INFO pegaflow_server::registry: registry.rs:217 IPC import timing: device_id=3 size_bytes=533725184 import_ms=48.11 (perf-t1)
2026-08-18T16:09:31.526887+00:00   INFO pegaflow_server::registry: registry.rs:217 IPC import timing: device_id=3 size_bytes=533725184 import_ms=3.00 (perf-t1)
2026-08-18T16:09:31.573634+00:00   INFO pegaflow_server::registry: registry.rs:217 IPC import timing: device_id=3 size_bytes=533725184 import_ms=46.23 (perf-t1)
2026-08-18T16:09:31.618896+00:00   INFO pegaflow_server::registry: registry.rs:217 IPC import timing: device_id=3 size_bytes=533725184 import_ms=44.72 (perf-t1)
2026-08-18T16:09:31.622786+00:00   INFO pegaflow_server::registry: registry.rs:217 IPC import timing: device_id=3 size_bytes=533725184 import_ms=3.33 (perf-t1)
2026-08-18T16:09:31.667121+00:00   INFO pegaflow_server::registry: registry.rs:217 IPC import timing: device_id=3 size_bytes=533725184 import_ms=43.83 (perf-t1)
2026-08-18T16:09:31.670730+00:00   INFO pegaflow_server::registry: registry.rs:217 IPC import timing: device_id=3 size_bytes=533725184 import_ms=2.98 (perf-t1)
2026-08-18T16:09:31.715131+00:00   INFO pegaflow_server::registry: registry.rs:217 IPC import timing: device_id=3 size_bytes=533725184 import_ms=43.86 (perf-t1)
2026-08-18T16:09:31.718616+00:00   INFO pegaflow_server::registry: registry.rs:217 IPC import timing: device_id=3 size_bytes=533725184 import_ms=2.94 (perf-t1)
2026-08-18T16:09:31.722657+00:00   INFO pegaflow_server::registry: registry.rs:217 IPC import timing: device_id=3 size_bytes=533725184 import_ms=3.54 (perf-t1)
2026-08-18T16:09:31.765450+00:00   INFO pegaflow_server::registry: registry.rs:217 IPC import timing: device_id=3 size_bytes=533725184 import_ms=42.25 (perf-t1)
2026-08-18T16:09:31.811244+00:00   INFO pegaflow_server::registry: registry.rs:217 IPC import timing: device_id=3 size_bytes=533725184 import_ms=45.25 (perf-t1)
2026-08-18T16:09:31.814829+00:00   INFO pegaflow_server::registry: registry.rs:217 IPC import timing: device_id=3 size_bytes=533725184 import_ms=3.04 (perf-t1)
2026-08-18T16:09:31.858983+00:00   INFO pegaflow_server::registry: registry.rs:217 IPC import timing: device_id=3 size_bytes=533725184 import_ms=43.62 (perf-t1)
2026-08-18T16:09:31.862535+00:00   INFO pegaflow_server::registry: registry.rs:217 IPC import timing: device_id=3 size_bytes=533725184 import_ms=2.97 (perf-t1)
2026-08-18T16:09:31.866755+00:00   INFO pegaflow_server::registry: registry.rs:217 IPC import timing: device_id=3 size_bytes=533725184 import_ms=3.72 (perf-t1)
2026-08-18T16:09:31.907125+00:00   INFO pegaflow_server::registry: registry.rs:217 IPC import timing: device_id=3 size_bytes=533725184 import_ms=39.81 (perf-t1)
2026-08-18T16:09:31.910656+00:00   INFO pegaflow_server::registry: registry.rs:217 IPC import timing: device_id=3 size_bytes=533725184 import_ms=3.01 (perf-t1)
2026-08-18T16:09:31.955150+00:00   INFO pegaflow_server::registry: registry.rs:217 IPC import timing: device_id=3 size_bytes=533725184 import_ms=44.00 (perf-t1)
2026-08-18T16:09:31.958592+00:00   INFO pegaflow_server::registry: registry.rs:217 IPC import timing: device_id=3 size_bytes=533725184 import_ms=2.87 (perf-t1)
2026-08-18T16:09:31.961871+00:00   INFO pegaflow_server::registry: registry.rs:217 IPC import timing: device_id=3 size_bytes=533725184 import_ms=2.77 (perf-t1)
2026-08-18T16:09:31.965620+00:00   INFO pegaflow_server::registry: registry.rs:217 IPC import timing: device_id=0 size_bytes=533725184 import_ms=3.02 (perf-t1)
2026-08-18T16:09:31.966088+00:00   INFO pegaflow_core::gpu_worker: gpu_worker.rs:338 GPU worker initialized: device=3 backend=ascend_batch device_id=3
2026-08-18T16:09:31.966532+00:00   INFO pegaflow_core::gpu_worker: gpu_worker.rs:338 GPU worker initialized: device=3 backend=ascend_batch device_id=3
2026-08-18T16:09:31.966773+00:00   INFO pegaflow_core::gpu_worker: gpu_worker.rs:200 GPU worker pool started: device=3, numa_node=NUMA0, transfer_mode=AscendDirect
2026-08-18T16:09:31.967535+00:00   INFO pegaflow_core::instance: instance.rs:706 Sealed instance topology: instance=26edd69c-b45e-4f72-9bb0-56c9aa548293-75c3c09fee424a30b107ee1d5de700a8, num_layers=72, tp_size=1, world_size=1, total_slots=72
2026-08-18T16:09:31.967591+00:00   INFO pegaflow_core::instance: instance.rs:719 Initialized GPU context: device_id=3, numa_node=NUMA0
2026-08-18T16:09:31.967623+00:00   INFO pegaflow_core: lib.rs:452 Registered context batch: instance=26edd69c-b45e-4f72-9bb0-56c9aa548293-75c3c09fee424a30b107ee1d5de700a8, namespace=perf-t2-c8-i50-iso-c2-3, device=3, layers=72, tp_rank=0/1, pp_rank=0
2026-08-18T16:09:31.969369+00:00   INFO pegaflow_server::registry: registry.rs:217 IPC import timing: device_id=0 size_bytes=533725184 import_ms=3.17 (perf-t1)
2026-08-18T16:09:31.972847+00:00   INFO pegaflow_server::registry: registry.rs:217 IPC import timing: device_id=0 size_bytes=533725184 import_ms=2.95 (perf-t1)
2026-08-18T16:09:31.978790+00:00   INFO pegaflow_server::registry: registry.rs:217 IPC import timing: device_id=0 size_bytes=533725184 import_ms=5.39 (perf-t1)
2026-08-18T16:09:31.991190+00:00   INFO pegaflow_server::registry: registry.rs:217 IPC import timing: device_id=0 size_bytes=533725184 import_ms=11.80 (perf-t1)
2026-08-18T16:09:31.994869+00:00   INFO pegaflow_server::registry: registry.rs:217 IPC import timing: device_id=0 size_bytes=533725184 import_ms=3.16 (perf-t1)
2026-08-18T16:09:31.998257+00:00   INFO pegaflow_server::registry: registry.rs:217 IPC import timing: device_id=0 size_bytes=533725184 import_ms=2.83 (perf-t1)
2026-08-18T16:09:32.001745+00:00   INFO pegaflow_server::registry: registry.rs:217 IPC import timing: device_id=0 size_bytes=533725184 import_ms=2.97 (perf-t1)
2026-08-18T16:09:32.005162+00:00   INFO pegaflow_server::registry: registry.rs:217 IPC import timing: device_id=0 size_bytes=533725184 import_ms=2.90 (perf-t1)
2026-08-18T16:09:32.009113+00:00   INFO pegaflow_server::registry: registry.rs:217 IPC import timing: device_id=0 size_bytes=533725184 import_ms=3.40 (perf-t1)
2026-08-18T16:09:32.012634+00:00   INFO pegaflow_server::registry: registry.rs:217 IPC import timing: device_id=0 size_bytes=533725184 import_ms=2.96 (perf-t1)
2026-08-18T16:09:32.016466+00:00   INFO pegaflow_server::registry: registry.rs:217 IPC import timing: device_id=0 size_bytes=533725184 import_ms=3.32 (perf-t1)
2026-08-18T16:09:32.019964+00:00   INFO pegaflow_server::registry: registry.rs:217 IPC import timing: device_id=0 size_bytes=533725184 import_ms=2.98 (perf-t1)
2026-08-18T16:09:32.023717+00:00   INFO pegaflow_server::registry: registry.rs:217 IPC import timing: device_id=0 size_bytes=533725184 import_ms=3.18 (perf-t1)
2026-08-18T16:09:32.027082+00:00   INFO pegaflow_server::registry: registry.rs:217 IPC import timing: device_id=0 size_bytes=533725184 import_ms=2.86 (perf-t1)
2026-08-18T16:09:32.030570+00:00   INFO pegaflow_server::registry: registry.rs:217 IPC import timing: device_id=0 size_bytes=533725184 import_ms=2.94 (perf-t1)
2026-08-18T16:09:32.034067+00:00   INFO pegaflow_server::registry: registry.rs:217 IPC import timing: device_id=0 size_bytes=533725184 import_ms=2.95 (perf-t1)
2026-08-18T16:09:32.039637+00:00   INFO pegaflow_server::registry: registry.rs:217 IPC import timing: device_id=0 size_bytes=533725184 import_ms=5.05 (perf-t1)
2026-08-18T16:09:32.045093+00:00   INFO pegaflow_server::registry: registry.rs:217 IPC import timing: device_id=0 size_bytes=533725184 import_ms=4.93 (perf-t1)
2026-08-18T16:09:32.048437+00:00   INFO pegaflow_server::registry: registry.rs:217 IPC import timing: device_id=0 size_bytes=533725184 import_ms=2.80 (perf-t1)
2026-08-18T16:09:32.051846+00:00   INFO pegaflow_server::registry: registry.rs:217 IPC import timing: device_id=0 size_bytes=533725184 import_ms=2.88 (perf-t1)
2026-08-18T16:09:32.055496+00:00   INFO pegaflow_server::registry: registry.rs:217 IPC import timing: device_id=0 size_bytes=533725184 import_ms=3.09 (perf-t1)
2026-08-18T16:09:32.058918+00:00   INFO pegaflow_server::registry: registry.rs:217 IPC import timing: device_id=0 size_bytes=533725184 import_ms=2.87 (perf-t1)
2026-08-18T16:09:32.062761+00:00   INFO pegaflow_server::registry: registry.rs:217 IPC import timing: device_id=0 size_bytes=533725184 import_ms=3.32 (perf-t1)
2026-08-18T16:09:32.066691+00:00   INFO pegaflow_server::registry: registry.rs:217 IPC import timing: device_id=0 size_bytes=533725184 import_ms=3.42 (perf-t1)
2026-08-18T16:09:32.070243+00:00   INFO pegaflow_server::registry: registry.rs:217 IPC import timing: device_id=0 size_bytes=533725184 import_ms=2.99 (perf-t1)
2026-08-18T16:09:32.073626+00:00   INFO pegaflow_server::registry: registry.rs:217 IPC import timing: device_id=0 size_bytes=533725184 import_ms=2.88 (perf-t1)
2026-08-18T16:09:32.077107+00:00   INFO pegaflow_server::registry: registry.rs:217 IPC import timing: device_id=0 size_bytes=533725184 import_ms=2.97 (perf-t1)
2026-08-18T16:09:32.081914+00:00   INFO pegaflow_server::registry: registry.rs:217 IPC import timing: device_id=0 size_bytes=533725184 import_ms=4.27 (perf-t1)
2026-08-18T16:09:32.088567+00:00   INFO pegaflow_server::registry: registry.rs:217 IPC import timing: device_id=0 size_bytes=533725184 import_ms=6.10 (perf-t1)
2026-08-18T16:09:32.092319+00:00   INFO pegaflow_server::registry: registry.rs:217 IPC import timing: device_id=0 size_bytes=533725184 import_ms=3.21 (perf-t1)
2026-08-18T16:09:32.095681+00:00   INFO pegaflow_server::registry: registry.rs:217 IPC import timing: device_id=0 size_bytes=533725184 import_ms=2.80 (perf-t1)
2026-08-18T16:09:32.099024+00:00   INFO pegaflow_server::registry: registry.rs:217 IPC import timing: device_id=0 size_bytes=533725184 import_ms=2.81 (perf-t1)
2026-08-18T16:09:32.102402+00:00   INFO pegaflow_server::registry: registry.rs:217 IPC import timing: device_id=0 size_bytes=533725184 import_ms=2.88 (perf-t1)
2026-08-18T16:09:32.105749+00:00   INFO pegaflow_server::registry: registry.rs:217 IPC import timing: device_id=0 size_bytes=533725184 import_ms=2.80 (perf-t1)
2026-08-18T16:09:32.109132+00:00   INFO pegaflow_server::registry: registry.rs:217 IPC import timing: device_id=0 size_bytes=533725184 import_ms=2.84 (perf-t1)
2026-08-18T16:09:32.112541+00:00   INFO pegaflow_server::registry: registry.rs:217 IPC import timing: device_id=0 size_bytes=533725184 import_ms=2.91 (perf-t1)
2026-08-18T16:09:32.116125+00:00   INFO pegaflow_server::registry: registry.rs:217 IPC import timing: device_id=0 size_bytes=533725184 import_ms=3.06 (perf-t1)
2026-08-18T16:09:32.119436+00:00   INFO pegaflow_server::registry: registry.rs:217 IPC import timing: device_id=0 size_bytes=533725184 import_ms=2.80 (perf-t1)
2026-08-18T16:09:32.122735+00:00   INFO pegaflow_server::registry: registry.rs:217 IPC import timing: device_id=0 size_bytes=533725184 import_ms=2.80 (perf-t1)
2026-08-18T16:09:32.126273+00:00   INFO pegaflow_server::registry: registry.rs:217 IPC import timing: device_id=0 size_bytes=533725184 import_ms=2.99 (perf-t1)
2026-08-18T16:09:32.129620+00:00   INFO pegaflow_server::registry: registry.rs:217 IPC import timing: device_id=0 size_bytes=533725184 import_ms=2.83 (perf-t1)
2026-08-18T16:09:32.132848+00:00   INFO pegaflow_server::registry: registry.rs:217 IPC import timing: device_id=0 size_bytes=533725184 import_ms=2.73 (perf-t1)
2026-08-18T16:09:32.137417+00:00   INFO pegaflow_server::registry: registry.rs:217 IPC import timing: device_id=0 size_bytes=533725184 import_ms=4.07 (perf-t1)
2026-08-18T16:09:32.140665+00:00   INFO pegaflow_server::registry: registry.rs:217 IPC import timing: device_id=0 size_bytes=533725184 import_ms=2.72 (perf-t1)
2026-08-18T16:09:32.145062+00:00   INFO pegaflow_server::registry: registry.rs:217 IPC import timing: device_id=0 size_bytes=533725184 import_ms=3.87 (perf-t1)
2026-08-18T16:09:32.148673+00:00   INFO pegaflow_server::registry: registry.rs:217 IPC import timing: device_id=0 size_bytes=533725184 import_ms=3.09 (perf-t1)
2026-08-18T16:09:32.151977+00:00   INFO pegaflow_server::registry: registry.rs:217 IPC import timing: device_id=0 size_bytes=533725184 import_ms=2.77 (perf-t1)
2026-08-18T16:09:32.155342+00:00   INFO pegaflow_server::registry: registry.rs:217 IPC import timing: device_id=0 size_bytes=533725184 import_ms=2.75 (perf-t1)
2026-08-18T16:09:32.158749+00:00   INFO pegaflow_server::registry: registry.rs:217 IPC import timing: device_id=0 size_bytes=533725184 import_ms=2.91 (perf-t1)
2026-08-18T16:09:32.162169+00:00   INFO pegaflow_server::registry: registry.rs:217 IPC import timing: device_id=0 size_bytes=533725184 import_ms=2.86 (perf-t1)
2026-08-18T16:09:32.165481+00:00   INFO pegaflow_server::registry: registry.rs:217 IPC import timing: device_id=0 size_bytes=533725184 import_ms=2.82 (perf-t1)
2026-08-18T16:09:32.168944+00:00   INFO pegaflow_server::registry: registry.rs:217 IPC import timing: device_id=0 size_bytes=533725184 import_ms=2.97 (perf-t1)
2026-08-18T16:09:32.172321+00:00   INFO pegaflow_server::registry: registry.rs:217 IPC import timing: device_id=0 size_bytes=533725184 import_ms=2.85 (perf-t1)
2026-08-18T16:09:32.177508+00:00   INFO pegaflow_server::registry: registry.rs:217 IPC import timing: device_id=0 size_bytes=533725184 import_ms=4.67 (perf-t1)
2026-08-18T16:09:32.185334+00:00   INFO pegaflow_server::registry: registry.rs:217 IPC import timing: device_id=0 size_bytes=533725184 import_ms=7.28 (perf-t1)
2026-08-18T16:09:32.190393+00:00   INFO pegaflow_server::registry: registry.rs:217 IPC import timing: device_id=0 size_bytes=533725184 import_ms=4.51 (perf-t1)
2026-08-18T16:09:32.193956+00:00   INFO pegaflow_server::registry: registry.rs:217 IPC import timing: device_id=0 size_bytes=533725184 import_ms=2.92 (perf-t1)
2026-08-18T16:09:32.197357+00:00   INFO pegaflow_server::registry: registry.rs:217 IPC import timing: device_id=0 size_bytes=533725184 import_ms=2.90 (perf-t1)
2026-08-18T16:09:32.200721+00:00   INFO pegaflow_server::registry: registry.rs:217 IPC import timing: device_id=0 size_bytes=533725184 import_ms=2.83 (perf-t1)
2026-08-18T16:09:32.204169+00:00   INFO pegaflow_server::registry: registry.rs:217 IPC import timing: device_id=0 size_bytes=533725184 import_ms=2.93 (perf-t1)
2026-08-18T16:09:32.208691+00:00   INFO pegaflow_server::registry: registry.rs:217 IPC import timing: device_id=0 size_bytes=533725184 import_ms=3.97 (perf-t1)
2026-08-18T16:09:32.212414+00:00   INFO pegaflow_server::registry: registry.rs:217 IPC import timing: device_id=0 size_bytes=533725184 import_ms=3.18 (perf-t1)
2026-08-18T16:09:32.215738+00:00   INFO pegaflow_server::registry: registry.rs:217 IPC import timing: device_id=0 size_bytes=533725184 import_ms=2.82 (perf-t1)
2026-08-18T16:09:32.219141+00:00   INFO pegaflow_server::registry: registry.rs:217 IPC import timing: device_id=0 size_bytes=533725184 import_ms=2.88 (perf-t1)
2026-08-18T16:09:32.222774+00:00   INFO pegaflow_server::registry: registry.rs:217 IPC import timing: device_id=0 size_bytes=533725184 import_ms=3.02 (perf-t1)
2026-08-18T16:09:32.226079+00:00   INFO pegaflow_server::registry: registry.rs:217 IPC import timing: device_id=0 size_bytes=533725184 import_ms=2.79 (perf-t1)
2026-08-18T16:09:32.229378+00:00   INFO pegaflow_server::registry: registry.rs:217 IPC import timing: device_id=0 size_bytes=533725184 import_ms=2.80 (perf-t1)
2026-08-18T16:09:32.232637+00:00   INFO pegaflow_server::registry: registry.rs:217 IPC import timing: device_id=0 size_bytes=533725184 import_ms=2.74 (perf-t1)
2026-08-18T16:09:32.236049+00:00   INFO pegaflow_server::registry: registry.rs:217 IPC import timing: device_id=0 size_bytes=533725184 import_ms=2.90 (perf-t1)
2026-08-18T16:09:32.240373+00:00   INFO pegaflow_server::registry: registry.rs:217 IPC import timing: device_id=0 size_bytes=533725184 import_ms=3.78 (perf-t1)
2026-08-18T16:09:32.243786+00:00   INFO pegaflow_server::registry: registry.rs:217 IPC import timing: device_id=0 size_bytes=533725184 import_ms=2.86 (perf-t1)
2026-08-18T16:09:32.247261+00:00   INFO pegaflow_core::gpu_worker: gpu_worker.rs:338 GPU worker initialized: device=0 backend=ascend_batch device_id=0
2026-08-18T16:09:32.247453+00:00   INFO pegaflow_core::gpu_worker: gpu_worker.rs:338 GPU worker initialized: device=0 backend=ascend_batch device_id=0
2026-08-18T16:09:32.247624+00:00   INFO pegaflow_server::registry: registry.rs:217 IPC import timing: device_id=7 size_bytes=533725184 import_ms=3.06 (perf-t1)
2026-08-18T16:09:32.247726+00:00   INFO pegaflow_core::gpu_worker: gpu_worker.rs:200 GPU worker pool started: device=0, numa_node=NUMA6, transfer_mode=AscendDirect
2026-08-18T16:09:32.248403+00:00   INFO pegaflow_core::instance: instance.rs:706 Sealed instance topology: instance=763a84da-4019-404a-93d6-db99c36e221b-bf5ff68ef06944a5a551747b7f6142c1, num_layers=72, tp_size=1, world_size=1, total_slots=72
2026-08-18T16:09:32.248466+00:00   INFO pegaflow_core::instance: instance.rs:719 Initialized GPU context: device_id=0, numa_node=NUMA6
2026-08-18T16:09:32.248495+00:00   INFO pegaflow_core: lib.rs:452 Registered context batch: instance=763a84da-4019-404a-93d6-db99c36e221b-bf5ff68ef06944a5a551747b7f6142c1, namespace=perf-t2-c8-i50-iso-c2-0, device=0, layers=72, tp_rank=0/1, pp_rank=0
2026-08-18T16:09:32.251294+00:00   INFO pegaflow_server::registry: registry.rs:217 IPC import timing: device_id=7 size_bytes=533725184 import_ms=3.13 (perf-t1)
2026-08-18T16:09:32.254712+00:00   INFO pegaflow_server::registry: registry.rs:217 IPC import timing: device_id=7 size_bytes=533725184 import_ms=2.84 (perf-t1)
2026-08-18T16:09:32.258319+00:00   INFO pegaflow_server::registry: registry.rs:217 IPC import timing: device_id=7 size_bytes=533725184 import_ms=3.06 (perf-t1)
2026-08-18T16:09:32.261782+00:00   INFO pegaflow_server::registry: registry.rs:217 IPC import timing: device_id=7 size_bytes=533725184 import_ms=2.94 (perf-t1)
2026-08-18T16:09:32.267629+00:00   INFO pegaflow_server::registry: registry.rs:217 IPC import timing: device_id=7 size_bytes=533725184 import_ms=5.29 (perf-t1)
2026-08-18T16:09:32.271118+00:00   INFO pegaflow_server::registry: registry.rs:217 IPC import timing: device_id=7 size_bytes=533725184 import_ms=2.96 (perf-t1)
2026-08-18T16:09:32.274699+00:00   INFO pegaflow_server::registry: registry.rs:217 IPC import timing: device_id=7 size_bytes=533725184 import_ms=3.06 (perf-t1)
2026-08-18T16:09:32.278323+00:00   INFO pegaflow_server::registry: registry.rs:217 IPC import timing: device_id=7 size_bytes=533725184 import_ms=3.05 (perf-t1)
2026-08-18T16:09:32.281955+00:00   INFO pegaflow_server::registry: registry.rs:217 IPC import timing: device_id=7 size_bytes=533725184 import_ms=3.11 (perf-t1)
2026-08-18T16:09:32.287424+00:00   INFO pegaflow_server::registry: registry.rs:217 IPC import timing: device_id=7 size_bytes=533725184 import_ms=4.94 (perf-t1)
2026-08-18T16:09:32.291056+00:00   INFO pegaflow_server::registry: registry.rs:217 IPC import timing: device_id=7 size_bytes=533725184 import_ms=3.09 (perf-t1)
2026-08-18T16:09:32.294642+00:00   INFO pegaflow_server::registry: registry.rs:217 IPC import timing: device_id=7 size_bytes=533725184 import_ms=3.06 (perf-t1)
2026-08-18T16:09:32.298057+00:00   INFO pegaflow_server::registry: registry.rs:217 IPC import timing: device_id=7 size_bytes=533725184 import_ms=2.88 (perf-t1)
2026-08-18T16:09:32.301533+00:00   INFO pegaflow_server::registry: registry.rs:217 IPC import timing: device_id=7 size_bytes=533725184 import_ms=2.94 (perf-t1)
2026-08-18T16:09:32.304808+00:00   INFO pegaflow_server::registry: registry.rs:217 IPC import timing: device_id=7 size_bytes=533725184 import_ms=2.75 (perf-t1)
2026-08-18T16:09:32.308326+00:00   INFO pegaflow_server::registry: registry.rs:217 IPC import timing: device_id=7 size_bytes=533725184 import_ms=3.00 (perf-t1)
2026-08-18T16:09:32.314639+00:00   INFO pegaflow_server::registry: registry.rs:217 IPC import timing: device_id=7 size_bytes=533725184 import_ms=5.73 (perf-t1)
2026-08-18T16:09:32.318460+00:00   INFO pegaflow_server::registry: registry.rs:217 IPC import timing: device_id=7 size_bytes=533725184 import_ms=3.32 (perf-t1)
2026-08-18T16:09:32.321761+00:00   INFO pegaflow_server::registry: registry.rs:217 IPC import timing: device_id=7 size_bytes=533725184 import_ms=2.79 (perf-t1)
2026-08-18T16:09:32.325405+00:00   INFO pegaflow_server::registry: registry.rs:217 IPC import timing: device_id=7 size_bytes=533725184 import_ms=3.12 (perf-t1)
2026-08-18T16:09:32.328792+00:00   INFO pegaflow_server::registry: registry.rs:217 IPC import timing: device_id=7 size_bytes=533725184 import_ms=2.88 (perf-t1)
2026-08-18T16:09:32.332084+00:00   INFO pegaflow_server::registry: registry.rs:217 IPC import timing: device_id=7 size_bytes=533725184 import_ms=2.79 (perf-t1)
2026-08-18T16:09:32.337578+00:00   INFO pegaflow_server::registry: registry.rs:217 IPC import timing: device_id=7 size_bytes=533725184 import_ms=4.94 (perf-t1)
2026-08-18T16:09:32.340961+00:00   INFO pegaflow_server::registry: registry.rs:217 IPC import timing: device_id=7 size_bytes=533725184 import_ms=2.87 (perf-t1)
2026-08-18T16:09:32.344404+00:00   INFO pegaflow_server::registry: registry.rs:217 IPC import timing: device_id=7 size_bytes=533725184 import_ms=2.95 (perf-t1)
2026-08-18T16:09:32.347702+00:00   INFO pegaflow_server::registry: registry.rs:217 IPC import timing: device_id=7 size_bytes=533725184 import_ms=2.77 (perf-t1)
2026-08-18T16:09:32.351027+00:00   INFO pegaflow_server::registry: registry.rs:217 IPC import timing: device_id=7 size_bytes=533725184 import_ms=2.84 (perf-t1)
2026-08-18T16:09:32.354387+00:00   INFO pegaflow_server::registry: registry.rs:217 IPC import timing: device_id=7 size_bytes=533725184 import_ms=2.77 (perf-t1)
2026-08-18T16:09:32.358840+00:00   INFO pegaflow_server::registry: registry.rs:217 IPC import timing: device_id=7 size_bytes=533725184 import_ms=3.85 (perf-t1)
2026-08-18T16:09:32.362592+00:00   INFO pegaflow_server::registry: registry.rs:217 IPC import timing: device_id=7 size_bytes=533725184 import_ms=3.23 (perf-t1)
2026-08-18T16:09:32.365800+00:00   INFO pegaflow_server::registry: registry.rs:217 IPC import timing: device_id=7 size_bytes=533725184 import_ms=2.70 (perf-t1)
2026-08-18T16:09:32.369208+00:00   INFO pegaflow_server::registry: registry.rs:217 IPC import timing: device_id=7 size_bytes=533725184 import_ms=2.86 (perf-t1)
2026-08-18T16:09:32.372533+00:00   INFO pegaflow_server::registry: registry.rs:217 IPC import timing: device_id=7 size_bytes=533725184 import_ms=2.79 (perf-t1)
2026-08-18T16:09:32.375892+00:00   INFO pegaflow_server::registry: registry.rs:217 IPC import timing: device_id=7 size_bytes=533725184 import_ms=2.85 (perf-t1)
2026-08-18T16:09:32.379253+00:00   INFO pegaflow_server::registry: registry.rs:217 IPC import timing: device_id=7 size_bytes=533725184 import_ms=2.78 (perf-t1)
2026-08-18T16:09:32.382937+00:00   INFO pegaflow_server::registry: registry.rs:217 IPC import timing: device_id=7 size_bytes=533725184 import_ms=3.13 (perf-t1)
2026-08-18T16:09:32.386456+00:00   INFO pegaflow_server::registry: registry.rs:217 IPC import timing: device_id=7 size_bytes=533725184 import_ms=2.88 (perf-t1)
2026-08-18T16:09:32.389898+00:00   INFO pegaflow_server::registry: registry.rs:217 IPC import timing: device_id=7 size_bytes=533725184 import_ms=2.90 (perf-t1)
2026-08-18T16:09:32.393307+00:00   INFO pegaflow_server::registry: registry.rs:217 IPC import timing: device_id=7 size_bytes=533725184 import_ms=2.84 (perf-t1)
2026-08-18T16:09:32.396690+00:00   INFO pegaflow_server::registry: registry.rs:217 IPC import timing: device_id=7 size_bytes=533725184 import_ms=2.86 (perf-t1)
2026-08-18T16:09:32.400044+00:00   INFO pegaflow_server::registry: registry.rs:217 IPC import timing: device_id=7 size_bytes=533725184 import_ms=2.83 (perf-t1)
2026-08-18T16:09:32.403357+00:00   INFO pegaflow_server::registry: registry.rs:217 IPC import timing: device_id=7 size_bytes=533725184 import_ms=2.76 (perf-t1)
2026-08-18T16:09:32.406908+00:00   INFO pegaflow_server::registry: registry.rs:217 IPC import timing: device_id=7 size_bytes=533725184 import_ms=3.00 (perf-t1)
2026-08-18T16:09:32.410206+00:00   INFO pegaflow_server::registry: registry.rs:217 IPC import timing: device_id=7 size_bytes=533725184 import_ms=2.78 (perf-t1)
2026-08-18T16:09:32.414880+00:00   INFO pegaflow_server::registry: registry.rs:217 IPC import timing: device_id=7 size_bytes=533725184 import_ms=4.12 (perf-t1)
2026-08-18T16:09:32.418458+00:00   INFO pegaflow_server::registry: registry.rs:217 IPC import timing: device_id=7 size_bytes=533725184 import_ms=3.05 (perf-t1)
2026-08-18T16:09:32.421934+00:00   INFO pegaflow_server::registry: registry.rs:217 IPC import timing: device_id=7 size_bytes=533725184 import_ms=2.94 (perf-t1)
2026-08-18T16:09:32.425421+00:00   INFO pegaflow_server::registry: registry.rs:217 IPC import timing: device_id=7 size_bytes=533725184 import_ms=2.94 (perf-t1)
2026-08-18T16:09:32.429238+00:00   INFO pegaflow_server::registry: registry.rs:217 IPC import timing: device_id=7 size_bytes=533725184 import_ms=3.29 (perf-t1)
2026-08-18T16:09:32.432575+00:00   INFO pegaflow_server::registry: registry.rs:217 IPC import timing: device_id=7 size_bytes=533725184 import_ms=2.81 (perf-t1)
2026-08-18T16:09:32.435851+00:00   INFO pegaflow_server::registry: registry.rs:217 IPC import timing: device_id=7 size_bytes=533725184 import_ms=2.73 (perf-t1)
2026-08-18T16:09:32.439992+00:00   INFO pegaflow_server::registry: registry.rs:217 IPC import timing: device_id=7 size_bytes=533725184 import_ms=3.60 (perf-t1)
2026-08-18T16:09:32.443496+00:00   INFO pegaflow_server::registry: registry.rs:217 IPC import timing: device_id=7 size_bytes=533725184 import_ms=2.92 (perf-t1)
2026-08-18T16:09:32.446963+00:00   INFO pegaflow_server::registry: registry.rs:217 IPC import timing: device_id=7 size_bytes=533725184 import_ms=2.90 (perf-t1)
2026-08-18T16:09:32.450230+00:00   INFO pegaflow_server::registry: registry.rs:217 IPC import timing: device_id=7 size_bytes=533725184 import_ms=2.76 (perf-t1)
2026-08-18T16:09:32.453660+00:00   INFO pegaflow_server::registry: registry.rs:217 IPC import timing: device_id=7 size_bytes=533725184 import_ms=2.92 (perf-t1)
2026-08-18T16:09:32.457353+00:00   INFO pegaflow_server::registry: registry.rs:217 IPC import timing: device_id=7 size_bytes=533725184 import_ms=3.07 (perf-t1)
2026-08-18T16:09:32.466586+00:00   INFO pegaflow_server::registry: registry.rs:217 IPC import timing: device_id=7 size_bytes=533725184 import_ms=8.71 (perf-t1)
2026-08-18T16:09:32.473962+00:00   INFO pegaflow_server::registry: registry.rs:217 IPC import timing: device_id=7 size_bytes=533725184 import_ms=6.85 (perf-t1)
2026-08-18T16:09:32.477423+00:00   INFO pegaflow_server::registry: registry.rs:217 IPC import timing: device_id=7 size_bytes=533725184 import_ms=2.91 (perf-t1)
2026-08-18T16:09:32.483049+00:00   INFO pegaflow_server::registry: registry.rs:217 IPC import timing: device_id=7 size_bytes=533725184 import_ms=5.10 (perf-t1)
2026-08-18T16:09:32.487493+00:00   INFO pegaflow_server::registry: registry.rs:217 IPC import timing: device_id=7 size_bytes=533725184 import_ms=3.91 (perf-t1)
2026-08-18T16:09:32.504426+00:00   INFO pegaflow_server::registry: registry.rs:217 IPC import timing: device_id=7 size_bytes=533725184 import_ms=16.36 (perf-t1)
2026-08-18T16:09:32.507814+00:00   INFO pegaflow_server::registry: registry.rs:217 IPC import timing: device_id=7 size_bytes=533725184 import_ms=2.86 (perf-t1)
2026-08-18T16:09:32.514232+00:00   INFO pegaflow_server::registry: registry.rs:217 IPC import timing: device_id=7 size_bytes=533725184 import_ms=5.91 (perf-t1)
2026-08-18T16:09:32.517655+00:00   INFO pegaflow_server::registry: registry.rs:217 IPC import timing: device_id=7 size_bytes=533725184 import_ms=2.87 (perf-t1)
2026-08-18T16:09:32.521144+00:00   INFO pegaflow_server::registry: registry.rs:217 IPC import timing: device_id=7 size_bytes=533725184 import_ms=2.96 (perf-t1)
2026-08-18T16:09:32.524510+00:00   INFO pegaflow_server::registry: registry.rs:217 IPC import timing: device_id=7 size_bytes=533725184 import_ms=2.84 (perf-t1)
2026-08-18T16:09:32.527914+00:00   INFO pegaflow_server::registry: registry.rs:217 IPC import timing: device_id=7 size_bytes=533725184 import_ms=2.85 (perf-t1)
2026-08-18T16:09:32.531659+00:00   INFO pegaflow_server::registry: registry.rs:217 IPC import timing: device_id=7 size_bytes=533725184 import_ms=3.20 (perf-t1)
2026-08-18T16:09:32.537316+00:00   INFO pegaflow_server::registry: registry.rs:217 IPC import timing: device_id=7 size_bytes=533725184 import_ms=5.13 (perf-t1)
2026-08-18T16:09:32.541103+00:00   INFO pegaflow_server::registry: registry.rs:217 IPC import timing: device_id=6 size_bytes=533725184 import_ms=3.04 (perf-t1)
2026-08-18T16:09:32.540967+00:00   INFO pegaflow_core::gpu_worker: gpu_worker.rs:338 GPU worker initialized: device=7 backend=ascend_batch device_id=7
2026-08-18T16:09:32.541228+00:00   INFO pegaflow_core::gpu_worker: gpu_worker.rs:338 GPU worker initialized: device=7 backend=ascend_batch device_id=7
2026-08-18T16:09:32.541394+00:00   INFO pegaflow_core::gpu_worker: gpu_worker.rs:200 GPU worker pool started: device=7, numa_node=NUMA2, transfer_mode=AscendDirect
2026-08-18T16:09:32.542022+00:00   INFO pegaflow_core::instance: instance.rs:706 Sealed instance topology: instance=7687b15e-25ff-4bff-b788-cf60bf109551-8ee0e81cb46f417bba387cd61a53c67a, num_layers=72, tp_size=1, world_size=1, total_slots=72
2026-08-18T16:09:32.542070+00:00   INFO pegaflow_core::instance: instance.rs:719 Initialized GPU context: device_id=7, numa_node=NUMA2
2026-08-18T16:09:32.542096+00:00   INFO pegaflow_core: lib.rs:452 Registered context batch: instance=7687b15e-25ff-4bff-b788-cf60bf109551-8ee0e81cb46f417bba387cd61a53c67a, namespace=perf-t2-c8-i50-iso-c2-7, device=7, layers=72, tp_rank=0/1, pp_rank=0
2026-08-18T16:09:32.544801+00:00   INFO pegaflow_server::registry: registry.rs:217 IPC import timing: device_id=6 size_bytes=533725184 import_ms=3.10 (perf-t1)
2026-08-18T16:09:32.548327+00:00   INFO pegaflow_server::registry: registry.rs:217 IPC import timing: device_id=6 size_bytes=533725184 import_ms=2.95 (perf-t1)
2026-08-18T16:09:32.552135+00:00   INFO pegaflow_server::registry: registry.rs:217 IPC import timing: device_id=6 size_bytes=533725184 import_ms=3.15 (perf-t1)
2026-08-18T16:09:32.555844+00:00   INFO pegaflow_server::registry: registry.rs:217 IPC import timing: device_id=6 size_bytes=533725184 import_ms=3.02 (perf-t1)
2026-08-18T16:09:32.559674+00:00   INFO pegaflow_server::registry: registry.rs:217 IPC import timing: device_id=6 size_bytes=533725184 import_ms=3.18 (perf-t1)
2026-08-18T16:09:32.563366+00:00   INFO pegaflow_server::registry: registry.rs:217 IPC import timing: device_id=6 size_bytes=533725184 import_ms=2.98 (perf-t1)
2026-08-18T16:09:32.567118+00:00   INFO pegaflow_server::registry: registry.rs:217 IPC import timing: device_id=6 size_bytes=533725184 import_ms=3.14 (perf-t1)
2026-08-18T16:09:32.570793+00:00   INFO pegaflow_server::registry: registry.rs:217 IPC import timing: device_id=6 size_bytes=533725184 import_ms=3.05 (perf-t1)
2026-08-18T16:09:32.574516+00:00   INFO pegaflow_server::registry: registry.rs:217 IPC import timing: device_id=6 size_bytes=533725184 import_ms=3.07 (perf-t1)
2026-08-18T16:09:32.578149+00:00   INFO pegaflow_server::registry: registry.rs:217 IPC import timing: device_id=6 size_bytes=533725184 import_ms=3.01 (perf-t1)
2026-08-18T16:09:32.581812+00:00   INFO pegaflow_server::registry: registry.rs:217 IPC import timing: device_id=6 size_bytes=533725184 import_ms=3.02 (perf-t1)
2026-08-18T16:09:32.585765+00:00   INFO pegaflow_server::registry: registry.rs:217 IPC import timing: device_id=6 size_bytes=533725184 import_ms=3.28 (perf-t1)
2026-08-18T16:09:32.589760+00:00   INFO pegaflow_server::registry: registry.rs:217 IPC import timing: device_id=6 size_bytes=533725184 import_ms=3.41 (perf-t1)
2026-08-18T16:09:32.593308+00:00   INFO pegaflow_server::registry: registry.rs:217 IPC import timing: device_id=6 size_bytes=533725184 import_ms=2.95 (perf-t1)
2026-08-18T16:09:32.596832+00:00   INFO pegaflow_server::registry: registry.rs:217 IPC import timing: device_id=6 size_bytes=533725184 import_ms=2.86 (perf-t1)
2026-08-18T16:09:32.600814+00:00   INFO pegaflow_server::registry: registry.rs:217 IPC import timing: device_id=6 size_bytes=533725184 import_ms=3.40 (perf-t1)
2026-08-18T16:09:32.604402+00:00   INFO pegaflow_server::registry: registry.rs:217 IPC import timing: device_id=6 size_bytes=533725184 import_ms=2.92 (perf-t1)
2026-08-18T16:09:32.608254+00:00   INFO pegaflow_server::registry: registry.rs:217 IPC import timing: device_id=6 size_bytes=533725184 import_ms=3.19 (perf-t1)
2026-08-18T16:09:32.611922+00:00   INFO pegaflow_server::registry: registry.rs:217 IPC import timing: device_id=6 size_bytes=533725184 import_ms=3.09 (perf-t1)
2026-08-18T16:09:32.615724+00:00   INFO pegaflow_server::registry: registry.rs:217 IPC import timing: device_id=6 size_bytes=533725184 import_ms=3.20 (perf-t1)
2026-08-18T16:09:32.619460+00:00   INFO pegaflow_server::registry: registry.rs:217 IPC import timing: device_id=6 size_bytes=533725184 import_ms=3.05 (perf-t1)
2026-08-18T16:09:32.623079+00:00   INFO pegaflow_server::registry: registry.rs:217 IPC import timing: device_id=6 size_bytes=533725184 import_ms=3.00 (perf-t1)
2026-08-18T16:09:32.626914+00:00   INFO pegaflow_server::registry: registry.rs:217 IPC import timing: device_id=6 size_bytes=533725184 import_ms=3.23 (perf-t1)
2026-08-18T16:09:32.630581+00:00   INFO pegaflow_server::registry: registry.rs:217 IPC import timing: device_id=6 size_bytes=533725184 import_ms=3.00 (perf-t1)
2026-08-18T16:09:32.634348+00:00   INFO pegaflow_server::registry: registry.rs:217 IPC import timing: device_id=6 size_bytes=533725184 import_ms=3.16 (perf-t1)
2026-08-18T16:09:32.639645+00:00   INFO pegaflow_server::registry: registry.rs:217 IPC import timing: device_id=6 size_bytes=533725184 import_ms=4.69 (perf-t1)
2026-08-18T16:09:32.643417+00:00   INFO pegaflow_server::registry: registry.rs:217 IPC import timing: device_id=6 size_bytes=533725184 import_ms=3.12 (perf-t1)
2026-08-18T16:09:32.647043+00:00   INFO pegaflow_server::registry: registry.rs:217 IPC import timing: device_id=6 size_bytes=533725184 import_ms=3.00 (perf-t1)
2026-08-18T16:09:32.652191+00:00   INFO pegaflow_server::registry: registry.rs:217 IPC import timing: device_id=6 size_bytes=533725184 import_ms=4.50 (perf-t1)
2026-08-18T16:09:32.656206+00:00   INFO pegaflow_server::registry: registry.rs:217 IPC import timing: device_id=6 size_bytes=533725184 import_ms=3.41 (perf-t1)
2026-08-18T16:09:32.660169+00:00   INFO pegaflow_server::registry: registry.rs:217 IPC import timing: device_id=6 size_bytes=533725184 import_ms=3.19 (perf-t1)
2026-08-18T16:09:32.666650+00:00   INFO pegaflow_server::registry: registry.rs:217 IPC import timing: device_id=6 size_bytes=533725184 import_ms=5.86 (perf-t1)
2026-08-18T16:09:32.670347+00:00   INFO pegaflow_server::registry: registry.rs:217 IPC import timing: device_id=6 size_bytes=533725184 import_ms=3.08 (perf-t1)
2026-08-18T16:09:32.674103+00:00   INFO pegaflow_server::registry: registry.rs:217 IPC import timing: device_id=6 size_bytes=533725184 import_ms=3.10 (perf-t1)
2026-08-18T16:09:32.677848+00:00   INFO pegaflow_server::registry: registry.rs:217 IPC import timing: device_id=6 size_bytes=533725184 import_ms=3.16 (perf-t1)
2026-08-18T16:09:32.682052+00:00   INFO pegaflow_server::registry: registry.rs:217 IPC import timing: device_id=6 size_bytes=533725184 import_ms=3.62 (perf-t1)
2026-08-18T16:09:32.690545+00:00   INFO pegaflow_server::registry: registry.rs:217 IPC import timing: device_id=6 size_bytes=533725184 import_ms=7.82 (perf-t1)
2026-08-18T16:09:32.694573+00:00   INFO pegaflow_server::registry: registry.rs:217 IPC import timing: device_id=6 size_bytes=533725184 import_ms=3.43 (perf-t1)
2026-08-18T16:09:32.698210+00:00   INFO pegaflow_server::registry: registry.rs:217 IPC import timing: device_id=6 size_bytes=533725184 import_ms=3.06 (perf-t1)
2026-08-18T16:09:32.701801+00:00   INFO pegaflow_server::registry: registry.rs:217 IPC import timing: device_id=6 size_bytes=533725184 import_ms=2.94 (perf-t1)
2026-08-18T16:09:32.705295+00:00   INFO pegaflow_server::registry: registry.rs:217 IPC import timing: device_id=6 size_bytes=533725184 import_ms=2.84 (perf-t1)
2026-08-18T16:09:32.708877+00:00   INFO pegaflow_server::registry: registry.rs:217 IPC import timing: device_id=6 size_bytes=533725184 import_ms=2.99 (perf-t1)
2026-08-18T16:09:32.712524+00:00   INFO pegaflow_server::registry: registry.rs:217 IPC import timing: device_id=6 size_bytes=533725184 import_ms=3.01 (perf-t1)
2026-08-18T16:09:32.716418+00:00   INFO pegaflow_server::registry: registry.rs:217 IPC import timing: device_id=6 size_bytes=533725184 import_ms=3.27 (perf-t1)
2026-08-18T16:09:32.721194+00:00   INFO pegaflow_server::registry: registry.rs:217 IPC import timing: device_id=6 size_bytes=533725184 import_ms=4.16 (perf-t1)
2026-08-18T16:09:32.725126+00:00   INFO pegaflow_server::registry: registry.rs:217 IPC import timing: device_id=6 size_bytes=533725184 import_ms=3.27 (perf-t1)
2026-08-18T16:09:32.728711+00:00   INFO pegaflow_server::registry: registry.rs:217 IPC import timing: device_id=6 size_bytes=533725184 import_ms=2.97 (perf-t1)
2026-08-18T16:09:32.732152+00:00   INFO pegaflow_server::registry: registry.rs:217 IPC import timing: device_id=6 size_bytes=533725184 import_ms=2.82 (perf-t1)
2026-08-18T16:09:32.737586+00:00   INFO pegaflow_server::registry: registry.rs:217 IPC import timing: device_id=6 size_bytes=533725184 import_ms=4.74 (perf-t1)
2026-08-18T16:09:32.741120+00:00   INFO pegaflow_server::registry: registry.rs:217 IPC import timing: device_id=6 size_bytes=533725184 import_ms=2.89 (perf-t1)
2026-08-18T16:09:32.744561+00:00   INFO pegaflow_server::registry: registry.rs:217 IPC import timing: device_id=6 size_bytes=533725184 import_ms=2.83 (perf-t1)
2026-08-18T16:09:32.748143+00:00   INFO pegaflow_server::registry: registry.rs:217 IPC import timing: device_id=6 size_bytes=533725184 import_ms=2.91 (perf-t1)
2026-08-18T16:09:32.751732+00:00   INFO pegaflow_server::registry: registry.rs:217 IPC import timing: device_id=6 size_bytes=533725184 import_ms=2.96 (perf-t1)
2026-08-18T16:09:32.755861+00:00   INFO pegaflow_server::registry: registry.rs:217 IPC import timing: device_id=6 size_bytes=533725184 import_ms=3.45 (perf-t1)
2026-08-18T16:09:32.759670+00:00   INFO pegaflow_server::registry: registry.rs:217 IPC import timing: device_id=6 size_bytes=533725184 import_ms=3.02 (perf-t1)
2026-08-18T16:09:32.763439+00:00   INFO pegaflow_server::registry: registry.rs:217 IPC import timing: device_id=6 size_bytes=533725184 import_ms=3.12 (perf-t1)
2026-08-18T16:09:32.767444+00:00   INFO pegaflow_server::registry: registry.rs:217 IPC import timing: device_id=6 size_bytes=533725184 import_ms=3.29 (perf-t1)
2026-08-18T16:09:32.771168+00:00   INFO pegaflow_server::registry: registry.rs:217 IPC import timing: device_id=6 size_bytes=533725184 import_ms=3.03 (perf-t1)
2026-08-18T16:09:32.774736+00:00   INFO pegaflow_server::registry: registry.rs:217 IPC import timing: device_id=6 size_bytes=533725184 import_ms=2.94 (perf-t1)
2026-08-18T16:09:32.778378+00:00   INFO pegaflow_server::registry: registry.rs:217 IPC import timing: device_id=6 size_bytes=533725184 import_ms=3.04 (perf-t1)
2026-08-18T16:09:32.783261+00:00   INFO pegaflow_server::registry: registry.rs:217 IPC import timing: device_id=6 size_bytes=533725184 import_ms=4.16 (perf-t1)
2026-08-18T16:09:32.787269+00:00   INFO pegaflow_server::registry: registry.rs:217 IPC import timing: device_id=6 size_bytes=533725184 import_ms=3.39 (perf-t1)
2026-08-18T16:09:32.790950+00:00   INFO pegaflow_server::registry: registry.rs:217 IPC import timing: device_id=6 size_bytes=533725184 import_ms=3.05 (perf-t1)
2026-08-18T16:09:32.794587+00:00   INFO pegaflow_server::registry: registry.rs:217 IPC import timing: device_id=6 size_bytes=533725184 import_ms=2.95 (perf-t1)
2026-08-18T16:09:32.798242+00:00   INFO pegaflow_server::registry: registry.rs:217 IPC import timing: device_id=6 size_bytes=533725184 import_ms=3.02 (perf-t1)
2026-08-18T16:09:32.801796+00:00   INFO pegaflow_server::registry: registry.rs:217 IPC import timing: device_id=6 size_bytes=533725184 import_ms=2.92 (perf-t1)
2026-08-18T16:09:32.805537+00:00   INFO pegaflow_server::registry: registry.rs:217 IPC import timing: device_id=6 size_bytes=533725184 import_ms=3.07 (perf-t1)
2026-08-18T16:09:32.809208+00:00   INFO pegaflow_server::registry: registry.rs:217 IPC import timing: device_id=6 size_bytes=533725184 import_ms=3.05 (perf-t1)
2026-08-18T16:09:32.812811+00:00   INFO pegaflow_server::registry: registry.rs:217 IPC import timing: device_id=6 size_bytes=533725184 import_ms=2.98 (perf-t1)
2026-08-18T16:09:32.816487+00:00   INFO pegaflow_server::registry: registry.rs:217 IPC import timing: device_id=6 size_bytes=533725184 import_ms=2.99 (perf-t1)
2026-08-18T16:09:32.820007+00:00   INFO pegaflow_server::registry: registry.rs:217 IPC import timing: device_id=6 size_bytes=533725184 import_ms=2.88 (perf-t1)
2026-08-18T16:09:32.823762+00:00   INFO pegaflow_core::gpu_worker: gpu_worker.rs:338 GPU worker initialized: device=6 backend=ascend_batch device_id=6
2026-08-18T16:09:32.823985+00:00   INFO pegaflow_core::gpu_worker: gpu_worker.rs:338 GPU worker initialized: device=6 backend=ascend_batch device_id=6
2026-08-18T16:09:32.824056+00:00   INFO pegaflow_server::registry: registry.rs:217 IPC import timing: device_id=1 size_bytes=533725184 import_ms=3.13 (perf-t1)
2026-08-18T16:09:32.824155+00:00   INFO pegaflow_core::gpu_worker: gpu_worker.rs:200 GPU worker pool started: device=6, numa_node=NUMA4, transfer_mode=AscendDirect
2026-08-18T16:09:32.824903+00:00   INFO pegaflow_core::instance: instance.rs:706 Sealed instance topology: instance=76f776ed-61ca-4ea6-b32a-cfaaa0d0e246-058d652efb9c49d4a32866006a751a2a, num_layers=72, tp_size=1, world_size=1, total_slots=72
2026-08-18T16:09:32.824978+00:00   INFO pegaflow_core::instance: instance.rs:719 Initialized GPU context: device_id=6, numa_node=NUMA4
2026-08-18T16:09:32.825017+00:00   INFO pegaflow_core: lib.rs:452 Registered context batch: instance=76f776ed-61ca-4ea6-b32a-cfaaa0d0e246-058d652efb9c49d4a32866006a751a2a, namespace=perf-t2-c8-i50-iso-c2-6, device=6, layers=72, tp_rank=0/1, pp_rank=0
2026-08-18T16:09:32.827995+00:00   INFO pegaflow_server::registry: registry.rs:217 IPC import timing: device_id=1 size_bytes=533725184 import_ms=3.24 (perf-t1)
2026-08-18T16:09:32.831758+00:00   INFO pegaflow_server::registry: registry.rs:217 IPC import timing: device_id=1 size_bytes=533725184 import_ms=3.10 (perf-t1)
2026-08-18T16:09:32.838565+00:00   INFO pegaflow_server::registry: registry.rs:217 IPC import timing: device_id=1 size_bytes=533725184 import_ms=6.14 (perf-t1)
2026-08-18T16:09:32.842957+00:00   INFO pegaflow_server::registry: registry.rs:217 IPC import timing: device_id=1 size_bytes=533725184 import_ms=3.69 (perf-t1)
2026-08-18T16:09:32.846877+00:00   INFO pegaflow_server::registry: registry.rs:217 IPC import timing: device_id=1 size_bytes=533725184 import_ms=3.29 (perf-t1)
2026-08-18T16:09:32.850626+00:00   INFO pegaflow_server::registry: registry.rs:217 IPC import timing: device_id=1 size_bytes=533725184 import_ms=3.13 (perf-t1)
2026-08-18T16:09:32.855134+00:00   INFO pegaflow_server::registry: registry.rs:217 IPC import timing: device_id=1 size_bytes=533725184 import_ms=3.84 (perf-t1)
2026-08-18T16:09:32.858830+00:00   INFO pegaflow_server::registry: registry.rs:217 IPC import timing: device_id=1 size_bytes=533725184 import_ms=3.06 (perf-t1)
2026-08-18T16:09:32.862868+00:00   INFO pegaflow_server::registry: registry.rs:217 IPC import timing: device_id=1 size_bytes=533725184 import_ms=3.37 (perf-t1)
2026-08-18T16:09:32.866580+00:00   INFO pegaflow_server::registry: registry.rs:217 IPC import timing: device_id=1 size_bytes=533725184 import_ms=3.02 (perf-t1)
2026-08-18T16:09:32.870306+00:00   INFO pegaflow_server::registry: registry.rs:217 IPC import timing: device_id=1 size_bytes=533725184 import_ms=3.12 (perf-t1)
2026-08-18T16:09:32.873992+00:00   INFO pegaflow_server::registry: registry.rs:217 IPC import timing: device_id=1 size_bytes=533725184 import_ms=3.11 (perf-t1)
2026-08-18T16:09:32.877754+00:00   INFO pegaflow_server::registry: registry.rs:217 IPC import timing: device_id=1 size_bytes=533725184 import_ms=3.12 (perf-t1)
2026-08-18T16:09:32.881910+00:00   INFO pegaflow_server::registry: registry.rs:217 IPC import timing: device_id=1 size_bytes=533725184 import_ms=3.52 (perf-t1)
2026-08-18T16:09:32.887230+00:00   INFO pegaflow_server::registry: registry.rs:217 IPC import timing: device_id=1 size_bytes=533725184 import_ms=4.67 (perf-t1)
2026-08-18T16:09:32.891312+00:00   INFO pegaflow_server::registry: registry.rs:217 IPC import timing: device_id=1 size_bytes=533725184 import_ms=3.38 (perf-t1)
2026-08-18T16:09:32.894856+00:00   INFO pegaflow_server::registry: registry.rs:217 IPC import timing: device_id=1 size_bytes=533725184 import_ms=2.94 (perf-t1)
2026-08-18T16:09:32.898511+00:00   INFO pegaflow_server::registry: registry.rs:217 IPC import timing: device_id=1 size_bytes=533725184 import_ms=3.04 (perf-t1)
2026-08-18T16:09:32.902159+00:00   INFO pegaflow_server::registry: registry.rs:217 IPC import timing: device_id=1 size_bytes=533725184 import_ms=3.01 (perf-t1)
2026-08-18T16:09:32.905669+00:00   INFO pegaflow_server::registry: registry.rs:217 IPC import timing: device_id=1 size_bytes=533725184 import_ms=2.86 (perf-t1)
2026-08-18T16:09:32.909317+00:00   INFO pegaflow_server::registry: registry.rs:217 IPC import timing: device_id=1 size_bytes=533725184 import_ms=3.07 (perf-t1)
2026-08-18T16:09:32.913192+00:00   INFO pegaflow_server::registry: registry.rs:217 IPC import timing: device_id=1 size_bytes=533725184 import_ms=3.28 (perf-t1)
2026-08-18T16:09:32.916917+00:00   INFO pegaflow_server::registry: registry.rs:217 IPC import timing: device_id=1 size_bytes=533725184 import_ms=3.05 (perf-t1)
2026-08-18T16:09:32.920496+00:00   INFO pegaflow_server::registry: registry.rs:217 IPC import timing: device_id=1 size_bytes=533725184 import_ms=2.94 (perf-t1)
2026-08-18T16:09:32.924204+00:00   INFO pegaflow_server::registry: registry.rs:217 IPC import timing: device_id=1 size_bytes=533725184 import_ms=3.10 (perf-t1)
2026-08-18T16:09:32.927882+00:00   INFO pegaflow_server::registry: registry.rs:217 IPC import timing: device_id=1 size_bytes=533725184 import_ms=2.99 (perf-t1)
2026-08-18T16:09:32.931526+00:00   INFO pegaflow_server::registry: registry.rs:217 IPC import timing: device_id=1 size_bytes=533725184 import_ms=2.99 (perf-t1)
2026-08-18T16:09:32.937368+00:00   INFO pegaflow_server::registry: registry.rs:217 IPC import timing: device_id=1 size_bytes=533725184 import_ms=5.24 (perf-t1)
2026-08-18T16:09:32.942483+00:00   INFO pegaflow_server::registry: registry.rs:217 IPC import timing: device_id=1 size_bytes=533725184 import_ms=4.36 (perf-t1)
2026-08-18T16:09:32.946443+00:00   INFO pegaflow_server::registry: registry.rs:217 IPC import timing: device_id=1 size_bytes=533725184 import_ms=3.34 (perf-t1)
2026-08-18T16:09:32.950043+00:00   INFO pegaflow_server::registry: registry.rs:217 IPC import timing: device_id=1 size_bytes=533725184 import_ms=2.98 (perf-t1)
2026-08-18T16:09:32.953726+00:00   INFO pegaflow_server::registry: registry.rs:217 IPC import timing: device_id=1 size_bytes=533725184 import_ms=3.02 (perf-t1)
2026-08-18T16:09:32.957286+00:00   INFO pegaflow_server::registry: registry.rs:217 IPC import timing: device_id=1 size_bytes=533725184 import_ms=2.90 (perf-t1)
2026-08-18T16:09:32.960954+00:00   INFO pegaflow_server::registry: registry.rs:217 IPC import timing: device_id=1 size_bytes=533725184 import_ms=3.04 (perf-t1)
2026-08-18T16:09:32.964586+00:00   INFO pegaflow_server::registry: registry.rs:217 IPC import timing: device_id=1 size_bytes=533725184 import_ms=2.97 (perf-t1)
2026-08-18T16:09:32.968515+00:00   INFO pegaflow_server::registry: registry.rs:217 IPC import timing: device_id=1 size_bytes=533725184 import_ms=3.31 (perf-t1)
2026-08-18T16:09:32.972027+00:00   INFO pegaflow_server::registry: registry.rs:217 IPC import timing: device_id=1 size_bytes=533725184 import_ms=2.92 (perf-t1)
2026-08-18T16:09:32.975987+00:00   INFO pegaflow_server::registry: registry.rs:217 IPC import timing: device_id=1 size_bytes=533725184 import_ms=3.27 (perf-t1)
2026-08-18T16:09:32.979587+00:00   INFO pegaflow_server::registry: registry.rs:217 IPC import timing: device_id=1 size_bytes=533725184 import_ms=2.91 (perf-t1)
2026-08-18T16:09:32.983326+00:00   INFO pegaflow_server::registry: registry.rs:217 IPC import timing: device_id=1 size_bytes=533725184 import_ms=3.13 (perf-t1)
2026-08-18T16:09:32.986959+00:00   INFO pegaflow_server::registry: registry.rs:217 IPC import timing: device_id=1 size_bytes=533725184 import_ms=2.94 (perf-t1)
2026-08-18T16:09:32.990778+00:00   INFO pegaflow_server::registry: registry.rs:217 IPC import timing: device_id=1 size_bytes=533725184 import_ms=3.22 (perf-t1)
2026-08-18T16:09:32.994441+00:00   INFO pegaflow_server::registry: registry.rs:217 IPC import timing: device_id=1 size_bytes=533725184 import_ms=3.05 (perf-t1)
2026-08-18T16:09:32.998085+00:00   INFO pegaflow_server::registry: registry.rs:217 IPC import timing: device_id=1 size_bytes=533725184 import_ms=2.98 (perf-t1)
2026-08-18T16:09:33.002916+00:00   INFO pegaflow_server::registry: registry.rs:217 IPC import timing: device_id=1 size_bytes=533725184 import_ms=4.23 (perf-t1)
2026-08-18T16:09:33.006751+00:00   INFO pegaflow_server::registry: registry.rs:217 IPC import timing: device_id=1 size_bytes=533725184 import_ms=3.22 (perf-t1)
2026-08-18T16:09:33.010446+00:00   INFO pegaflow_server::registry: registry.rs:217 IPC import timing: device_id=1 size_bytes=533725184 import_ms=3.03 (perf-t1)
2026-08-18T16:09:33.014040+00:00   INFO pegaflow_server::registry: registry.rs:217 IPC import timing: device_id=1 size_bytes=533725184 import_ms=3.01 (perf-t1)
2026-08-18T16:09:33.017723+00:00   INFO pegaflow_server::registry: registry.rs:217 IPC import timing: device_id=1 size_bytes=533725184 import_ms=3.04 (perf-t1)
2026-08-18T16:09:33.021436+00:00   INFO pegaflow_server::registry: registry.rs:217 IPC import timing: device_id=1 size_bytes=533725184 import_ms=3.04 (perf-t1)
2026-08-18T16:09:33.025043+00:00   INFO pegaflow_server::registry: registry.rs:217 IPC import timing: device_id=1 size_bytes=533725184 import_ms=3.00 (perf-t1)
2026-08-18T16:09:33.028689+00:00   INFO pegaflow_server::registry: registry.rs:217 IPC import timing: device_id=1 size_bytes=533725184 import_ms=3.03 (perf-t1)
2026-08-18T16:09:33.032265+00:00   INFO pegaflow_server::registry: registry.rs:217 IPC import timing: device_id=1 size_bytes=533725184 import_ms=2.91 (perf-t1)
2026-08-18T16:09:33.039256+00:00   INFO pegaflow_server::registry: registry.rs:217 IPC import timing: device_id=1 size_bytes=533725184 import_ms=6.33 (perf-t1)
2026-08-18T16:09:33.042980+00:00   INFO pegaflow_server::registry: registry.rs:217 IPC import timing: device_id=1 size_bytes=533725184 import_ms=3.09 (perf-t1)
2026-08-18T16:09:33.046719+00:00   INFO pegaflow_server::registry: registry.rs:217 IPC import timing: device_id=1 size_bytes=533725184 import_ms=3.09 (perf-t1)
2026-08-18T16:09:33.050512+00:00   INFO pegaflow_server::registry: registry.rs:217 IPC import timing: device_id=1 size_bytes=533725184 import_ms=3.12 (perf-t1)
2026-08-18T16:09:33.054168+00:00   INFO pegaflow_server::registry: registry.rs:217 IPC import timing: device_id=1 size_bytes=533725184 import_ms=3.06 (perf-t1)
2026-08-18T16:09:33.057811+00:00   INFO pegaflow_server::registry: registry.rs:217 IPC import timing: device_id=1 size_bytes=533725184 import_ms=2.94 (perf-t1)
2026-08-18T16:09:33.061373+00:00   INFO pegaflow_server::registry: registry.rs:217 IPC import timing: device_id=1 size_bytes=533725184 import_ms=3.00 (perf-t1)
2026-08-18T16:09:33.067526+00:00   INFO pegaflow_server::registry: registry.rs:217 IPC import timing: device_id=1 size_bytes=533725184 import_ms=5.59 (perf-t1)
2026-08-18T16:09:33.071840+00:00   INFO pegaflow_server::registry: registry.rs:217 IPC import timing: device_id=1 size_bytes=533725184 import_ms=3.69 (perf-t1)
2026-08-18T16:09:33.075308+00:00   INFO pegaflow_server::registry: registry.rs:217 IPC import timing: device_id=1 size_bytes=533725184 import_ms=2.92 (perf-t1)
2026-08-18T16:09:33.078760+00:00   INFO pegaflow_server::registry: registry.rs:217 IPC import timing: device_id=1 size_bytes=533725184 import_ms=2.93 (perf-t1)
2026-08-18T16:09:33.082351+00:00   INFO pegaflow_server::registry: registry.rs:217 IPC import timing: device_id=1 size_bytes=533725184 import_ms=3.01 (perf-t1)
2026-08-18T16:09:33.087201+00:00   INFO pegaflow_server::registry: registry.rs:217 IPC import timing: device_id=1 size_bytes=533725184 import_ms=4.32 (perf-t1)
2026-08-18T16:09:33.091210+00:00   INFO pegaflow_server::registry: registry.rs:217 IPC import timing: device_id=1 size_bytes=533725184 import_ms=3.46 (perf-t1)
2026-08-18T16:09:33.094736+00:00   INFO pegaflow_server::registry: registry.rs:217 IPC import timing: device_id=1 size_bytes=533725184 import_ms=2.98 (perf-t1)
2026-08-18T16:09:33.098256+00:00   INFO pegaflow_server::registry: registry.rs:217 IPC import timing: device_id=1 size_bytes=533725184 import_ms=2.98 (perf-t1)
2026-08-18T16:09:33.101612+00:00   INFO pegaflow_server::registry: registry.rs:217 IPC import timing: device_id=1 size_bytes=533725184 import_ms=2.83 (perf-t1)
2026-08-18T16:09:33.105053+00:00   INFO pegaflow_server::registry: registry.rs:217 IPC import timing: device_id=1 size_bytes=533725184 import_ms=2.89 (perf-t1)
2026-08-18T16:09:33.108836+00:00   INFO pegaflow_server::registry: registry.rs:217 IPC import timing: device_id=4 size_bytes=533725184 import_ms=3.00 (perf-t1)
2026-08-18T16:09:33.109297+00:00   INFO pegaflow_core::gpu_worker: gpu_worker.rs:338 GPU worker initialized: device=1 backend=ascend_batch device_id=1
2026-08-18T16:09:33.109779+00:00   INFO pegaflow_core::gpu_worker: gpu_worker.rs:338 GPU worker initialized: device=1 backend=ascend_batch device_id=1
2026-08-18T16:09:33.109988+00:00   INFO pegaflow_core::gpu_worker: gpu_worker.rs:200 GPU worker pool started: device=1, numa_node=NUMA0, transfer_mode=AscendDirect
2026-08-18T16:09:33.110685+00:00   INFO pegaflow_core::instance: instance.rs:706 Sealed instance topology: instance=71e5834a-3448-428c-81d5-60581405e0b7-71f41e9c7cff488e8de23677d6280b8f, num_layers=72, tp_size=1, world_size=1, total_slots=72
2026-08-18T16:09:33.110736+00:00   INFO pegaflow_core::instance: instance.rs:719 Initialized GPU context: device_id=1, numa_node=NUMA0
2026-08-18T16:09:33.110764+00:00   INFO pegaflow_core: lib.rs:452 Registered context batch: instance=71e5834a-3448-428c-81d5-60581405e0b7-71f41e9c7cff488e8de23677d6280b8f, namespace=perf-t2-c8-i50-iso-c2-1, device=1, layers=72, tp_rank=0/1, pp_rank=0
2026-08-18T16:09:33.112582+00:00   INFO pegaflow_server::registry: registry.rs:217 IPC import timing: device_id=4 size_bytes=533725184 import_ms=3.20 (perf-t1)
2026-08-18T16:09:33.116361+00:00   INFO pegaflow_server::registry: registry.rs:217 IPC import timing: device_id=4 size_bytes=533725184 import_ms=3.21 (perf-t1)
2026-08-18T16:09:33.119864+00:00   INFO pegaflow_server::registry: registry.rs:217 IPC import timing: device_id=4 size_bytes=533725184 import_ms=2.96 (perf-t1)
2026-08-18T16:09:33.123732+00:00   INFO pegaflow_server::registry: registry.rs:217 IPC import timing: device_id=4 size_bytes=533725184 import_ms=3.29 (perf-t1)
2026-08-18T16:09:33.127371+00:00   INFO pegaflow_server::registry: registry.rs:217 IPC import timing: device_id=4 size_bytes=533725184 import_ms=3.05 (perf-t1)
2026-08-18T16:09:33.130838+00:00   INFO pegaflow_server::registry: registry.rs:217 IPC import timing: device_id=4 size_bytes=533725184 import_ms=2.93 (perf-t1)
2026-08-18T16:09:33.137501+00:00   INFO pegaflow_server::registry: registry.rs:217 IPC import timing: device_id=4 size_bytes=533725184 import_ms=6.14 (perf-t1)
2026-08-18T16:09:33.141342+00:00   INFO pegaflow_server::registry: registry.rs:217 IPC import timing: device_id=4 size_bytes=533725184 import_ms=3.24 (perf-t1)
2026-08-18T16:09:33.144901+00:00   INFO pegaflow_server::registry: registry.rs:217 IPC import timing: device_id=4 size_bytes=533725184 import_ms=3.02 (perf-t1)
2026-08-18T16:09:33.148435+00:00   INFO pegaflow_server::registry: registry.rs:217 IPC import timing: device_id=4 size_bytes=533725184 import_ms=2.99 (perf-t1)
2026-08-18T16:09:33.151918+00:00   INFO pegaflow_server::registry: registry.rs:217 IPC import timing: device_id=4 size_bytes=533725184 import_ms=2.94 (perf-t1)
2026-08-18T16:09:33.155427+00:00   INFO pegaflow_server::registry: registry.rs:217 IPC import timing: device_id=4 size_bytes=533725184 import_ms=2.95 (perf-t1)
2026-08-18T16:09:33.159063+00:00   INFO pegaflow_server::registry: registry.rs:217 IPC import timing: device_id=4 size_bytes=533725184 import_ms=3.04 (perf-t1)
2026-08-18T16:09:33.162588+00:00   INFO pegaflow_server::registry: registry.rs:217 IPC import timing: device_id=4 size_bytes=533725184 import_ms=2.93 (perf-t1)
2026-08-18T16:09:33.166011+00:00   INFO pegaflow_server::registry: registry.rs:217 IPC import timing: device_id=4 size_bytes=533725184 import_ms=2.82 (perf-t1)
2026-08-18T16:09:33.169540+00:00   INFO pegaflow_server::registry: registry.rs:217 IPC import timing: device_id=4 size_bytes=533725184 import_ms=2.98 (perf-t1)
2026-08-18T16:09:33.172944+00:00   INFO pegaflow_server::registry: registry.rs:217 IPC import timing: device_id=4 size_bytes=533725184 import_ms=2.82 (perf-t1)
2026-08-18T16:09:33.176481+00:00   INFO pegaflow_server::registry: registry.rs:217 IPC import timing: device_id=4 size_bytes=533725184 import_ms=2.96 (perf-t1)
2026-08-18T16:09:33.179842+00:00   INFO pegaflow_server::registry: registry.rs:217 IPC import timing: device_id=4 size_bytes=533725184 import_ms=2.81 (perf-t1)
2026-08-18T16:09:33.183230+00:00   INFO pegaflow_server::registry: registry.rs:217 IPC import timing: device_id=4 size_bytes=533725184 import_ms=2.84 (perf-t1)
2026-08-18T16:09:33.186745+00:00   INFO pegaflow_server::registry: registry.rs:217 IPC import timing: device_id=4 size_bytes=533725184 import_ms=2.94 (perf-t1)
2026-08-18T16:09:33.190144+00:00   INFO pegaflow_server::registry: registry.rs:217 IPC import timing: device_id=4 size_bytes=533725184 import_ms=2.85 (perf-t1)
2026-08-18T16:09:33.237122+00:00   INFO pegaflow_server::registry: registry.rs:217 IPC import timing: device_id=4 size_bytes=533725184 import_ms=46.26 (perf-t1)
2026-08-18T16:09:33.240750+00:00   INFO pegaflow_server::registry: registry.rs:217 IPC import timing: device_id=4 size_bytes=533725184 import_ms=2.84 (perf-t1)
2026-08-18T16:09:33.244214+00:00   INFO pegaflow_server::registry: registry.rs:217 IPC import timing: device_id=4 size_bytes=533725184 import_ms=2.89 (perf-t1)
2026-08-18T16:09:33.247538+00:00   INFO pegaflow_server::registry: registry.rs:217 IPC import timing: device_id=4 size_bytes=533725184 import_ms=2.77 (perf-t1)
2026-08-18T16:09:33.251037+00:00   INFO pegaflow_server::registry: registry.rs:217 IPC import timing: device_id=4 size_bytes=533725184 import_ms=2.91 (perf-t1)
2026-08-18T16:09:33.254418+00:00   INFO pegaflow_server::registry: registry.rs:217 IPC import timing: device_id=4 size_bytes=533725184 import_ms=2.83 (perf-t1)
2026-08-18T16:09:33.259111+00:00   INFO pegaflow_server::registry: registry.rs:217 IPC import timing: device_id=4 size_bytes=533725184 import_ms=4.09 (perf-t1)
2026-08-18T16:09:33.266849+00:00   INFO pegaflow_server::registry: registry.rs:217 IPC import timing: device_id=4 size_bytes=533725184 import_ms=7.15 (perf-t1)
2026-08-18T16:09:33.270488+00:00   INFO pegaflow_server::registry: registry.rs:217 IPC import timing: device_id=4 size_bytes=533725184 import_ms=3.09 (perf-t1)
2026-08-18T16:09:33.274075+00:00   INFO pegaflow_server::registry: registry.rs:217 IPC import timing: device_id=4 size_bytes=533725184 import_ms=3.04 (perf-t1)
2026-08-18T16:09:33.277488+00:00   INFO pegaflow_server::registry: registry.rs:217 IPC import timing: device_id=4 size_bytes=533725184 import_ms=2.84 (perf-t1)
2026-08-18T16:09:33.281980+00:00   INFO pegaflow_server::registry: registry.rs:217 IPC import timing: device_id=4 size_bytes=533725184 import_ms=3.93 (perf-t1)
2026-08-18T16:09:33.287047+00:00   INFO pegaflow_server::registry: registry.rs:217 IPC import timing: device_id=4 size_bytes=533725184 import_ms=4.51 (perf-t1)
2026-08-18T16:09:33.291026+00:00   INFO pegaflow_server::registry: registry.rs:217 IPC import timing: device_id=4 size_bytes=533725184 import_ms=3.40 (perf-t1)
2026-08-18T16:09:33.294630+00:00   INFO pegaflow_server::registry: registry.rs:217 IPC import timing: device_id=4 size_bytes=533725184 import_ms=3.03 (perf-t1)
2026-08-18T16:09:33.298337+00:00   INFO pegaflow_server::registry: registry.rs:217 IPC import timing: device_id=4 size_bytes=533725184 import_ms=3.17 (perf-t1)
2026-08-18T16:09:33.301699+00:00   INFO pegaflow_server::registry: registry.rs:217 IPC import timing: device_id=4 size_bytes=533725184 import_ms=2.78 (perf-t1)
2026-08-18T16:09:33.305110+00:00   INFO pegaflow_server::registry: registry.rs:217 IPC import timing: device_id=4 size_bytes=533725184 import_ms=2.89 (perf-t1)
2026-08-18T16:09:33.308506+00:00   INFO pegaflow_server::registry: registry.rs:217 IPC import timing: device_id=4 size_bytes=533725184 import_ms=2.86 (perf-t1)
2026-08-18T16:09:33.311902+00:00   INFO pegaflow_server::registry: registry.rs:217 IPC import timing: device_id=4 size_bytes=533725184 import_ms=2.85 (perf-t1)
2026-08-18T16:09:33.316294+00:00   INFO pegaflow_server::registry: registry.rs:217 IPC import timing: device_id=4 size_bytes=533725184 import_ms=3.85 (perf-t1)
2026-08-18T16:09:33.319861+00:00   INFO pegaflow_server::registry: registry.rs:217 IPC import timing: device_id=4 size_bytes=533725184 import_ms=3.02 (perf-t1)
2026-08-18T16:09:33.324870+00:00   INFO pegaflow_server::registry: registry.rs:217 IPC import timing: device_id=4 size_bytes=533725184 import_ms=4.44 (perf-t1)
2026-08-18T16:09:33.328616+00:00   INFO pegaflow_server::registry: registry.rs:217 IPC import timing: device_id=4 size_bytes=533725184 import_ms=3.20 (perf-t1)
2026-08-18T16:09:33.332082+00:00   INFO pegaflow_server::registry: registry.rs:217 IPC import timing: device_id=4 size_bytes=533725184 import_ms=2.89 (perf-t1)
2026-08-18T16:09:33.337463+00:00   INFO pegaflow_server::registry: registry.rs:217 IPC import timing: device_id=4 size_bytes=533725184 import_ms=4.80 (perf-t1)
2026-08-18T16:09:33.340934+00:00   INFO pegaflow_server::registry: registry.rs:217 IPC import timing: device_id=4 size_bytes=533725184 import_ms=2.91 (perf-t1)
2026-08-18T16:09:33.344267+00:00   INFO pegaflow_server::registry: registry.rs:217 IPC import timing: device_id=4 size_bytes=533725184 import_ms=2.80 (perf-t1)
2026-08-18T16:09:33.348245+00:00   INFO pegaflow_server::registry: registry.rs:217 IPC import timing: device_id=4 size_bytes=533725184 import_ms=3.40 (perf-t1)
2026-08-18T16:09:33.351719+00:00   INFO pegaflow_server::registry: registry.rs:217 IPC import timing: device_id=4 size_bytes=533725184 import_ms=2.92 (perf-t1)
2026-08-18T16:09:33.355040+00:00   INFO pegaflow_server::registry: registry.rs:217 IPC import timing: device_id=4 size_bytes=533725184 import_ms=2.80 (perf-t1)
2026-08-18T16:09:33.358639+00:00   INFO pegaflow_server::registry: registry.rs:217 IPC import timing: device_id=4 size_bytes=533725184 import_ms=2.97 (perf-t1)
2026-08-18T16:09:33.362061+00:00   INFO pegaflow_server::registry: registry.rs:217 IPC import timing: device_id=4 size_bytes=533725184 import_ms=2.87 (perf-t1)
2026-08-18T16:09:33.365546+00:00   INFO pegaflow_server::registry: registry.rs:217 IPC import timing: device_id=4 size_bytes=533725184 import_ms=2.94 (perf-t1)
2026-08-18T16:09:33.369133+00:00   INFO pegaflow_server::registry: registry.rs:217 IPC import timing: device_id=4 size_bytes=533725184 import_ms=2.89 (perf-t1)
2026-08-18T16:09:33.372667+00:00   INFO pegaflow_server::registry: registry.rs:217 IPC import timing: device_id=4 size_bytes=533725184 import_ms=2.96 (perf-t1)
2026-08-18T16:09:33.376013+00:00   INFO pegaflow_server::registry: registry.rs:217 IPC import timing: device_id=4 size_bytes=533725184 import_ms=2.81 (perf-t1)
2026-08-18T16:09:33.379937+00:00   INFO pegaflow_server::registry: registry.rs:217 IPC import timing: device_id=4 size_bytes=533725184 import_ms=3.33 (perf-t1)
2026-08-18T16:09:33.384414+00:00   INFO pegaflow_server::registry: registry.rs:217 IPC import timing: device_id=4 size_bytes=533725184 import_ms=3.90 (perf-t1)
2026-08-18T16:09:33.388312+00:00   INFO pegaflow_server::registry: registry.rs:217 IPC import timing: device_id=4 size_bytes=533725184 import_ms=3.33 (perf-t1)
2026-08-18T16:09:33.391816+00:00   INFO pegaflow_server::registry: registry.rs:217 IPC import timing: device_id=4 size_bytes=533725184 import_ms=2.90 (perf-t1)
2026-08-18T16:09:33.395209+00:00   INFO pegaflow_server::registry: registry.rs:217 IPC import timing: device_id=4 size_bytes=533725184 import_ms=2.84 (perf-t1)
2026-08-18T16:09:33.398787+00:00   INFO pegaflow_server::registry: registry.rs:217 IPC import timing: device_id=4 size_bytes=533725184 import_ms=3.03 (perf-t1)
2026-08-18T16:09:33.402234+00:00   INFO pegaflow_server::registry: registry.rs:217 IPC import timing: device_id=4 size_bytes=533725184 import_ms=2.87 (perf-t1)
2026-08-18T16:09:33.405827+00:00   INFO pegaflow_server::registry: registry.rs:217 IPC import timing: device_id=4 size_bytes=533725184 import_ms=3.00 (perf-t1)
2026-08-18T16:09:33.409319+00:00   INFO pegaflow_server::registry: registry.rs:217 IPC import timing: device_id=4 size_bytes=533725184 import_ms=2.93 (perf-t1)
2026-08-18T16:09:33.412880+00:00   INFO pegaflow_server::registry: registry.rs:217 IPC import timing: device_id=4 size_bytes=533725184 import_ms=3.00 (perf-t1)
2026-08-18T16:09:33.416467+00:00   INFO pegaflow_server::registry: registry.rs:217 IPC import timing: device_id=4 size_bytes=533725184 import_ms=3.06 (perf-t1)
2026-08-18T16:09:33.419883+00:00   INFO pegaflow_server::registry: registry.rs:217 IPC import timing: device_id=4 size_bytes=533725184 import_ms=2.84 (perf-t1)
2026-08-18T16:09:33.424044+00:00   INFO pegaflow_core::gpu_worker: gpu_worker.rs:338 GPU worker initialized: device=4 backend=ascend_batch device_id=4
2026-08-18T16:09:33.424692+00:00   INFO pegaflow_core::gpu_worker: gpu_worker.rs:338 GPU worker initialized: device=4 backend=ascend_batch device_id=4
2026-08-18T16:09:33.424907+00:00   INFO pegaflow_core::gpu_worker: gpu_worker.rs:200 GPU worker pool started: device=4, numa_node=NUMA4, transfer_mode=AscendDirect
2026-08-18T16:09:33.425620+00:00   INFO pegaflow_core::instance: instance.rs:706 Sealed instance topology: instance=ce33f447-1789-4e21-81ad-b97eaf8a9933-ae93c443feef4a8a9e4bd26ba6bf940e, num_layers=72, tp_size=1, world_size=1, total_slots=72
2026-08-18T16:09:33.425673+00:00   INFO pegaflow_core::instance: instance.rs:719 Initialized GPU context: device_id=4, numa_node=NUMA4
2026-08-18T16:09:33.425702+00:00   INFO pegaflow_core: lib.rs:452 Registered context batch: instance=ce33f447-1789-4e21-81ad-b97eaf8a9933-ae93c443feef4a8a9e4bd26ba6bf940e, namespace=perf-t2-c8-i50-iso-c2-4, device=4, layers=72, tp_rank=0/1, pp_rank=0
2026-08-18T16:09:49.102355+00:00   INFO pegaflow_server::service: service.rs:931 Session opened: instance_id=26edd69c-b45e-4f72-9bb0-56c9aa548293-75c3c09fee424a30b107ee1d5de700a8 namespace=perf-t2-c8-i50-iso-c2-3 tp_size=1 world_size=1 token=1
2026-08-18T16:09:57.138080+00:00   INFO pegaflow_server::service: service.rs:931 Session opened: instance_id=7ec6c783-f6cf-44ef-90aa-a4b900d3ae33-0ca4583cacbc490aa0eafb8c7ed110f1 namespace=perf-t2-c8-i50-iso-c2-5 tp_size=1 world_size=1 token=2
2026-08-18T16:09:57.351860+00:00   INFO pegaflow_server::service: service.rs:931 Session opened: instance_id=76f776ed-61ca-4ea6-b32a-cfaaa0d0e246-058d652efb9c49d4a32866006a751a2a namespace=perf-t2-c8-i50-iso-c2-6 tp_size=1 world_size=1 token=3
2026-08-18T16:10:00.717194+00:00   INFO pegaflow_server::service: service.rs:931 Session opened: instance_id=779c6530-8965-4ae2-8fc6-4f3d1fcd2810-41c1289da3434c0da74ff5fbaa8f610d namespace=perf-t2-c8-i50-iso-c2-2 tp_size=1 world_size=1 token=4
2026-08-18T16:10:00.973361+00:00   INFO pegaflow_server::service: service.rs:931 Session opened: instance_id=71e5834a-3448-428c-81d5-60581405e0b7-71f41e9c7cff488e8de23677d6280b8f namespace=perf-t2-c8-i50-iso-c2-1 tp_size=1 world_size=1 token=5
2026-08-18T16:10:07.831134+00:00   INFO pegaflow_server::service: service.rs:931 Session opened: instance_id=763a84da-4019-404a-93d6-db99c36e221b-bf5ff68ef06944a5a551747b7f6142c1 namespace=perf-t2-c8-i50-iso-c2-0 tp_size=1 world_size=1 token=6
2026-08-18T16:10:07.918235+00:00   INFO pegaflow_server::service: service.rs:931 Session opened: instance_id=ce33f447-1789-4e21-81ad-b97eaf8a9933-ae93c443feef4a8a9e4bd26ba6bf940e namespace=perf-t2-c8-i50-iso-c2-4 tp_size=1 world_size=1 token=7
2026-08-18T16:10:08.890269+00:00   INFO pegaflow_server::service: service.rs:931 Session opened: instance_id=7687b15e-25ff-4bff-b788-cf60bf109551-8ee0e81cb46f417bba387cd61a53c67a namespace=perf-t2-c8-i50-iso-c2-7 tp_size=1 world_size=1 token=8
2026-08-18T16:10:15.146096+00:00   INFO pegaflow_core::storage::prefetch: prefetch.rs:316 Prefetch local-hit timing: req_id=cmpl-perf-8829148c3cc1-0-ace3eeef total_keys=76 hit=0 missing=76 key_build=50.72µs cache_scan=20.86µs task_schedule=7.13µs total=174.07µs
2026-08-18T16:10:47.220493+00:00   INFO pegaflow_core::storage::prefetch: prefetch.rs:316 Prefetch local-hit timing: req_id=cmpl-perf-75db6bfda133-0-9894b4d0 total_keys=76 hit=0 missing=76 key_build=62.771µs cache_scan=22.06µs task_schedule=6.89µs total=125.561µs
2026-08-18T16:10:47.225958+00:00   INFO pegaflow_core::storage::prefetch: prefetch.rs:316 Prefetch local-hit timing: req_id=cmpl-perf-05bcbd7743c9-0-b02af32e total_keys=76 hit=0 missing=76 key_build=42.99µs cache_scan=8.82µs task_schedule=2.32µs total=65.83µs
2026-08-18T16:10:47.227527+00:00   INFO pegaflow_core::storage::prefetch: prefetch.rs:316 Prefetch local-hit timing: req_id=cmpl-perf-c5fa26c4140d-0-af4d7b8d total_keys=76 hit=0 missing=76 key_build=42.38µs cache_scan=5.97µs task_schedule=2.03µs total=60.12µs
2026-08-18T16:10:47.227680+00:00   INFO pegaflow_core::storage::prefetch: prefetch.rs:316 Prefetch local-hit timing: req_id=cmpl-perf-ac4cdcfd56a2-0-8ceeb96c total_keys=76 hit=0 missing=76 key_build=45.91µs cache_scan=5.53µs task_schedule=1.72µs total=61.69µs
2026-08-18T16:10:47.228192+00:00   INFO pegaflow_core::storage::prefetch: prefetch.rs:316 Prefetch local-hit timing: req_id=cmpl-perf-34f9a54c5663-0-88aed21d total_keys=76 hit=0 missing=76 key_build=79.96µs cache_scan=8.13µs task_schedule=2.78µs total=107.08µs
2026-08-18T16:10:47.229056+00:00   INFO pegaflow_core::storage::prefetch: prefetch.rs:316 Prefetch local-hit timing: req_id=cmpl-perf-24ed12899ae8-0-ab0ca112 total_keys=76 hit=0 missing=76 key_build=39.031µs cache_scan=6.27µs task_schedule=2.21µs total=57.581µs
2026-08-18T16:10:47.231921+00:00   INFO pegaflow_core::storage::prefetch: prefetch.rs:316 Prefetch local-hit timing: req_id=cmpl-perf-d0222f21a9cb-0-a904b428 total_keys=76 hit=0 missing=76 key_build=44.05µs cache_scan=6.19µs task_schedule=2.19µs total=62.43µs
2026-08-18T16:10:50.666790+00:00   INFO pegaflow_core::storage::prefetch: prefetch.rs:316 Prefetch local-hit timing: req_id=cmpl-perf-28074d26dfec-0-838ab3a6 total_keys=1 hit=0 missing=1 key_build=10.31µs cache_scan=26.57µs task_schedule=7.18µs total=72.05µs
2026-08-18T16:10:50.666824+00:00   INFO pegaflow_core::storage::prefetch: prefetch.rs:316 Prefetch local-hit timing: req_id=cmpl-perf-b8c316dbfaa7-0-be6d11f5 total_keys=1 hit=0 missing=1 key_build=4.96µs cache_scan=7.39µs task_schedule=2.44µs total=29.18µs
2026-08-18T16:10:50.666973+00:00   INFO pegaflow_core::storage::prefetch: prefetch.rs:316 Prefetch local-hit timing: req_id=cmpl-perf-b75f99198814-0-820fc550 total_keys=1 hit=0 missing=1 key_build=4.78µs cache_scan=6.67µs task_schedule=2.28µs total=27.23µs
2026-08-18T16:10:50.667922+00:00   INFO pegaflow_core::storage::prefetch: prefetch.rs:316 Prefetch local-hit timing: req_id=cmpl-perf-c6be8bea6b47-0-9f6160fb total_keys=1 hit=0 missing=1 key_build=4.73µs cache_scan=6.95µs task_schedule=2.17µs total=27.03µs
2026-08-18T16:10:50.668270+00:00   INFO pegaflow_core::storage::prefetch: prefetch.rs:316 Prefetch local-hit timing: req_id=cmpl-perf-80c74fa751c5-0-97fd51dd total_keys=1 hit=0 missing=1 key_build=4.03µs cache_scan=6.32µs task_schedule=2.03µs total=22.21µs
2026-08-18T16:10:50.670040+00:00   INFO pegaflow_core::storage::prefetch: prefetch.rs:316 Prefetch local-hit timing: req_id=cmpl-perf-1555450c6963-0-a5eed762 total_keys=1 hit=0 missing=1 key_build=12.08µs cache_scan=21.77µs task_schedule=6.61µs total=78.54µs
2026-08-18T16:10:50.671309+00:00   INFO pegaflow_core::storage::prefetch: prefetch.rs:316 Prefetch local-hit timing: req_id=cmpl-perf-70d6800e90d1-0-aa31abeb total_keys=1 hit=0 missing=1 key_build=4.21µs cache_scan=6.45µs task_schedule=1.99µs total=22.73µs
2026-08-18T16:10:50.671729+00:00   INFO pegaflow_core::storage::prefetch: prefetch.rs:316 Prefetch local-hit timing: req_id=cmpl-perf-433466c741d4-0-b661e0f5 total_keys=1 hit=0 missing=1 key_build=5.16µs cache_scan=7.06µs task_schedule=2.48µs total=29.1µs
2026-08-18T16:10:57.630898+00:00   INFO pegaflow_server::service: service.rs:955 Session closed: instance_id=26edd69c-b45e-4f72-9bb0-56c9aa548293-75c3c09fee424a30b107ee1d5de700a8 token=1 — running cleanup
2026-08-18T16:10:58.239844+00:00   INFO pegaflow_core: lib.rs:471 Unregistered instance: 26edd69c-b45e-4f72-9bb0-56c9aa548293-75c3c09fee424a30b107ee1d5de700a8
2026-08-18T16:10:59.046142+00:00   INFO pegaflow_server::service: service.rs:955 Session closed: instance_id=7ec6c783-f6cf-44ef-90aa-a4b900d3ae33-0ca4583cacbc490aa0eafb8c7ed110f1 token=2 — running cleanup
2026-08-18T16:10:59.644306+00:00   INFO pegaflow_server::service: service.rs:59 Session cleanup (stream closed): dropped 72 device tensors for instance 7ec6c783-f6cf-44ef-90aa-a4b900d3ae33-0ca4583cacbc490aa0eafb8c7ed110f1
2026-08-18T16:10:59.644593+00:00   INFO pegaflow_core: lib.rs:471 Unregistered instance: 7ec6c783-f6cf-44ef-90aa-a4b900d3ae33-0ca4583cacbc490aa0eafb8c7ed110f1
2026-08-18T16:11:00.261512+00:00   INFO pegaflow_server::service: service.rs:955 Session closed: instance_id=76f776ed-61ca-4ea6-b32a-cfaaa0d0e246-058d652efb9c49d4a32866006a751a2a token=3 — running cleanup
2026-08-18T16:11:00.920976+00:00   INFO pegaflow_core: lib.rs:471 Unregistered instance: 76f776ed-61ca-4ea6-b32a-cfaaa0d0e246-058d652efb9c49d4a32866006a751a2a
2026-08-18T16:11:01.626247+00:00   INFO pegaflow_server::service: service.rs:955 Session closed: instance_id=779c6530-8965-4ae2-8fc6-4f3d1fcd2810-41c1289da3434c0da74ff5fbaa8f610d token=4 — running cleanup
2026-08-18T16:11:02.279581+00:00   INFO pegaflow_core: lib.rs:471 Unregistered instance: 779c6530-8965-4ae2-8fc6-4f3d1fcd2810-41c1289da3434c0da74ff5fbaa8f610d
2026-08-18T16:11:02.949546+00:00   INFO pegaflow_server::service: service.rs:955 Session closed: instance_id=71e5834a-3448-428c-81d5-60581405e0b7-71f41e9c7cff488e8de23677d6280b8f token=5 — running cleanup
2026-08-18T16:11:03.602506+00:00   INFO pegaflow_server::service: service.rs:59 Session cleanup (stream closed): dropped 72 device tensors for instance 71e5834a-3448-428c-81d5-60581405e0b7-71f41e9c7cff488e8de23677d6280b8f
2026-08-18T16:11:03.602757+00:00   INFO pegaflow_core: lib.rs:471 Unregistered instance: 71e5834a-3448-428c-81d5-60581405e0b7-71f41e9c7cff488e8de23677d6280b8f
2026-08-18T16:11:04.308783+00:00   INFO pegaflow_server::service: service.rs:955 Session closed: instance_id=ce33f447-1789-4e21-81ad-b97eaf8a9933-ae93c443feef4a8a9e4bd26ba6bf940e token=7 — running cleanup
2026-08-18T16:11:04.954457+00:00   INFO pegaflow_server::service: service.rs:59 Session cleanup (stream closed): dropped 72 device tensors for instance ce33f447-1789-4e21-81ad-b97eaf8a9933-ae93c443feef4a8a9e4bd26ba6bf940e
2026-08-18T16:11:04.954701+00:00   INFO pegaflow_core: lib.rs:471 Unregistered instance: ce33f447-1789-4e21-81ad-b97eaf8a9933-ae93c443feef4a8a9e4bd26ba6bf940e
2026-08-18T16:11:05.723255+00:00   INFO pegaflow_server::service: service.rs:955 Session closed: instance_id=763a84da-4019-404a-93d6-db99c36e221b-bf5ff68ef06944a5a551747b7f6142c1 token=6 — running cleanup
2026-08-18T16:11:06.374479+00:00   INFO pegaflow_core: lib.rs:471 Unregistered instance: 763a84da-4019-404a-93d6-db99c36e221b-bf5ff68ef06944a5a551747b7f6142c1
2026-08-18T16:11:07.239941+00:00   INFO pegaflow_server::service: service.rs:955 Session closed: instance_id=7687b15e-25ff-4bff-b788-cf60bf109551-8ee0e81cb46f417bba387cd61a53c67a token=8 — running cleanup
2026-08-18T16:11:07.821384+00:00   INFO pegaflow_server::service: service.rs:59 Session cleanup (stream closed): dropped 72 device tensors for instance 7687b15e-25ff-4bff-b788-cf60bf109551-8ee0e81cb46f417bba387cd61a53c67a
2026-08-18T16:11:07.821635+00:00   INFO pegaflow_core: lib.rs:471 Unregistered instance: 7687b15e-25ff-4bff-b788-cf60bf109551-8ee0e81cb46f417bba387cd61a53c67a
