2026-08-18T13:12:33.109302+00:00   INFO pegaflow_server: lib.rs:480 Starting pega-engine-server v0.23.3
2026-08-18T13:12:33.931992+00:00   INFO pegaflow_server: lib.rs:319 Ascend ACL runtime initialized, device 0 set as current
2026-08-18T13:12:33.932239+00:00   INFO pegaflow_server::check_ascend_version: check_ascend_version.rs:40 Ascend preflight: minimum required version 1.16.0
2026-08-18T13:12:33.932326+00:00   INFO pegaflow_server::check_ascend_version: check_ascend_version.rs:52 Ascend preflight: runtime version 1.17.0 detected
2026-08-18T13:12:33.932411+00:00   INFO pegaflow_server: lib.rs:498 Using specified device(s): [0, 1, 2, 3, 4, 5, 6, 7]
2026-08-18T13:12:42.940729+00:00   INFO pegaflow_server: lib.rs:397 Initialized context for device 0 in 0.01s
2026-08-18T13:12:43.681569+00:00   INFO pegaflow_server: lib.rs:397 Initialized context for device 1 in 0.74s
2026-08-18T13:12:44.414995+00:00   INFO pegaflow_server: lib.rs:397 Initialized context for device 2 in 0.73s
2026-08-18T13:12:45.170652+00:00   INFO pegaflow_server: lib.rs:397 Initialized context for device 3 in 0.76s
2026-08-18T13:12:45.912356+00:00   INFO pegaflow_server: lib.rs:397 Initialized context for device 4 in 0.74s
2026-08-18T13:12:46.649323+00:00   INFO pegaflow_server: lib.rs:397 Initialized context for device 5 in 0.74s
2026-08-18T13:12:47.437725+00:00   INFO pegaflow_server: lib.rs:397 Initialized context for device 6 in 0.79s
2026-08-18T13:12:48.191706+00:00   INFO pegaflow_server: lib.rs:397 Initialized context for device 7 in 0.75s
2026-08-18T13:12:48.191977+00:00   INFO pegaflow_server: lib.rs:507 Device runtime initialized for 8 device(s): [0, 1, 2, 3, 4, 5, 6, 7]
2026-08-18T13:12:48.192349+00:00   INFO pegaflow_server: lib.rs:528 Creating PegaEngine with pinned memory pool: 16.00 GiB (17179869184 bytes), hugepages=false
2026-08-18T13:12:48.220073+00:00   INFO pegaflow_server: lib.rs:446 Prometheus metrics exporter enabled
2026-08-18T13:12:48.222165+00:00   INFO opentelemetry: metrics.rs:29  name="MeterProvider.GlobalSet" message=Global meter provider is set. Meters can now be created using global::meter() or global::meter_with_scope().
2026-08-18T13:12:53.609755+00:00   INFO pegaflow_common::numa: numa.rs:650 === Device-NUMA Topology ===
2026-08-18T13:12:53.609923+00:00   INFO pegaflow_common::numa: numa.rs:651 NUMA nodes: 8
2026-08-18T13:12:53.609970+00:00   INFO pegaflow_common::numa: numa.rs:659   Device 0 -> NUMA6
2026-08-18T13:12:53.609996+00:00   INFO pegaflow_common::numa: numa.rs:659   Device 1 -> NUMA0
2026-08-18T13:12:53.610017+00:00   INFO pegaflow_common::numa: numa.rs:659   Device 2 -> NUMA6
2026-08-18T13:12:53.610037+00:00   INFO pegaflow_common::numa: numa.rs:659   Device 3 -> NUMA0
2026-08-18T13:12:53.610056+00:00   INFO pegaflow_common::numa: numa.rs:659   Device 4 -> NUMA4
2026-08-18T13:12:53.610074+00:00   INFO pegaflow_common::numa: numa.rs:659   Device 5 -> NUMA2
2026-08-18T13:12:53.610094+00:00   INFO pegaflow_common::numa: numa.rs:659   Device 6 -> NUMA4
2026-08-18T13:12:53.610113+00:00   INFO pegaflow_common::numa: numa.rs:659   Device 7 -> NUMA2
2026-08-18T13:12:53.610176+00:00   INFO pegaflow_core: lib.rs:163 Auto-enabling NUMA-aware memory allocation for 4 GPU-local NUMA nodes (8 CPU NUMA nodes detected)
2026-08-18T13:12:53.610203+00:00   INFO pegaflow_core::storage: mod.rs:150 Creating NUMA-aware pinned pools for 4 nodes
2026-08-18T13:12:53.610241+00:00   INFO pegaflow_core::pinned_pool: pinned_pool.rs:547 Creating NUMA-aware pools: total=16.0 GiB, nodes=4, per_node=4.0 GiB, shards_per_node=1
2026-08-18T13:12:53.611797+00:00   INFO pegaflow_core::pinned_pool: pinned_pool.rs:203 Allocating pinned memory pool with aclrtMallocHost mapped pages
2026-08-18T13:12:53.611985+00:00   INFO pegaflow_core::pinned_pool: pinned_pool.rs:262 Ascend pinned pool on NUMA node NUMA0 → using device 1
2026-08-18T13:12:53.783499+00:00   INFO pegaflow_core::pinned_pool: pinned_pool.rs:213 Pinned pool: backing_size=4.0 GiB, unit_size=512 B, max_units=8388608, allocatable_size=4.0 GiB
2026-08-18T13:12:54.126081+00:00   INFO pegaflow_core::pinned_pool: pinned_pool.rs:580 Created pinned pool on NUMA0: capacity=4.0 GiB
2026-08-18T13:12:54.127081+00:00   INFO pegaflow_core::pinned_pool: pinned_pool.rs:203 Allocating pinned memory pool with aclrtMallocHost mapped pages
2026-08-18T13:12:54.127233+00:00   INFO pegaflow_core::pinned_pool: pinned_pool.rs:262 Ascend pinned pool on NUMA node NUMA2 → using device 5
2026-08-18T13:12:54.297249+00:00   INFO pegaflow_core::pinned_pool: pinned_pool.rs:213 Pinned pool: backing_size=4.0 GiB, unit_size=512 B, max_units=8388608, allocatable_size=4.0 GiB
2026-08-18T13:12:54.640908+00:00   INFO pegaflow_core::pinned_pool: pinned_pool.rs:580 Created pinned pool on NUMA2: capacity=4.0 GiB
2026-08-18T13:12:54.641815+00:00   INFO pegaflow_core::pinned_pool: pinned_pool.rs:203 Allocating pinned memory pool with aclrtMallocHost mapped pages
2026-08-18T13:12:54.641996+00:00   INFO pegaflow_core::pinned_pool: pinned_pool.rs:262 Ascend pinned pool on NUMA node NUMA4 → using device 6
2026-08-18T13:12:54.812953+00:00   INFO pegaflow_core::pinned_pool: pinned_pool.rs:213 Pinned pool: backing_size=4.0 GiB, unit_size=512 B, max_units=8388608, allocatable_size=4.0 GiB
2026-08-18T13:12:55.157242+00:00   INFO pegaflow_core::pinned_pool: pinned_pool.rs:580 Created pinned pool on NUMA4: capacity=4.0 GiB
2026-08-18T13:12:55.158131+00:00   INFO pegaflow_core::pinned_pool: pinned_pool.rs:203 Allocating pinned memory pool with aclrtMallocHost mapped pages
2026-08-18T13:12:55.158327+00:00   INFO pegaflow_core::pinned_pool: pinned_pool.rs:262 Ascend pinned pool on NUMA node NUMA6 → using device 2
2026-08-18T13:12:55.323645+00:00   INFO pegaflow_core::pinned_pool: pinned_pool.rs:213 Pinned pool: backing_size=4.0 GiB, unit_size=512 B, max_units=8388608, allocatable_size=4.0 GiB
2026-08-18T13:12:55.660910+00:00   INFO pegaflow_core::pinned_pool: pinned_pool.rs:580 Created pinned pool on NUMA6: capacity=4.0 GiB
2026-08-18T13:12:55.661833+00:00   INFO pegaflow_server: lib.rs:688 Background GC task started (interval=60s, inflight_max_age=5m, failed_remote_max_age=5m)
2026-08-18T13:12:55.662360+00:00   INFO pegaflow_server::http_server: http_server.rs:187 Starting HTTP server on 0.0.0.0:9091 (/health, /metrics, /instances, /instances/cleanup, /cache/memory/cleanup)
2026-08-18T13:12:55.662497+00:00   INFO pegaflow_server: lib.rs:716 PegaEngine gRPC server listening on 0.0.0.0:50080
2026-08-18T13:14:54.975161+00:00   INFO pegaflow_server::registry: registry.rs:217 IPC import timing: device_id=2 size_bytes=533725184 import_ms=11.79 (perf-t1)
2026-08-18T13:14:54.980090+00:00   INFO pegaflow_server::registry: registry.rs:217 IPC import timing: device_id=2 size_bytes=533725184 import_ms=2.95 (perf-t1)
2026-08-18T13:14:54.983592+00:00   INFO pegaflow_server::registry: registry.rs:217 IPC import timing: device_id=2 size_bytes=533725184 import_ms=2.91 (perf-t1)
2026-08-18T13:14:55.004548+00:00   INFO pegaflow_server::registry: registry.rs:217 IPC import timing: device_id=2 size_bytes=533725184 import_ms=20.44 (perf-t1)
2026-08-18T13:14:55.008100+00:00   INFO pegaflow_server::registry: registry.rs:217 IPC import timing: device_id=2 size_bytes=533725184 import_ms=2.98 (perf-t1)
2026-08-18T13:14:55.011544+00:00   INFO pegaflow_server::registry: registry.rs:217 IPC import timing: device_id=2 size_bytes=533725184 import_ms=2.92 (perf-t1)
2026-08-18T13:14:55.014945+00:00   INFO pegaflow_server::registry: registry.rs:217 IPC import timing: device_id=2 size_bytes=533725184 import_ms=2.90 (perf-t1)
2026-08-18T13:14:55.018600+00:00   INFO pegaflow_server::registry: registry.rs:217 IPC import timing: device_id=2 size_bytes=533725184 import_ms=3.13 (perf-t1)
2026-08-18T13:14:55.021876+00:00   INFO pegaflow_server::registry: registry.rs:217 IPC import timing: device_id=2 size_bytes=533725184 import_ms=2.74 (perf-t1)
2026-08-18T13:14:55.029038+00:00   INFO pegaflow_server::registry: registry.rs:217 IPC import timing: device_id=2 size_bytes=533725184 import_ms=6.24 (perf-t1)
2026-08-18T13:14:55.038424+00:00   INFO pegaflow_server::registry: registry.rs:217 IPC import timing: device_id=2 size_bytes=533725184 import_ms=8.81 (perf-t1)
2026-08-18T13:14:55.041836+00:00   INFO pegaflow_server::registry: registry.rs:217 IPC import timing: device_id=2 size_bytes=533725184 import_ms=2.90 (perf-t1)
2026-08-18T13:14:55.045248+00:00   INFO pegaflow_server::registry: registry.rs:217 IPC import timing: device_id=2 size_bytes=533725184 import_ms=2.91 (perf-t1)
2026-08-18T13:14:55.051733+00:00   INFO pegaflow_server::registry: registry.rs:217 IPC import timing: device_id=2 size_bytes=533725184 import_ms=5.97 (perf-t1)
2026-08-18T13:14:55.055124+00:00   INFO pegaflow_server::registry: registry.rs:217 IPC import timing: device_id=2 size_bytes=533725184 import_ms=2.89 (perf-t1)
2026-08-18T13:14:55.059091+00:00   INFO pegaflow_server::registry: registry.rs:217 IPC import timing: device_id=2 size_bytes=533725184 import_ms=3.37 (perf-t1)
2026-08-18T13:14:55.063351+00:00   INFO pegaflow_server::registry: registry.rs:217 IPC import timing: device_id=2 size_bytes=533725184 import_ms=3.75 (perf-t1)
2026-08-18T13:14:55.066639+00:00   INFO pegaflow_server::registry: registry.rs:217 IPC import timing: device_id=2 size_bytes=533725184 import_ms=2.79 (perf-t1)
2026-08-18T13:14:55.070012+00:00   INFO pegaflow_server::registry: registry.rs:217 IPC import timing: device_id=2 size_bytes=533725184 import_ms=2.87 (perf-t1)
2026-08-18T13:14:55.073383+00:00   INFO pegaflow_server::registry: registry.rs:217 IPC import timing: device_id=2 size_bytes=533725184 import_ms=2.84 (perf-t1)
2026-08-18T13:14:55.076672+00:00   INFO pegaflow_server::registry: registry.rs:217 IPC import timing: device_id=2 size_bytes=533725184 import_ms=2.76 (perf-t1)
2026-08-18T13:14:55.080193+00:00   INFO pegaflow_server::registry: registry.rs:217 IPC import timing: device_id=2 size_bytes=533725184 import_ms=2.98 (perf-t1)
2026-08-18T13:14:55.083503+00:00   INFO pegaflow_server::registry: registry.rs:217 IPC import timing: device_id=2 size_bytes=533725184 import_ms=2.77 (perf-t1)
2026-08-18T13:14:55.088001+00:00   INFO pegaflow_server::registry: registry.rs:217 IPC import timing: device_id=2 size_bytes=533725184 import_ms=4.02 (perf-t1)
2026-08-18T13:14:55.091302+00:00   INFO pegaflow_server::registry: registry.rs:217 IPC import timing: device_id=2 size_bytes=533725184 import_ms=2.77 (perf-t1)
2026-08-18T13:14:55.094761+00:00   INFO pegaflow_server::registry: registry.rs:217 IPC import timing: device_id=2 size_bytes=533725184 import_ms=2.93 (perf-t1)
2026-08-18T13:14:55.098034+00:00   INFO pegaflow_server::registry: registry.rs:217 IPC import timing: device_id=2 size_bytes=533725184 import_ms=2.76 (perf-t1)
2026-08-18T13:14:55.101433+00:00   INFO pegaflow_server::registry: registry.rs:217 IPC import timing: device_id=2 size_bytes=533725184 import_ms=2.88 (perf-t1)
2026-08-18T13:14:55.104785+00:00   INFO pegaflow_server::registry: registry.rs:217 IPC import timing: device_id=2 size_bytes=533725184 import_ms=2.81 (perf-t1)
2026-08-18T13:14:55.110125+00:00   INFO pegaflow_server::registry: registry.rs:217 IPC import timing: device_id=2 size_bytes=533725184 import_ms=4.68 (perf-t1)
2026-08-18T13:14:55.113912+00:00   INFO pegaflow_server::registry: registry.rs:217 IPC import timing: device_id=2 size_bytes=533725184 import_ms=3.27 (perf-t1)
2026-08-18T13:14:55.117242+00:00   INFO pegaflow_server::registry: registry.rs:217 IPC import timing: device_id=2 size_bytes=533725184 import_ms=2.76 (perf-t1)
2026-08-18T13:14:55.120642+00:00   INFO pegaflow_server::registry: registry.rs:217 IPC import timing: device_id=2 size_bytes=533725184 import_ms=2.89 (perf-t1)
2026-08-18T13:14:55.124007+00:00   INFO pegaflow_server::registry: registry.rs:217 IPC import timing: device_id=2 size_bytes=533725184 import_ms=2.86 (perf-t1)
2026-08-18T13:14:55.127563+00:00   INFO pegaflow_server::registry: registry.rs:217 IPC import timing: device_id=2 size_bytes=533725184 import_ms=3.03 (perf-t1)
2026-08-18T13:14:55.140639+00:00   INFO pegaflow_server::registry: registry.rs:217 IPC import timing: device_id=2 size_bytes=533725184 import_ms=12.59 (perf-t1)
2026-08-18T13:14:55.144058+00:00   INFO pegaflow_server::registry: registry.rs:217 IPC import timing: device_id=2 size_bytes=533725184 import_ms=2.91 (perf-t1)
2026-08-18T13:14:55.147323+00:00   INFO pegaflow_server::registry: registry.rs:217 IPC import timing: device_id=2 size_bytes=533725184 import_ms=2.73 (perf-t1)
2026-08-18T13:14:55.151558+00:00   INFO pegaflow_server::registry: registry.rs:217 IPC import timing: device_id=2 size_bytes=533725184 import_ms=3.73 (perf-t1)
2026-08-18T13:14:55.154786+00:00   INFO pegaflow_server::registry: registry.rs:217 IPC import timing: device_id=2 size_bytes=533725184 import_ms=2.74 (perf-t1)
2026-08-18T13:14:55.158490+00:00   INFO pegaflow_server::registry: registry.rs:217 IPC import timing: device_id=2 size_bytes=533725184 import_ms=3.18 (perf-t1)
2026-08-18T13:14:55.161796+00:00   INFO pegaflow_server::registry: registry.rs:217 IPC import timing: device_id=2 size_bytes=533725184 import_ms=2.77 (perf-t1)
2026-08-18T13:14:55.165053+00:00   INFO pegaflow_server::registry: registry.rs:217 IPC import timing: device_id=2 size_bytes=533725184 import_ms=2.75 (perf-t1)
2026-08-18T13:14:55.168518+00:00   INFO pegaflow_server::registry: registry.rs:217 IPC import timing: device_id=2 size_bytes=533725184 import_ms=2.95 (perf-t1)
2026-08-18T13:14:55.171869+00:00   INFO pegaflow_server::registry: registry.rs:217 IPC import timing: device_id=2 size_bytes=533725184 import_ms=2.84 (perf-t1)
2026-08-18T13:14:55.176376+00:00   INFO pegaflow_server::registry: registry.rs:217 IPC import timing: device_id=2 size_bytes=533725184 import_ms=3.99 (perf-t1)
2026-08-18T13:14:55.179966+00:00   INFO pegaflow_server::registry: registry.rs:217 IPC import timing: device_id=2 size_bytes=533725184 import_ms=3.06 (perf-t1)
2026-08-18T13:14:55.183332+00:00   INFO pegaflow_server::registry: registry.rs:217 IPC import timing: device_id=2 size_bytes=533725184 import_ms=2.85 (perf-t1)
2026-08-18T13:14:55.186587+00:00   INFO pegaflow_server::registry: registry.rs:217 IPC import timing: device_id=2 size_bytes=533725184 import_ms=2.76 (perf-t1)
2026-08-18T13:14:55.190036+00:00   INFO pegaflow_server::registry: registry.rs:217 IPC import timing: device_id=2 size_bytes=533725184 import_ms=2.93 (perf-t1)
2026-08-18T13:14:55.193342+00:00   INFO pegaflow_server::registry: registry.rs:217 IPC import timing: device_id=2 size_bytes=533725184 import_ms=2.80 (perf-t1)
2026-08-18T13:14:55.196694+00:00   INFO pegaflow_server::registry: registry.rs:217 IPC import timing: device_id=2 size_bytes=533725184 import_ms=2.81 (perf-t1)
2026-08-18T13:14:55.200092+00:00   INFO pegaflow_server::registry: registry.rs:217 IPC import timing: device_id=2 size_bytes=533725184 import_ms=2.84 (perf-t1)
2026-08-18T13:14:55.203384+00:00   INFO pegaflow_server::registry: registry.rs:217 IPC import timing: device_id=2 size_bytes=533725184 import_ms=2.76 (perf-t1)
2026-08-18T13:14:55.207018+00:00   INFO pegaflow_server::registry: registry.rs:217 IPC import timing: device_id=2 size_bytes=533725184 import_ms=3.14 (perf-t1)
2026-08-18T13:14:55.211791+00:00   INFO pegaflow_server::registry: registry.rs:217 IPC import timing: device_id=2 size_bytes=533725184 import_ms=4.25 (perf-t1)
2026-08-18T13:14:55.215122+00:00   INFO pegaflow_server::registry: registry.rs:217 IPC import timing: device_id=2 size_bytes=533725184 import_ms=2.82 (perf-t1)
2026-08-18T13:14:55.218531+00:00   INFO pegaflow_server::registry: registry.rs:217 IPC import timing: device_id=2 size_bytes=533725184 import_ms=2.75 (perf-t1)
2026-08-18T13:14:55.222322+00:00   INFO pegaflow_server::registry: registry.rs:217 IPC import timing: device_id=2 size_bytes=533725184 import_ms=3.25 (perf-t1)
2026-08-18T13:14:55.225678+00:00   INFO pegaflow_server::registry: registry.rs:217 IPC import timing: device_id=2 size_bytes=533725184 import_ms=2.79 (perf-t1)
2026-08-18T13:14:55.229076+00:00   INFO pegaflow_server::registry: registry.rs:217 IPC import timing: device_id=2 size_bytes=533725184 import_ms=2.89 (perf-t1)
2026-08-18T13:14:55.234082+00:00   INFO pegaflow_server::registry: registry.rs:217 IPC import timing: device_id=2 size_bytes=533725184 import_ms=4.47 (perf-t1)
2026-08-18T13:14:55.239247+00:00   INFO pegaflow_server::registry: registry.rs:217 IPC import timing: device_id=2 size_bytes=533725184 import_ms=4.62 (perf-t1)
2026-08-18T13:14:55.242640+00:00   INFO pegaflow_server::registry: registry.rs:217 IPC import timing: device_id=2 size_bytes=533725184 import_ms=2.88 (perf-t1)
2026-08-18T13:14:55.245973+00:00   INFO pegaflow_server::registry: registry.rs:217 IPC import timing: device_id=2 size_bytes=533725184 import_ms=2.82 (perf-t1)
2026-08-18T13:14:55.252475+00:00   INFO pegaflow_server::registry: registry.rs:217 IPC import timing: device_id=2 size_bytes=533725184 import_ms=5.95 (perf-t1)
2026-08-18T13:14:55.256129+00:00   INFO pegaflow_server::registry: registry.rs:217 IPC import timing: device_id=2 size_bytes=533725184 import_ms=3.14 (perf-t1)
2026-08-18T13:14:55.259485+00:00   INFO pegaflow_server::registry: registry.rs:217 IPC import timing: device_id=2 size_bytes=533725184 import_ms=2.84 (perf-t1)
2026-08-18T13:14:55.262854+00:00   INFO pegaflow_server::registry: registry.rs:217 IPC import timing: device_id=2 size_bytes=533725184 import_ms=2.86 (perf-t1)
2026-08-18T13:14:55.266329+00:00   INFO pegaflow_server::registry: registry.rs:217 IPC import timing: device_id=2 size_bytes=533725184 import_ms=2.96 (perf-t1)
2026-08-18T13:14:55.269668+00:00   INFO pegaflow_server::registry: registry.rs:217 IPC import timing: device_id=2 size_bytes=533725184 import_ms=2.84 (perf-t1)
2026-08-18T13:14:55.273065+00:00   INFO pegaflow_server::registry: registry.rs:217 IPC import timing: device_id=2 size_bytes=533725184 import_ms=2.85 (perf-t1)
2026-08-18T13:14:55.276574+00:00   INFO pegaflow_core::gpu_worker: gpu_worker.rs:338 GPU worker initialized: device=2 backend=ascend_batch device_id=2
2026-08-18T13:14:55.276727+00:00   INFO pegaflow_core::gpu_worker: gpu_worker.rs:338 GPU worker initialized: device=2 backend=ascend_batch device_id=2
2026-08-18T13:14:55.277053+00:00   INFO pegaflow_core::gpu_worker: gpu_worker.rs:200 GPU worker pool started: device=2, numa_node=NUMA6, transfer_mode=AscendDirect
2026-08-18T13:14:55.277808+00:00   INFO pegaflow_core::instance: instance.rs:706 Sealed instance topology: instance=1d304949-cbf0-40e2-907b-695119669407-200452c17acc4937826685671baa273e, num_layers=72, tp_size=1, world_size=1, total_slots=72
2026-08-18T13:14:55.277862+00:00   INFO pegaflow_core::instance: instance.rs:719 Initialized GPU context: device_id=2, numa_node=NUMA6
2026-08-18T13:14:55.277893+00:00   INFO pegaflow_core: lib.rs:452 Registered context batch: instance=1d304949-cbf0-40e2-907b-695119669407-200452c17acc4937826685671baa273e, namespace=perf-t2-c4-i0-iso-c2-2, device=2, layers=72, tp_rank=0/1, pp_rank=0
2026-08-18T13:15:01.078720+00:00   INFO pegaflow_server::registry: registry.rs:217 IPC import timing: device_id=6 size_bytes=533725184 import_ms=89.77 (perf-t1)
2026-08-18T13:15:01.174869+00:00   INFO pegaflow_server::registry: registry.rs:217 IPC import timing: device_id=6 size_bytes=533725184 import_ms=94.73 (perf-t1)
2026-08-18T13:15:01.222058+00:00   INFO pegaflow_server::registry: registry.rs:217 IPC import timing: device_id=6 size_bytes=533725184 import_ms=46.16 (perf-t1)
2026-08-18T13:15:01.270471+00:00   INFO pegaflow_server::registry: registry.rs:217 IPC import timing: device_id=6 size_bytes=533725184 import_ms=47.80 (perf-t1)
2026-08-18T13:15:01.314194+00:00   INFO pegaflow_server::registry: registry.rs:217 IPC import timing: device_id=6 size_bytes=533725184 import_ms=42.75 (perf-t1)
2026-08-18T13:15:01.374098+00:00   INFO pegaflow_server::registry: registry.rs:217 IPC import timing: device_id=6 size_bytes=533725184 import_ms=54.79 (perf-t1)
2026-08-18T13:15:01.470427+00:00   INFO pegaflow_server::registry: registry.rs:217 IPC import timing: device_id=6 size_bytes=533725184 import_ms=95.57 (perf-t1)
2026-08-18T13:15:01.565886+00:00   INFO pegaflow_server::registry: registry.rs:217 IPC import timing: device_id=6 size_bytes=533725184 import_ms=94.72 (perf-t1)
2026-08-18T13:15:01.661883+00:00   INFO pegaflow_server::registry: registry.rs:217 IPC import timing: device_id=6 size_bytes=533725184 import_ms=95.27 (perf-t1)
2026-08-18T13:15:01.758070+00:00   INFO pegaflow_server::registry: registry.rs:217 IPC import timing: device_id=6 size_bytes=533725184 import_ms=95.47 (perf-t1)
2026-08-18T13:15:01.861035+00:00   INFO pegaflow_server::registry: registry.rs:217 IPC import timing: device_id=6 size_bytes=533725184 import_ms=102.28 (perf-t1)
2026-08-18T13:15:01.950004+00:00   INFO pegaflow_server::registry: registry.rs:217 IPC import timing: device_id=6 size_bytes=533725184 import_ms=88.22 (perf-t1)
2026-08-18T13:15:02.045871+00:00   INFO pegaflow_server::registry: registry.rs:217 IPC import timing: device_id=6 size_bytes=533725184 import_ms=95.10 (perf-t1)
2026-08-18T13:15:02.149264+00:00   INFO pegaflow_server::registry: registry.rs:217 IPC import timing: device_id=6 size_bytes=533725184 import_ms=102.77 (perf-t1)
2026-08-18T13:15:02.245800+00:00   INFO pegaflow_server::registry: registry.rs:217 IPC import timing: device_id=6 size_bytes=533725184 import_ms=95.89 (perf-t1)
2026-08-18T13:15:02.341674+00:00   INFO pegaflow_server::registry: registry.rs:217 IPC import timing: device_id=6 size_bytes=533725184 import_ms=95.25 (perf-t1)
2026-08-18T13:15:02.438111+00:00   INFO pegaflow_server::registry: registry.rs:217 IPC import timing: device_id=6 size_bytes=533725184 import_ms=95.88 (perf-t1)
2026-08-18T13:15:02.533857+00:00   INFO pegaflow_server::registry: registry.rs:217 IPC import timing: device_id=6 size_bytes=533725184 import_ms=94.90 (perf-t1)
2026-08-18T13:15:02.582066+00:00   INFO pegaflow_server::registry: registry.rs:217 IPC import timing: device_id=6 size_bytes=533725184 import_ms=47.50 (perf-t1)
2026-08-18T13:15:02.630013+00:00   INFO pegaflow_server::registry: registry.rs:217 IPC import timing: device_id=6 size_bytes=533725184 import_ms=47.33 (perf-t1)
2026-08-18T13:15:02.667707+00:00   INFO pegaflow_server::registry: registry.rs:217 IPC import timing: device_id=6 size_bytes=533725184 import_ms=37.10 (perf-t1)
2026-08-18T13:15:02.726171+00:00   INFO pegaflow_server::registry: registry.rs:217 IPC import timing: device_id=6 size_bytes=533725184 import_ms=57.88 (perf-t1)
2026-08-18T13:15:02.764123+00:00   INFO pegaflow_server::registry: registry.rs:217 IPC import timing: device_id=6 size_bytes=533725184 import_ms=37.35 (perf-t1)
2026-08-18T13:15:02.814716+00:00   INFO pegaflow_server::registry: registry.rs:217 IPC import timing: device_id=6 size_bytes=533725184 import_ms=49.98 (perf-t1)
2026-08-18T13:15:02.819692+00:00   INFO pegaflow_server::registry: registry.rs:217 IPC import timing: device_id=6 size_bytes=533725184 import_ms=4.41 (perf-t1)
2026-08-18T13:15:02.855705+00:00   INFO pegaflow_server::registry: registry.rs:217 IPC import timing: device_id=6 size_bytes=533725184 import_ms=35.48 (perf-t1)
2026-08-18T13:15:02.903676+00:00   INFO pegaflow_server::registry: registry.rs:217 IPC import timing: device_id=6 size_bytes=533725184 import_ms=47.35 (perf-t1)
2026-08-18T13:15:02.952002+00:00   INFO pegaflow_server::registry: registry.rs:217 IPC import timing: device_id=6 size_bytes=533725184 import_ms=47.76 (perf-t1)
2026-08-18T13:15:02.996754+00:00   INFO pegaflow_server::registry: registry.rs:217 IPC import timing: device_id=6 size_bytes=533725184 import_ms=44.16 (perf-t1)
2026-08-18T13:15:03.047907+00:00   INFO pegaflow_server::registry: registry.rs:217 IPC import timing: device_id=6 size_bytes=533725184 import_ms=50.50 (perf-t1)
2026-08-18T13:15:03.095481+00:00   INFO pegaflow_server::registry: registry.rs:217 IPC import timing: device_id=6 size_bytes=533725184 import_ms=47.01 (perf-t1)
2026-08-18T13:15:03.141603+00:00   INFO pegaflow_server::registry: registry.rs:217 IPC import timing: device_id=6 size_bytes=533725184 import_ms=45.51 (perf-t1)
2026-08-18T13:15:03.187582+00:00   INFO pegaflow_server::registry: registry.rs:217 IPC import timing: device_id=6 size_bytes=533725184 import_ms=45.38 (perf-t1)
2026-08-18T13:15:03.238386+00:00   INFO pegaflow_server::registry: registry.rs:217 IPC import timing: device_id=6 size_bytes=533725184 import_ms=50.27 (perf-t1)
2026-08-18T13:15:03.283487+00:00   INFO pegaflow_server::registry: registry.rs:217 IPC import timing: device_id=6 size_bytes=533725184 import_ms=44.57 (perf-t1)
2026-08-18T13:15:03.331591+00:00   INFO pegaflow_server::registry: registry.rs:217 IPC import timing: device_id=6 size_bytes=533725184 import_ms=47.52 (perf-t1)
2026-08-18T13:15:03.335573+00:00   INFO pegaflow_server::registry: registry.rs:217 IPC import timing: device_id=6 size_bytes=533725184 import_ms=3.42 (perf-t1)
2026-08-18T13:15:03.385434+00:00   INFO pegaflow_server::registry: registry.rs:217 IPC import timing: device_id=6 size_bytes=533725184 import_ms=49.34 (perf-t1)
2026-08-18T13:15:03.389128+00:00   INFO pegaflow_server::registry: registry.rs:217 IPC import timing: device_id=6 size_bytes=533725184 import_ms=3.13 (perf-t1)
2026-08-18T13:15:03.433921+00:00   INFO pegaflow_server::registry: registry.rs:217 IPC import timing: device_id=6 size_bytes=533725184 import_ms=44.21 (perf-t1)
2026-08-18T13:15:03.438596+00:00   INFO pegaflow_server::registry: registry.rs:217 IPC import timing: device_id=6 size_bytes=533725184 import_ms=3.88 (perf-t1)
2026-08-18T13:15:03.483755+00:00   INFO pegaflow_server::registry: registry.rs:217 IPC import timing: device_id=6 size_bytes=533725184 import_ms=44.52 (perf-t1)
2026-08-18T13:15:03.487951+00:00   INFO pegaflow_server::registry: registry.rs:217 IPC import timing: device_id=6 size_bytes=533725184 import_ms=3.55 (perf-t1)
2026-08-18T13:15:03.532129+00:00   INFO pegaflow_server::registry: registry.rs:217 IPC import timing: device_id=6 size_bytes=533725184 import_ms=43.62 (perf-t1)
2026-08-18T13:15:03.536736+00:00   INFO pegaflow_server::registry: registry.rs:217 IPC import timing: device_id=6 size_bytes=533725184 import_ms=3.96 (perf-t1)
2026-08-18T13:15:03.579931+00:00   INFO pegaflow_server::registry: registry.rs:217 IPC import timing: device_id=6 size_bytes=533725184 import_ms=42.67 (perf-t1)
2026-08-18T13:15:03.583434+00:00   INFO pegaflow_server::registry: registry.rs:217 IPC import timing: device_id=6 size_bytes=533725184 import_ms=2.95 (perf-t1)
2026-08-18T13:15:03.627572+00:00   INFO pegaflow_server::registry: registry.rs:217 IPC import timing: device_id=6 size_bytes=533725184 import_ms=43.60 (perf-t1)
2026-08-18T13:15:03.630938+00:00   INFO pegaflow_server::registry: registry.rs:217 IPC import timing: device_id=6 size_bytes=533725184 import_ms=2.83 (perf-t1)
2026-08-18T13:15:03.675693+00:00   INFO pegaflow_server::registry: registry.rs:217 IPC import timing: device_id=6 size_bytes=533725184 import_ms=44.22 (perf-t1)
2026-08-18T13:15:03.679212+00:00   INFO pegaflow_server::registry: registry.rs:217 IPC import timing: device_id=6 size_bytes=533725184 import_ms=2.91 (perf-t1)
2026-08-18T13:15:03.682696+00:00   INFO pegaflow_server::registry: registry.rs:217 IPC import timing: device_id=6 size_bytes=533725184 import_ms=2.96 (perf-t1)
2026-08-18T13:15:03.686297+00:00   INFO pegaflow_server::registry: registry.rs:217 IPC import timing: device_id=6 size_bytes=533725184 import_ms=3.08 (perf-t1)
2026-08-18T13:15:03.689771+00:00   INFO pegaflow_server::registry: registry.rs:217 IPC import timing: device_id=6 size_bytes=533725184 import_ms=2.92 (perf-t1)
2026-08-18T13:15:03.693445+00:00   INFO pegaflow_server::registry: registry.rs:217 IPC import timing: device_id=6 size_bytes=533725184 import_ms=3.15 (perf-t1)
2026-08-18T13:15:03.696756+00:00   INFO pegaflow_server::registry: registry.rs:217 IPC import timing: device_id=6 size_bytes=533725184 import_ms=2.79 (perf-t1)
2026-08-18T13:15:03.701172+00:00   INFO pegaflow_server::registry: registry.rs:217 IPC import timing: device_id=6 size_bytes=533725184 import_ms=3.90 (perf-t1)
2026-08-18T13:15:03.709844+00:00   INFO pegaflow_server::registry: registry.rs:217 IPC import timing: device_id=6 size_bytes=533725184 import_ms=8.06 (perf-t1)
2026-08-18T13:15:03.713491+00:00   INFO pegaflow_server::registry: registry.rs:217 IPC import timing: device_id=6 size_bytes=533725184 import_ms=3.13 (perf-t1)
2026-08-18T13:15:03.722733+00:00   INFO pegaflow_server::registry: registry.rs:217 IPC import timing: device_id=6 size_bytes=533725184 import_ms=8.67 (perf-t1)
2026-08-18T13:15:03.727393+00:00   INFO pegaflow_server::registry: registry.rs:217 IPC import timing: device_id=6 size_bytes=533725184 import_ms=4.09 (perf-t1)
2026-08-18T13:15:03.731242+00:00   INFO pegaflow_server::registry: registry.rs:217 IPC import timing: device_id=6 size_bytes=533725184 import_ms=3.32 (perf-t1)
2026-08-18T13:15:03.735763+00:00   INFO pegaflow_server::registry: registry.rs:217 IPC import timing: device_id=6 size_bytes=533725184 import_ms=4.00 (perf-t1)
2026-08-18T13:15:03.739452+00:00   INFO pegaflow_server::registry: registry.rs:217 IPC import timing: device_id=6 size_bytes=533725184 import_ms=3.16 (perf-t1)
2026-08-18T13:15:03.742967+00:00   INFO pegaflow_server::registry: registry.rs:217 IPC import timing: device_id=6 size_bytes=533725184 import_ms=3.00 (perf-t1)
2026-08-18T13:15:03.746454+00:00   INFO pegaflow_server::registry: registry.rs:217 IPC import timing: device_id=6 size_bytes=533725184 import_ms=2.97 (perf-t1)
2026-08-18T13:15:03.749854+00:00   INFO pegaflow_server::registry: registry.rs:217 IPC import timing: device_id=6 size_bytes=533725184 import_ms=2.87 (perf-t1)
2026-08-18T13:15:03.757082+00:00   INFO pegaflow_server::registry: registry.rs:217 IPC import timing: device_id=6 size_bytes=533725184 import_ms=6.72 (perf-t1)
2026-08-18T13:15:03.760496+00:00   INFO pegaflow_server::registry: registry.rs:217 IPC import timing: device_id=6 size_bytes=533725184 import_ms=2.89 (perf-t1)
2026-08-18T13:15:03.764038+00:00   INFO pegaflow_server::registry: registry.rs:217 IPC import timing: device_id=6 size_bytes=533725184 import_ms=3.00 (perf-t1)
2026-08-18T13:15:03.767451+00:00   INFO pegaflow_server::registry: registry.rs:217 IPC import timing: device_id=6 size_bytes=533725184 import_ms=2.88 (perf-t1)
2026-08-18T13:15:03.770870+00:00   INFO pegaflow_server::registry: registry.rs:217 IPC import timing: device_id=6 size_bytes=533725184 import_ms=2.91 (perf-t1)
2026-08-18T13:15:03.774780+00:00   INFO pegaflow_server::registry: registry.rs:217 IPC import timing: device_id=4 size_bytes=533725184 import_ms=3.14 (perf-t1)
2026-08-18T13:15:03.775217+00:00   INFO pegaflow_core::gpu_worker: gpu_worker.rs:338 GPU worker initialized: device=6 backend=ascend_batch device_id=6
2026-08-18T13:15:03.775388+00:00   INFO pegaflow_core::gpu_worker: gpu_worker.rs:338 GPU worker initialized: device=6 backend=ascend_batch device_id=6
2026-08-18T13:15:03.775630+00:00   INFO pegaflow_core::gpu_worker: gpu_worker.rs:200 GPU worker pool started: device=6, numa_node=NUMA4, transfer_mode=AscendDirect
2026-08-18T13:15:03.776413+00:00   INFO pegaflow_core::instance: instance.rs:706 Sealed instance topology: instance=7bd50606-9142-406a-92cc-62928230a4a7-8ed4c74438254c34bcdb24d676b26484, num_layers=72, tp_size=1, world_size=1, total_slots=72
2026-08-18T13:15:03.776503+00:00   INFO pegaflow_core::instance: instance.rs:719 Initialized GPU context: device_id=6, numa_node=NUMA4
2026-08-18T13:15:03.776539+00:00   INFO pegaflow_core: lib.rs:452 Registered context batch: instance=7bd50606-9142-406a-92cc-62928230a4a7-8ed4c74438254c34bcdb24d676b26484, namespace=perf-t2-c4-i0-iso-c2-6, device=6, layers=72, tp_rank=0/1, pp_rank=0
2026-08-18T13:15:03.778596+00:00   INFO pegaflow_server::registry: registry.rs:217 IPC import timing: device_id=4 size_bytes=533725184 import_ms=3.23 (perf-t1)
2026-08-18T13:15:03.782177+00:00   INFO pegaflow_server::registry: registry.rs:217 IPC import timing: device_id=4 size_bytes=533725184 import_ms=3.06 (perf-t1)
2026-08-18T13:15:03.785962+00:00   INFO pegaflow_server::registry: registry.rs:217 IPC import timing: device_id=4 size_bytes=533725184 import_ms=3.24 (perf-t1)
2026-08-18T13:15:03.789856+00:00   INFO pegaflow_server::registry: registry.rs:217 IPC import timing: device_id=4 size_bytes=533725184 import_ms=3.35 (perf-t1)
2026-08-18T13:15:03.836724+00:00   INFO pegaflow_server::registry: registry.rs:217 IPC import timing: device_id=4 size_bytes=533725184 import_ms=46.34 (perf-t1)
2026-08-18T13:15:03.840683+00:00   INFO pegaflow_server::registry: registry.rs:217 IPC import timing: device_id=4 size_bytes=533725184 import_ms=3.42 (perf-t1)
2026-08-18T13:15:03.846433+00:00   INFO pegaflow_server::registry: registry.rs:217 IPC import timing: device_id=4 size_bytes=533725184 import_ms=5.24 (perf-t1)
2026-08-18T13:15:03.849864+00:00   INFO pegaflow_server::registry: registry.rs:217 IPC import timing: device_id=4 size_bytes=533725184 import_ms=2.90 (perf-t1)
2026-08-18T13:15:03.853513+00:00   INFO pegaflow_server::registry: registry.rs:217 IPC import timing: device_id=4 size_bytes=533725184 import_ms=3.12 (perf-t1)
2026-08-18T13:15:03.859106+00:00   INFO pegaflow_server::registry: registry.rs:217 IPC import timing: device_id=4 size_bytes=533725184 import_ms=5.00 (perf-t1)
2026-08-18T13:15:03.862749+00:00   INFO pegaflow_server::registry: registry.rs:217 IPC import timing: device_id=4 size_bytes=533725184 import_ms=3.12 (perf-t1)
2026-08-18T13:15:03.866270+00:00   INFO pegaflow_server::registry: registry.rs:217 IPC import timing: device_id=4 size_bytes=533725184 import_ms=3.00 (perf-t1)
2026-08-18T13:15:03.869710+00:00   INFO pegaflow_server::registry: registry.rs:217 IPC import timing: device_id=4 size_bytes=533725184 import_ms=2.94 (perf-t1)
2026-08-18T13:15:03.873123+00:00   INFO pegaflow_server::registry: registry.rs:217 IPC import timing: device_id=4 size_bytes=533725184 import_ms=2.90 (perf-t1)
2026-08-18T13:15:03.876444+00:00   INFO pegaflow_server::registry: registry.rs:217 IPC import timing: device_id=4 size_bytes=533725184 import_ms=2.77 (perf-t1)
2026-08-18T13:15:03.879796+00:00   INFO pegaflow_server::registry: registry.rs:217 IPC import timing: device_id=4 size_bytes=533725184 import_ms=2.84 (perf-t1)
2026-08-18T13:15:03.883130+00:00   INFO pegaflow_server::registry: registry.rs:217 IPC import timing: device_id=4 size_bytes=533725184 import_ms=2.81 (perf-t1)
2026-08-18T13:15:03.888170+00:00   INFO pegaflow_server::registry: registry.rs:217 IPC import timing: device_id=4 size_bytes=533725184 import_ms=4.51 (perf-t1)
2026-08-18T13:15:03.891482+00:00   INFO pegaflow_server::registry: registry.rs:217 IPC import timing: device_id=4 size_bytes=533725184 import_ms=2.79 (perf-t1)
2026-08-18T13:15:03.894787+00:00   INFO pegaflow_server::registry: registry.rs:217 IPC import timing: device_id=4 size_bytes=533725184 import_ms=2.77 (perf-t1)
2026-08-18T13:15:03.898235+00:00   INFO pegaflow_server::registry: registry.rs:217 IPC import timing: device_id=4 size_bytes=533725184 import_ms=2.93 (perf-t1)
2026-08-18T13:15:03.901526+00:00   INFO pegaflow_server::registry: registry.rs:217 IPC import timing: device_id=4 size_bytes=533725184 import_ms=2.79 (perf-t1)
2026-08-18T13:15:03.904909+00:00   INFO pegaflow_server::registry: registry.rs:217 IPC import timing: device_id=4 size_bytes=533725184 import_ms=2.87 (perf-t1)
2026-08-18T13:15:03.909261+00:00   INFO pegaflow_server::registry: registry.rs:217 IPC import timing: device_id=4 size_bytes=533725184 import_ms=3.80 (perf-t1)
2026-08-18T13:15:03.912716+00:00   INFO pegaflow_server::registry: registry.rs:217 IPC import timing: device_id=4 size_bytes=533725184 import_ms=2.91 (perf-t1)
2026-08-18T13:15:03.916007+00:00   INFO pegaflow_server::registry: registry.rs:217 IPC import timing: device_id=4 size_bytes=533725184 import_ms=2.77 (perf-t1)
2026-08-18T13:15:03.919813+00:00   INFO pegaflow_server::registry: registry.rs:217 IPC import timing: device_id=4 size_bytes=533725184 import_ms=3.23 (perf-t1)
2026-08-18T13:15:03.923148+00:00   INFO pegaflow_server::registry: registry.rs:217 IPC import timing: device_id=4 size_bytes=533725184 import_ms=2.82 (perf-t1)
2026-08-18T13:15:03.928035+00:00   INFO pegaflow_server::registry: registry.rs:217 IPC import timing: device_id=4 size_bytes=533725184 import_ms=4.32 (perf-t1)
2026-08-18T13:15:03.931640+00:00   INFO pegaflow_server::registry: registry.rs:217 IPC import timing: device_id=4 size_bytes=533725184 import_ms=3.05 (perf-t1)
2026-08-18T13:15:03.935053+00:00   INFO pegaflow_server::registry: registry.rs:217 IPC import timing: device_id=4 size_bytes=533725184 import_ms=2.91 (perf-t1)
2026-08-18T13:15:03.938873+00:00   INFO pegaflow_server::registry: registry.rs:217 IPC import timing: device_id=4 size_bytes=533725184 import_ms=3.29 (perf-t1)
2026-08-18T13:15:03.942206+00:00   INFO pegaflow_server::registry: registry.rs:217 IPC import timing: device_id=4 size_bytes=533725184 import_ms=2.80 (perf-t1)
2026-08-18T13:15:03.945667+00:00   INFO pegaflow_server::registry: registry.rs:217 IPC import timing: device_id=4 size_bytes=533725184 import_ms=2.95 (perf-t1)
2026-08-18T13:15:03.949616+00:00   INFO pegaflow_server::registry: registry.rs:217 IPC import timing: device_id=4 size_bytes=533725184 import_ms=2.78 (perf-t1)
2026-08-18T13:15:03.953079+00:00   INFO pegaflow_server::registry: registry.rs:217 IPC import timing: device_id=4 size_bytes=533725184 import_ms=2.93 (perf-t1)
2026-08-18T13:15:03.956418+00:00   INFO pegaflow_server::registry: registry.rs:217 IPC import timing: device_id=4 size_bytes=533725184 import_ms=2.79 (perf-t1)
2026-08-18T13:15:03.959921+00:00   INFO pegaflow_server::registry: registry.rs:217 IPC import timing: device_id=4 size_bytes=533725184 import_ms=3.01 (perf-t1)
2026-08-18T13:15:03.963229+00:00   INFO pegaflow_server::registry: registry.rs:217 IPC import timing: device_id=4 size_bytes=533725184 import_ms=2.78 (perf-t1)
2026-08-18T13:15:03.966648+00:00   INFO pegaflow_server::registry: registry.rs:217 IPC import timing: device_id=4 size_bytes=533725184 import_ms=2.92 (perf-t1)
2026-08-18T13:15:03.969964+00:00   INFO pegaflow_server::registry: registry.rs:217 IPC import timing: device_id=4 size_bytes=533725184 import_ms=2.82 (perf-t1)
2026-08-18T13:15:03.973275+00:00   INFO pegaflow_server::registry: registry.rs:217 IPC import timing: device_id=4 size_bytes=533725184 import_ms=2.79 (perf-t1)
2026-08-18T13:15:03.976820+00:00   INFO pegaflow_server::registry: registry.rs:217 IPC import timing: device_id=4 size_bytes=533725184 import_ms=3.04 (perf-t1)
2026-08-18T13:15:03.980106+00:00   INFO pegaflow_server::registry: registry.rs:217 IPC import timing: device_id=4 size_bytes=533725184 import_ms=2.78 (perf-t1)
2026-08-18T13:15:03.984749+00:00   INFO pegaflow_server::registry: registry.rs:217 IPC import timing: device_id=4 size_bytes=533725184 import_ms=4.11 (perf-t1)
2026-08-18T13:15:03.988300+00:00   INFO pegaflow_server::registry: registry.rs:217 IPC import timing: device_id=4 size_bytes=533725184 import_ms=3.04 (perf-t1)
2026-08-18T13:15:03.991654+00:00   INFO pegaflow_server::registry: registry.rs:217 IPC import timing: device_id=4 size_bytes=533725184 import_ms=2.78 (perf-t1)
2026-08-18T13:15:03.994931+00:00   INFO pegaflow_server::registry: registry.rs:217 IPC import timing: device_id=4 size_bytes=533725184 import_ms=2.76 (perf-t1)
2026-08-18T13:15:03.998377+00:00   INFO pegaflow_server::registry: registry.rs:217 IPC import timing: device_id=4 size_bytes=533725184 import_ms=2.90 (perf-t1)
2026-08-18T13:15:04.001697+00:00   INFO pegaflow_server::registry: registry.rs:217 IPC import timing: device_id=4 size_bytes=533725184 import_ms=2.82 (perf-t1)
2026-08-18T13:15:04.004997+00:00   INFO pegaflow_server::registry: registry.rs:217 IPC import timing: device_id=4 size_bytes=533725184 import_ms=2.79 (perf-t1)
2026-08-18T13:15:04.011298+00:00   INFO pegaflow_server::registry: registry.rs:217 IPC import timing: device_id=4 size_bytes=533725184 import_ms=5.78 (perf-t1)
2026-08-18T13:15:04.014598+00:00   INFO pegaflow_server::registry: registry.rs:217 IPC import timing: device_id=4 size_bytes=533725184 import_ms=2.79 (perf-t1)
2026-08-18T13:15:04.017990+00:00   INFO pegaflow_server::registry: registry.rs:217 IPC import timing: device_id=4 size_bytes=533725184 import_ms=2.88 (perf-t1)
2026-08-18T13:15:04.021520+00:00   INFO pegaflow_server::registry: registry.rs:217 IPC import timing: device_id=4 size_bytes=533725184 import_ms=3.00 (perf-t1)
2026-08-18T13:15:04.024942+00:00   INFO pegaflow_server::registry: registry.rs:217 IPC import timing: device_id=4 size_bytes=533725184 import_ms=2.93 (perf-t1)
2026-08-18T13:15:04.028259+00:00   INFO pegaflow_server::registry: registry.rs:217 IPC import timing: device_id=4 size_bytes=533725184 import_ms=2.72 (perf-t1)
2026-08-18T13:15:04.031611+00:00   INFO pegaflow_server::registry: registry.rs:217 IPC import timing: device_id=4 size_bytes=533725184 import_ms=2.81 (perf-t1)
2026-08-18T13:15:04.076361+00:00   INFO pegaflow_server::registry: registry.rs:217 IPC import timing: device_id=4 size_bytes=533725184 import_ms=44.25 (perf-t1)
2026-08-18T13:15:04.079954+00:00   INFO pegaflow_server::registry: registry.rs:217 IPC import timing: device_id=4 size_bytes=533725184 import_ms=2.98 (perf-t1)
2026-08-18T13:15:04.084287+00:00   INFO pegaflow_server::registry: registry.rs:217 IPC import timing: device_id=4 size_bytes=533725184 import_ms=3.76 (perf-t1)
2026-08-18T13:15:04.089296+00:00   INFO pegaflow_server::registry: registry.rs:217 IPC import timing: device_id=4 size_bytes=533725184 import_ms=4.47 (perf-t1)
2026-08-18T13:15:04.092623+00:00   INFO pegaflow_server::registry: registry.rs:217 IPC import timing: device_id=4 size_bytes=533725184 import_ms=2.82 (perf-t1)
2026-08-18T13:15:04.095874+00:00   INFO pegaflow_server::registry: registry.rs:217 IPC import timing: device_id=4 size_bytes=533725184 import_ms=2.73 (perf-t1)
2026-08-18T13:15:04.099239+00:00   INFO pegaflow_server::registry: registry.rs:217 IPC import timing: device_id=4 size_bytes=533725184 import_ms=2.83 (perf-t1)
2026-08-18T13:15:04.102545+00:00   INFO pegaflow_server::registry: registry.rs:217 IPC import timing: device_id=4 size_bytes=533725184 import_ms=2.80 (perf-t1)
2026-08-18T13:15:04.109288+00:00   INFO pegaflow_server::registry: registry.rs:217 IPC import timing: device_id=4 size_bytes=533725184 import_ms=6.20 (perf-t1)
2026-08-18T13:15:04.112605+00:00   INFO pegaflow_server::registry: registry.rs:217 IPC import timing: device_id=4 size_bytes=533725184 import_ms=2.81 (perf-t1)
2026-08-18T13:15:04.115939+00:00   INFO pegaflow_server::registry: registry.rs:217 IPC import timing: device_id=4 size_bytes=533725184 import_ms=2.84 (perf-t1)
2026-08-18T13:15:04.126388+00:00   INFO pegaflow_server::registry: registry.rs:217 IPC import timing: device_id=4 size_bytes=533725184 import_ms=9.92 (perf-t1)
2026-08-18T13:15:04.129731+00:00   INFO pegaflow_server::registry: registry.rs:217 IPC import timing: device_id=4 size_bytes=533725184 import_ms=2.82 (perf-t1)
2026-08-18T13:15:04.133448+00:00   INFO pegaflow_server::registry: registry.rs:217 IPC import timing: device_id=3 size_bytes=533725184 import_ms=2.99 (perf-t1)
2026-08-18T13:15:04.133864+00:00   INFO pegaflow_core::gpu_worker: gpu_worker.rs:338 GPU worker initialized: device=4 backend=ascend_batch device_id=4
2026-08-18T13:15:04.134455+00:00   INFO pegaflow_core::gpu_worker: gpu_worker.rs:338 GPU worker initialized: device=4 backend=ascend_batch device_id=4
2026-08-18T13:15:04.134721+00:00   INFO pegaflow_core::gpu_worker: gpu_worker.rs:200 GPU worker pool started: device=4, numa_node=NUMA4, transfer_mode=AscendDirect
2026-08-18T13:15:04.135396+00:00   INFO pegaflow_core::instance: instance.rs:706 Sealed instance topology: instance=6f53a1e5-50fb-479f-bea0-cb1729bf5dd4-4990a0cd1693466faaccc7614d84a326, num_layers=72, tp_size=1, world_size=1, total_slots=72
2026-08-18T13:15:04.135448+00:00   INFO pegaflow_core::instance: instance.rs:719 Initialized GPU context: device_id=4, numa_node=NUMA4
2026-08-18T13:15:04.135477+00:00   INFO pegaflow_core: lib.rs:452 Registered context batch: instance=6f53a1e5-50fb-479f-bea0-cb1729bf5dd4-4990a0cd1693466faaccc7614d84a326, namespace=perf-t2-c4-i0-iso-c2-4, device=4, layers=72, tp_rank=0/1, pp_rank=0
2026-08-18T13:15:04.137031+00:00   INFO pegaflow_server::registry: registry.rs:217 IPC import timing: device_id=3 size_bytes=533725184 import_ms=3.01 (perf-t1)
2026-08-18T13:15:04.140418+00:00   INFO pegaflow_server::registry: registry.rs:217 IPC import timing: device_id=3 size_bytes=533725184 import_ms=2.87 (perf-t1)
2026-08-18T13:15:04.143913+00:00   INFO pegaflow_server::registry: registry.rs:217 IPC import timing: device_id=3 size_bytes=533725184 import_ms=2.98 (perf-t1)
2026-08-18T13:15:04.147459+00:00   INFO pegaflow_server::registry: registry.rs:217 IPC import timing: device_id=3 size_bytes=533725184 import_ms=3.00 (perf-t1)
2026-08-18T13:15:04.151559+00:00   INFO pegaflow_server::registry: registry.rs:217 IPC import timing: device_id=3 size_bytes=533725184 import_ms=3.60 (perf-t1)
2026-08-18T13:15:04.154990+00:00   INFO pegaflow_server::registry: registry.rs:217 IPC import timing: device_id=3 size_bytes=533725184 import_ms=2.91 (perf-t1)
2026-08-18T13:15:04.159175+00:00   INFO pegaflow_server::registry: registry.rs:217 IPC import timing: device_id=3 size_bytes=533725184 import_ms=3.67 (perf-t1)
2026-08-18T13:15:04.162581+00:00   INFO pegaflow_server::registry: registry.rs:217 IPC import timing: device_id=3 size_bytes=533725184 import_ms=2.89 (perf-t1)
2026-08-18T13:15:04.166034+00:00   INFO pegaflow_server::registry: registry.rs:217 IPC import timing: device_id=3 size_bytes=533725184 import_ms=2.95 (perf-t1)
2026-08-18T13:15:04.169392+00:00   INFO pegaflow_server::registry: registry.rs:217 IPC import timing: device_id=3 size_bytes=533725184 import_ms=2.83 (perf-t1)
2026-08-18T13:15:04.172788+00:00   INFO pegaflow_server::registry: registry.rs:217 IPC import timing: device_id=3 size_bytes=533725184 import_ms=2.90 (perf-t1)
2026-08-18T13:15:04.176509+00:00   INFO pegaflow_server::registry: registry.rs:217 IPC import timing: device_id=3 size_bytes=533725184 import_ms=3.21 (perf-t1)
2026-08-18T13:15:04.179962+00:00   INFO pegaflow_server::registry: registry.rs:217 IPC import timing: device_id=3 size_bytes=533725184 import_ms=2.92 (perf-t1)
2026-08-18T13:15:04.184214+00:00   INFO pegaflow_server::registry: registry.rs:217 IPC import timing: device_id=3 size_bytes=533725184 import_ms=3.74 (perf-t1)
2026-08-18T13:15:04.187626+00:00   INFO pegaflow_server::registry: registry.rs:217 IPC import timing: device_id=3 size_bytes=533725184 import_ms=2.87 (perf-t1)
2026-08-18T13:15:04.191435+00:00   INFO pegaflow_server::registry: registry.rs:217 IPC import timing: device_id=3 size_bytes=533725184 import_ms=3.28 (perf-t1)
2026-08-18T13:15:04.195744+00:00   INFO pegaflow_server::registry: registry.rs:217 IPC import timing: device_id=3 size_bytes=533725184 import_ms=3.82 (perf-t1)
2026-08-18T13:15:04.199119+00:00   INFO pegaflow_server::registry: registry.rs:217 IPC import timing: device_id=3 size_bytes=533725184 import_ms=2.87 (perf-t1)
2026-08-18T13:15:04.202422+00:00   INFO pegaflow_server::registry: registry.rs:217 IPC import timing: device_id=3 size_bytes=533725184 import_ms=2.77 (perf-t1)
2026-08-18T13:15:04.205769+00:00   INFO pegaflow_server::registry: registry.rs:217 IPC import timing: device_id=3 size_bytes=533725184 import_ms=2.84 (perf-t1)
2026-08-18T13:15:04.212114+00:00   INFO pegaflow_server::registry: registry.rs:217 IPC import timing: device_id=3 size_bytes=533725184 import_ms=5.83 (perf-t1)
2026-08-18T13:15:04.215408+00:00   INFO pegaflow_server::registry: registry.rs:217 IPC import timing: device_id=3 size_bytes=533725184 import_ms=2.74 (perf-t1)
2026-08-18T13:15:04.218688+00:00   INFO pegaflow_server::registry: registry.rs:217 IPC import timing: device_id=3 size_bytes=533725184 import_ms=2.79 (perf-t1)
2026-08-18T13:15:04.221992+00:00   INFO pegaflow_server::registry: registry.rs:217 IPC import timing: device_id=3 size_bytes=533725184 import_ms=2.80 (perf-t1)
2026-08-18T13:15:04.225341+00:00   INFO pegaflow_server::registry: registry.rs:217 IPC import timing: device_id=3 size_bytes=533725184 import_ms=2.81 (perf-t1)
2026-08-18T13:15:04.228634+00:00   INFO pegaflow_server::registry: registry.rs:217 IPC import timing: device_id=3 size_bytes=533725184 import_ms=2.80 (perf-t1)
2026-08-18T13:15:04.232135+00:00   INFO pegaflow_server::registry: registry.rs:217 IPC import timing: device_id=3 size_bytes=533725184 import_ms=3.00 (perf-t1)
2026-08-18T13:15:04.239196+00:00   INFO pegaflow_server::registry: registry.rs:217 IPC import timing: device_id=3 size_bytes=533725184 import_ms=6.52 (perf-t1)
2026-08-18T13:15:04.243055+00:00   INFO pegaflow_server::registry: registry.rs:217 IPC import timing: device_id=3 size_bytes=533725184 import_ms=3.30 (perf-t1)
2026-08-18T13:15:04.253836+00:00   INFO pegaflow_server::registry: registry.rs:217 IPC import timing: device_id=3 size_bytes=533725184 import_ms=10.27 (perf-t1)
2026-08-18T13:15:04.258818+00:00   INFO pegaflow_server::registry: registry.rs:217 IPC import timing: device_id=3 size_bytes=533725184 import_ms=4.35 (perf-t1)
2026-08-18T13:15:04.262657+00:00   INFO pegaflow_server::registry: registry.rs:217 IPC import timing: device_id=3 size_bytes=533725184 import_ms=3.30 (perf-t1)
2026-08-18T13:15:04.265947+00:00   INFO pegaflow_server::registry: registry.rs:217 IPC import timing: device_id=3 size_bytes=533725184 import_ms=2.78 (perf-t1)
2026-08-18T13:15:04.269364+00:00   INFO pegaflow_server::registry: registry.rs:217 IPC import timing: device_id=3 size_bytes=533725184 import_ms=2.88 (perf-t1)
2026-08-18T13:15:04.272648+00:00   INFO pegaflow_server::registry: registry.rs:217 IPC import timing: device_id=3 size_bytes=533725184 import_ms=2.75 (perf-t1)
2026-08-18T13:15:04.276034+00:00   INFO pegaflow_server::registry: registry.rs:217 IPC import timing: device_id=3 size_bytes=533725184 import_ms=2.88 (perf-t1)
2026-08-18T13:15:04.279317+00:00   INFO pegaflow_server::registry: registry.rs:217 IPC import timing: device_id=3 size_bytes=533725184 import_ms=2.75 (perf-t1)
2026-08-18T13:15:04.282714+00:00   INFO pegaflow_server::registry: registry.rs:217 IPC import timing: device_id=3 size_bytes=533725184 import_ms=2.89 (perf-t1)
2026-08-18T13:15:04.288050+00:00   INFO pegaflow_server::registry: registry.rs:217 IPC import timing: device_id=3 size_bytes=533725184 import_ms=4.85 (perf-t1)
2026-08-18T13:15:04.291597+00:00   INFO pegaflow_server::registry: registry.rs:217 IPC import timing: device_id=3 size_bytes=533725184 import_ms=2.97 (perf-t1)
2026-08-18T13:15:04.294848+00:00   INFO pegaflow_server::registry: registry.rs:217 IPC import timing: device_id=3 size_bytes=533725184 import_ms=2.75 (perf-t1)
2026-08-18T13:15:04.298112+00:00   INFO pegaflow_server::registry: registry.rs:217 IPC import timing: device_id=3 size_bytes=533725184 import_ms=2.75 (perf-t1)
2026-08-18T13:15:04.301433+00:00   INFO pegaflow_server::registry: registry.rs:217 IPC import timing: device_id=3 size_bytes=533725184 import_ms=2.82 (perf-t1)
2026-08-18T13:15:04.311261+00:00   INFO pegaflow_server::registry: registry.rs:217 IPC import timing: device_id=3 size_bytes=533725184 import_ms=9.31 (perf-t1)
2026-08-18T13:15:04.314817+00:00   INFO pegaflow_server::registry: registry.rs:217 IPC import timing: device_id=3 size_bytes=533725184 import_ms=3.01 (perf-t1)
2026-08-18T13:15:04.318075+00:00   INFO pegaflow_server::registry: registry.rs:217 IPC import timing: device_id=3 size_bytes=533725184 import_ms=2.75 (perf-t1)
2026-08-18T13:15:04.321456+00:00   INFO pegaflow_server::registry: registry.rs:217 IPC import timing: device_id=3 size_bytes=533725184 import_ms=2.84 (perf-t1)
2026-08-18T13:15:04.324723+00:00   INFO pegaflow_server::registry: registry.rs:217 IPC import timing: device_id=3 size_bytes=533725184 import_ms=2.76 (perf-t1)
2026-08-18T13:15:04.328104+00:00   INFO pegaflow_server::registry: registry.rs:217 IPC import timing: device_id=3 size_bytes=533725184 import_ms=2.87 (perf-t1)
2026-08-18T13:15:04.331577+00:00   INFO pegaflow_server::registry: registry.rs:217 IPC import timing: device_id=3 size_bytes=533725184 import_ms=2.94 (perf-t1)
2026-08-18T13:15:04.334807+00:00   INFO pegaflow_server::registry: registry.rs:217 IPC import timing: device_id=3 size_bytes=533725184 import_ms=2.73 (perf-t1)
2026-08-18T13:15:04.338152+00:00   INFO pegaflow_server::registry: registry.rs:217 IPC import timing: device_id=3 size_bytes=533725184 import_ms=2.84 (perf-t1)
2026-08-18T13:15:04.341496+00:00   INFO pegaflow_server::registry: registry.rs:217 IPC import timing: device_id=3 size_bytes=533725184 import_ms=2.81 (perf-t1)
2026-08-18T13:15:04.344867+00:00   INFO pegaflow_server::registry: registry.rs:217 IPC import timing: device_id=3 size_bytes=533725184 import_ms=2.86 (perf-t1)
2026-08-18T13:15:04.348245+00:00   INFO pegaflow_server::registry: registry.rs:217 IPC import timing: device_id=3 size_bytes=533725184 import_ms=2.86 (perf-t1)
2026-08-18T13:15:04.351666+00:00   INFO pegaflow_server::registry: registry.rs:217 IPC import timing: device_id=3 size_bytes=533725184 import_ms=2.85 (perf-t1)
2026-08-18T13:15:04.355131+00:00   INFO pegaflow_server::registry: registry.rs:217 IPC import timing: device_id=3 size_bytes=533725184 import_ms=2.87 (perf-t1)
2026-08-18T13:15:04.358474+00:00   INFO pegaflow_server::registry: registry.rs:217 IPC import timing: device_id=3 size_bytes=533725184 import_ms=2.84 (perf-t1)
2026-08-18T13:15:04.361761+00:00   INFO pegaflow_server::registry: registry.rs:217 IPC import timing: device_id=3 size_bytes=533725184 import_ms=2.77 (perf-t1)
2026-08-18T13:15:04.366298+00:00   INFO pegaflow_server::registry: registry.rs:217 IPC import timing: device_id=3 size_bytes=533725184 import_ms=4.03 (perf-t1)
2026-08-18T13:15:04.370019+00:00   INFO pegaflow_server::registry: registry.rs:217 IPC import timing: device_id=3 size_bytes=533725184 import_ms=3.21 (perf-t1)
2026-08-18T13:15:04.373373+00:00   INFO pegaflow_server::registry: registry.rs:217 IPC import timing: device_id=3 size_bytes=533725184 import_ms=2.82 (perf-t1)
2026-08-18T13:15:04.376811+00:00   INFO pegaflow_server::registry: registry.rs:217 IPC import timing: device_id=3 size_bytes=533725184 import_ms=2.93 (perf-t1)
2026-08-18T13:15:04.380384+00:00   INFO pegaflow_server::registry: registry.rs:217 IPC import timing: device_id=3 size_bytes=533725184 import_ms=3.06 (perf-t1)
2026-08-18T13:15:04.383857+00:00   INFO pegaflow_server::registry: registry.rs:217 IPC import timing: device_id=3 size_bytes=533725184 import_ms=2.91 (perf-t1)
2026-08-18T13:15:04.387346+00:00   INFO pegaflow_server::registry: registry.rs:217 IPC import timing: device_id=3 size_bytes=533725184 import_ms=2.95 (perf-t1)
2026-08-18T13:15:04.390679+00:00   INFO pegaflow_server::registry: registry.rs:217 IPC import timing: device_id=3 size_bytes=533725184 import_ms=2.81 (perf-t1)
2026-08-18T13:15:04.393964+00:00   INFO pegaflow_server::registry: registry.rs:217 IPC import timing: device_id=3 size_bytes=533725184 import_ms=2.74 (perf-t1)
2026-08-18T13:15:04.397348+00:00   INFO pegaflow_server::registry: registry.rs:217 IPC import timing: device_id=3 size_bytes=533725184 import_ms=2.88 (perf-t1)
2026-08-18T13:15:04.400710+00:00   INFO pegaflow_server::registry: registry.rs:217 IPC import timing: device_id=3 size_bytes=533725184 import_ms=2.85 (perf-t1)
2026-08-18T13:15:04.404416+00:00   INFO pegaflow_server::registry: registry.rs:217 IPC import timing: device_id=3 size_bytes=533725184 import_ms=3.17 (perf-t1)
2026-08-18T13:15:04.408219+00:00   INFO pegaflow_server::registry: registry.rs:217 IPC import timing: device_id=5 size_bytes=533725184 import_ms=3.02 (perf-t1)
2026-08-18T13:15:04.408773+00:00   INFO pegaflow_core::gpu_worker: gpu_worker.rs:338 GPU worker initialized: device=3 backend=ascend_batch device_id=3
2026-08-18T13:15:04.409131+00:00   INFO pegaflow_core::gpu_worker: gpu_worker.rs:338 GPU worker initialized: device=3 backend=ascend_batch device_id=3
2026-08-18T13:15:04.409303+00:00   INFO pegaflow_core::gpu_worker: gpu_worker.rs:200 GPU worker pool started: device=3, numa_node=NUMA0, transfer_mode=AscendDirect
2026-08-18T13:15:04.409982+00:00   INFO pegaflow_core::instance: instance.rs:706 Sealed instance topology: instance=af88becf-bf05-45eb-af81-c5f49ff052fe-df73dfcd6838406cbc8d0ff6a39daae1, num_layers=72, tp_size=1, world_size=1, total_slots=72
2026-08-18T13:15:04.410034+00:00   INFO pegaflow_core::instance: instance.rs:719 Initialized GPU context: device_id=3, numa_node=NUMA0
2026-08-18T13:15:04.410062+00:00   INFO pegaflow_core: lib.rs:452 Registered context batch: instance=af88becf-bf05-45eb-af81-c5f49ff052fe-df73dfcd6838406cbc8d0ff6a39daae1, namespace=perf-t2-c4-i0-iso-c2-3, device=3, layers=72, tp_rank=0/1, pp_rank=0
2026-08-18T13:15:04.411786+00:00   INFO pegaflow_server::registry: registry.rs:217 IPC import timing: device_id=5 size_bytes=533725184 import_ms=3.04 (perf-t1)
2026-08-18T13:15:04.415219+00:00   INFO pegaflow_server::registry: registry.rs:217 IPC import timing: device_id=5 size_bytes=533725184 import_ms=2.89 (perf-t1)
2026-08-18T13:15:04.418723+00:00   INFO pegaflow_server::registry: registry.rs:217 IPC import timing: device_id=5 size_bytes=533725184 import_ms=2.97 (perf-t1)
2026-08-18T13:15:04.422181+00:00   INFO pegaflow_server::registry: registry.rs:217 IPC import timing: device_id=5 size_bytes=533725184 import_ms=2.94 (perf-t1)
2026-08-18T13:15:04.425718+00:00   INFO pegaflow_server::registry: registry.rs:217 IPC import timing: device_id=5 size_bytes=533725184 import_ms=3.01 (perf-t1)
2026-08-18T13:15:04.429183+00:00   INFO pegaflow_server::registry: registry.rs:217 IPC import timing: device_id=5 size_bytes=533725184 import_ms=2.97 (perf-t1)
2026-08-18T13:15:04.432694+00:00   INFO pegaflow_server::registry: registry.rs:217 IPC import timing: device_id=5 size_bytes=533725184 import_ms=3.01 (perf-t1)
2026-08-18T13:15:04.438170+00:00   INFO pegaflow_server::registry: registry.rs:217 IPC import timing: device_id=5 size_bytes=533725184 import_ms=4.95 (perf-t1)
2026-08-18T13:15:04.441655+00:00   INFO pegaflow_server::registry: registry.rs:217 IPC import timing: device_id=5 size_bytes=533725184 import_ms=2.98 (perf-t1)
2026-08-18T13:15:04.445139+00:00   INFO pegaflow_server::registry: registry.rs:217 IPC import timing: device_id=5 size_bytes=533725184 import_ms=2.98 (perf-t1)
2026-08-18T13:15:04.448575+00:00   INFO pegaflow_server::registry: registry.rs:217 IPC import timing: device_id=5 size_bytes=533725184 import_ms=2.92 (perf-t1)
2026-08-18T13:15:04.453575+00:00   INFO pegaflow_server::registry: registry.rs:217 IPC import timing: device_id=5 size_bytes=533725184 import_ms=4.50 (perf-t1)
2026-08-18T13:15:04.458897+00:00   INFO pegaflow_server::registry: registry.rs:217 IPC import timing: device_id=5 size_bytes=533725184 import_ms=4.72 (perf-t1)
2026-08-18T13:15:04.462621+00:00   INFO pegaflow_server::registry: registry.rs:217 IPC import timing: device_id=5 size_bytes=533725184 import_ms=3.15 (perf-t1)
2026-08-18T13:15:04.465882+00:00   INFO pegaflow_server::registry: registry.rs:217 IPC import timing: device_id=5 size_bytes=533725184 import_ms=2.75 (perf-t1)
2026-08-18T13:15:04.469290+00:00   INFO pegaflow_server::registry: registry.rs:217 IPC import timing: device_id=5 size_bytes=533725184 import_ms=2.91 (perf-t1)
2026-08-18T13:15:04.472631+00:00   INFO pegaflow_server::registry: registry.rs:217 IPC import timing: device_id=5 size_bytes=533725184 import_ms=2.81 (perf-t1)
2026-08-18T13:15:04.475996+00:00   INFO pegaflow_server::registry: registry.rs:217 IPC import timing: device_id=5 size_bytes=533725184 import_ms=2.86 (perf-t1)
2026-08-18T13:15:04.479398+00:00   INFO pegaflow_server::registry: registry.rs:217 IPC import timing: device_id=5 size_bytes=533725184 import_ms=2.89 (perf-t1)
2026-08-18T13:15:04.482881+00:00   INFO pegaflow_server::registry: registry.rs:217 IPC import timing: device_id=5 size_bytes=533725184 import_ms=2.96 (perf-t1)
2026-08-18T13:15:04.488144+00:00   INFO pegaflow_server::registry: registry.rs:217 IPC import timing: device_id=5 size_bytes=533725184 import_ms=4.77 (perf-t1)
2026-08-18T13:15:04.491421+00:00   INFO pegaflow_server::registry: registry.rs:217 IPC import timing: device_id=5 size_bytes=533725184 import_ms=2.76 (perf-t1)
2026-08-18T13:15:04.494863+00:00   INFO pegaflow_server::registry: registry.rs:217 IPC import timing: device_id=5 size_bytes=533725184 import_ms=2.93 (perf-t1)
2026-08-18T13:15:04.498212+00:00   INFO pegaflow_server::registry: registry.rs:217 IPC import timing: device_id=5 size_bytes=533725184 import_ms=2.84 (perf-t1)
2026-08-18T13:15:04.501540+00:00   INFO pegaflow_server::registry: registry.rs:217 IPC import timing: device_id=5 size_bytes=533725184 import_ms=2.84 (perf-t1)
2026-08-18T13:15:04.507802+00:00   INFO pegaflow_server::registry: registry.rs:217 IPC import timing: device_id=5 size_bytes=533725184 import_ms=5.76 (perf-t1)
2026-08-18T13:15:04.511276+00:00   INFO pegaflow_server::registry: registry.rs:217 IPC import timing: device_id=5 size_bytes=533725184 import_ms=2.97 (perf-t1)
2026-08-18T13:15:04.514545+00:00   INFO pegaflow_server::registry: registry.rs:217 IPC import timing: device_id=5 size_bytes=533725184 import_ms=2.77 (perf-t1)
2026-08-18T13:15:04.518979+00:00   INFO pegaflow_server::registry: registry.rs:217 IPC import timing: device_id=5 size_bytes=533725184 import_ms=3.88 (perf-t1)
2026-08-18T13:15:04.522817+00:00   INFO pegaflow_server::registry: registry.rs:217 IPC import timing: device_id=5 size_bytes=533725184 import_ms=3.30 (perf-t1)
2026-08-18T13:15:04.526126+00:00   INFO pegaflow_server::registry: registry.rs:217 IPC import timing: device_id=5 size_bytes=533725184 import_ms=2.81 (perf-t1)
2026-08-18T13:15:04.531863+00:00   INFO pegaflow_server::registry: registry.rs:217 IPC import timing: device_id=5 size_bytes=533725184 import_ms=5.24 (perf-t1)
2026-08-18T13:15:04.546231+00:00   INFO pegaflow_server::registry: registry.rs:217 IPC import timing: device_id=5 size_bytes=533725184 import_ms=13.80 (perf-t1)
2026-08-18T13:15:04.549789+00:00   INFO pegaflow_server::registry: registry.rs:217 IPC import timing: device_id=5 size_bytes=533725184 import_ms=3.04 (perf-t1)
2026-08-18T13:15:04.553948+00:00   INFO pegaflow_server::registry: registry.rs:217 IPC import timing: device_id=5 size_bytes=533725184 import_ms=3.66 (perf-t1)
2026-08-18T13:15:04.562029+00:00   INFO pegaflow_server::registry: registry.rs:217 IPC import timing: device_id=5 size_bytes=533725184 import_ms=7.56 (perf-t1)
2026-08-18T13:15:04.569508+00:00   INFO pegaflow_server::registry: registry.rs:217 IPC import timing: device_id=5 size_bytes=533725184 import_ms=6.97 (perf-t1)
2026-08-18T13:15:04.574685+00:00   INFO pegaflow_server::registry: registry.rs:217 IPC import timing: device_id=5 size_bytes=533725184 import_ms=4.69 (perf-t1)
2026-08-18T13:15:04.579653+00:00   INFO pegaflow_server::registry: registry.rs:217 IPC import timing: device_id=5 size_bytes=533725184 import_ms=4.44 (perf-t1)
2026-08-18T13:15:04.583106+00:00   INFO pegaflow_server::registry: registry.rs:217 IPC import timing: device_id=5 size_bytes=533725184 import_ms=2.95 (perf-t1)
2026-08-18T13:15:04.586400+00:00   INFO pegaflow_server::registry: registry.rs:217 IPC import timing: device_id=5 size_bytes=533725184 import_ms=2.80 (perf-t1)
2026-08-18T13:15:04.589926+00:00   INFO pegaflow_server::registry: registry.rs:217 IPC import timing: device_id=5 size_bytes=533725184 import_ms=3.00 (perf-t1)
2026-08-18T13:15:04.593497+00:00   INFO pegaflow_server::registry: registry.rs:217 IPC import timing: device_id=5 size_bytes=533725184 import_ms=3.04 (perf-t1)
2026-08-18T13:15:04.597292+00:00   INFO pegaflow_server::registry: registry.rs:217 IPC import timing: device_id=5 size_bytes=533725184 import_ms=3.28 (perf-t1)
2026-08-18T13:15:04.602011+00:00   INFO pegaflow_server::registry: registry.rs:217 IPC import timing: device_id=5 size_bytes=533725184 import_ms=4.19 (perf-t1)
2026-08-18T13:15:04.605662+00:00   INFO pegaflow_server::registry: registry.rs:217 IPC import timing: device_id=5 size_bytes=533725184 import_ms=3.14 (perf-t1)
2026-08-18T13:15:04.611118+00:00   INFO pegaflow_server::registry: registry.rs:217 IPC import timing: device_id=5 size_bytes=533725184 import_ms=4.94 (perf-t1)
2026-08-18T13:15:04.614485+00:00   INFO pegaflow_server::registry: registry.rs:217 IPC import timing: device_id=5 size_bytes=533725184 import_ms=2.84 (perf-t1)
2026-08-18T13:15:04.617826+00:00   INFO pegaflow_server::registry: registry.rs:217 IPC import timing: device_id=5 size_bytes=533725184 import_ms=2.83 (perf-t1)
2026-08-18T13:15:04.621441+00:00   INFO pegaflow_server::registry: registry.rs:217 IPC import timing: device_id=5 size_bytes=533725184 import_ms=3.12 (perf-t1)
2026-08-18T13:15:04.624797+00:00   INFO pegaflow_server::registry: registry.rs:217 IPC import timing: device_id=5 size_bytes=533725184 import_ms=2.83 (perf-t1)
2026-08-18T13:15:04.628188+00:00   INFO pegaflow_server::registry: registry.rs:217 IPC import timing: device_id=5 size_bytes=533725184 import_ms=2.89 (perf-t1)
2026-08-18T13:15:04.631648+00:00   INFO pegaflow_server::registry: registry.rs:217 IPC import timing: device_id=5 size_bytes=533725184 import_ms=2.93 (perf-t1)
2026-08-18T13:15:04.635082+00:00   INFO pegaflow_server::registry: registry.rs:217 IPC import timing: device_id=5 size_bytes=533725184 import_ms=2.89 (perf-t1)
2026-08-18T13:15:04.638357+00:00   INFO pegaflow_server::registry: registry.rs:217 IPC import timing: device_id=5 size_bytes=533725184 import_ms=2.77 (perf-t1)
2026-08-18T13:15:04.641748+00:00   INFO pegaflow_server::registry: registry.rs:217 IPC import timing: device_id=5 size_bytes=533725184 import_ms=2.89 (perf-t1)
2026-08-18T13:15:04.645195+00:00   INFO pegaflow_server::registry: registry.rs:217 IPC import timing: device_id=5 size_bytes=533725184 import_ms=2.85 (perf-t1)
2026-08-18T13:15:04.648599+00:00   INFO pegaflow_server::registry: registry.rs:217 IPC import timing: device_id=5 size_bytes=533725184 import_ms=2.90 (perf-t1)
2026-08-18T13:15:04.653610+00:00   INFO pegaflow_server::registry: registry.rs:217 IPC import timing: device_id=5 size_bytes=533725184 import_ms=4.50 (perf-t1)
2026-08-18T13:15:04.658894+00:00   INFO pegaflow_server::registry: registry.rs:217 IPC import timing: device_id=5 size_bytes=533725184 import_ms=4.75 (perf-t1)
2026-08-18T13:15:04.663922+00:00   INFO pegaflow_server::registry: registry.rs:217 IPC import timing: device_id=5 size_bytes=533725184 import_ms=4.46 (perf-t1)
2026-08-18T13:15:04.667636+00:00   INFO pegaflow_server::registry: registry.rs:217 IPC import timing: device_id=5 size_bytes=533725184 import_ms=3.18 (perf-t1)
2026-08-18T13:15:04.671055+00:00   INFO pegaflow_server::registry: registry.rs:217 IPC import timing: device_id=5 size_bytes=533725184 import_ms=2.87 (perf-t1)
2026-08-18T13:15:04.674377+00:00   INFO pegaflow_server::registry: registry.rs:217 IPC import timing: device_id=5 size_bytes=533725184 import_ms=2.80 (perf-t1)
2026-08-18T13:15:04.677808+00:00   INFO pegaflow_server::registry: registry.rs:217 IPC import timing: device_id=5 size_bytes=533725184 import_ms=2.90 (perf-t1)
2026-08-18T13:15:04.681341+00:00   INFO pegaflow_server::registry: registry.rs:217 IPC import timing: device_id=5 size_bytes=533725184 import_ms=2.98 (perf-t1)
2026-08-18T13:15:04.684898+00:00   INFO pegaflow_server::registry: registry.rs:217 IPC import timing: device_id=5 size_bytes=533725184 import_ms=3.04 (perf-t1)
2026-08-18T13:15:04.688274+00:00   INFO pegaflow_server::registry: registry.rs:217 IPC import timing: device_id=5 size_bytes=533725184 import_ms=2.86 (perf-t1)
2026-08-18T13:15:04.691776+00:00   INFO pegaflow_server::registry: registry.rs:217 IPC import timing: device_id=5 size_bytes=533725184 import_ms=2.94 (perf-t1)
2026-08-18T13:15:04.695134+00:00   INFO pegaflow_server::registry: registry.rs:217 IPC import timing: device_id=5 size_bytes=533725184 import_ms=2.86 (perf-t1)
2026-08-18T13:15:04.698509+00:00   INFO pegaflow_server::registry: registry.rs:217 IPC import timing: device_id=5 size_bytes=533725184 import_ms=2.87 (perf-t1)
2026-08-18T13:15:04.702114+00:00   INFO pegaflow_core::gpu_worker: gpu_worker.rs:338 GPU worker initialized: device=5 backend=ascend_batch device_id=5
2026-08-18T13:15:04.702327+00:00   INFO pegaflow_core::gpu_worker: gpu_worker.rs:338 GPU worker initialized: device=5 backend=ascend_batch device_id=5
2026-08-18T13:15:04.702404+00:00   INFO pegaflow_server::registry: registry.rs:217 IPC import timing: device_id=0 size_bytes=533725184 import_ms=3.14 (perf-t1)
2026-08-18T13:15:04.702565+00:00   INFO pegaflow_core::gpu_worker: gpu_worker.rs:200 GPU worker pool started: device=5, numa_node=NUMA2, transfer_mode=AscendDirect
2026-08-18T13:15:04.703207+00:00   INFO pegaflow_core::instance: instance.rs:706 Sealed instance topology: instance=ad2c9e09-e777-43d0-b2af-741e0c3ffcf1-a89264e0043348d881ffeefeeb244066, num_layers=72, tp_size=1, world_size=1, total_slots=72
2026-08-18T13:15:04.703258+00:00   INFO pegaflow_core::instance: instance.rs:719 Initialized GPU context: device_id=5, numa_node=NUMA2
2026-08-18T13:15:04.703292+00:00   INFO pegaflow_core: lib.rs:452 Registered context batch: instance=ad2c9e09-e777-43d0-b2af-741e0c3ffcf1-a89264e0043348d881ffeefeeb244066, namespace=perf-t2-c4-i0-iso-c2-5, device=5, layers=72, tp_rank=0/1, pp_rank=0
2026-08-18T13:15:04.709296+00:00   INFO pegaflow_server::registry: registry.rs:217 IPC import timing: device_id=0 size_bytes=533725184 import_ms=6.34 (perf-t1)
2026-08-18T13:15:04.712706+00:00   INFO pegaflow_server::registry: registry.rs:217 IPC import timing: device_id=0 size_bytes=533725184 import_ms=2.88 (perf-t1)
2026-08-18T13:15:04.716112+00:00   INFO pegaflow_server::registry: registry.rs:217 IPC import timing: device_id=0 size_bytes=533725184 import_ms=2.91 (perf-t1)
2026-08-18T13:15:04.719907+00:00   INFO pegaflow_server::registry: registry.rs:217 IPC import timing: device_id=0 size_bytes=533725184 import_ms=3.21 (perf-t1)
2026-08-18T13:15:04.723450+00:00   INFO pegaflow_server::registry: registry.rs:217 IPC import timing: device_id=0 size_bytes=533725184 import_ms=3.01 (perf-t1)
2026-08-18T13:15:04.727157+00:00   INFO pegaflow_server::registry: registry.rs:217 IPC import timing: device_id=0 size_bytes=533725184 import_ms=3.22 (perf-t1)
2026-08-18T13:15:04.730727+00:00   INFO pegaflow_server::registry: registry.rs:217 IPC import timing: device_id=0 size_bytes=533725184 import_ms=3.04 (perf-t1)
2026-08-18T13:15:04.734125+00:00   INFO pegaflow_server::registry: registry.rs:217 IPC import timing: device_id=0 size_bytes=533725184 import_ms=2.89 (perf-t1)
2026-08-18T13:15:04.737627+00:00   INFO pegaflow_server::registry: registry.rs:217 IPC import timing: device_id=0 size_bytes=533725184 import_ms=2.99 (perf-t1)
2026-08-18T13:15:04.740987+00:00   INFO pegaflow_server::registry: registry.rs:217 IPC import timing: device_id=0 size_bytes=533725184 import_ms=2.83 (perf-t1)
2026-08-18T13:15:04.744371+00:00   INFO pegaflow_server::registry: registry.rs:217 IPC import timing: device_id=0 size_bytes=533725184 import_ms=2.86 (perf-t1)
2026-08-18T13:15:04.747823+00:00   INFO pegaflow_server::registry: registry.rs:217 IPC import timing: device_id=0 size_bytes=533725184 import_ms=2.95 (perf-t1)
2026-08-18T13:15:04.751258+00:00   INFO pegaflow_server::registry: registry.rs:217 IPC import timing: device_id=0 size_bytes=533725184 import_ms=2.93 (perf-t1)
2026-08-18T13:15:04.754649+00:00   INFO pegaflow_server::registry: registry.rs:217 IPC import timing: device_id=0 size_bytes=533725184 import_ms=2.88 (perf-t1)
2026-08-18T13:15:04.757988+00:00   INFO pegaflow_server::registry: registry.rs:217 IPC import timing: device_id=0 size_bytes=533725184 import_ms=2.81 (perf-t1)
2026-08-18T13:15:04.761370+00:00   INFO pegaflow_server::registry: registry.rs:217 IPC import timing: device_id=0 size_bytes=533725184 import_ms=2.84 (perf-t1)
2026-08-18T13:15:04.764606+00:00   INFO pegaflow_server::registry: registry.rs:217 IPC import timing: device_id=0 size_bytes=533725184 import_ms=2.73 (perf-t1)
2026-08-18T13:15:04.768067+00:00   INFO pegaflow_server::registry: registry.rs:217 IPC import timing: device_id=0 size_bytes=533725184 import_ms=2.96 (perf-t1)
2026-08-18T13:15:04.771396+00:00   INFO pegaflow_server::registry: registry.rs:217 IPC import timing: device_id=0 size_bytes=533725184 import_ms=2.80 (perf-t1)
2026-08-18T13:15:04.774683+00:00   INFO pegaflow_server::registry: registry.rs:217 IPC import timing: device_id=0 size_bytes=533725184 import_ms=2.79 (perf-t1)
2026-08-18T13:15:04.778162+00:00   INFO pegaflow_server::registry: registry.rs:217 IPC import timing: device_id=0 size_bytes=533725184 import_ms=2.95 (perf-t1)
2026-08-18T13:15:04.781474+00:00   INFO pegaflow_server::registry: registry.rs:217 IPC import timing: device_id=0 size_bytes=533725184 import_ms=2.79 (perf-t1)
2026-08-18T13:15:04.784816+00:00   INFO pegaflow_server::registry: registry.rs:217 IPC import timing: device_id=0 size_bytes=533725184 import_ms=2.85 (perf-t1)
2026-08-18T13:15:04.788073+00:00   INFO pegaflow_server::registry: registry.rs:217 IPC import timing: device_id=0 size_bytes=533725184 import_ms=2.77 (perf-t1)
2026-08-18T13:15:04.791425+00:00   INFO pegaflow_server::registry: registry.rs:217 IPC import timing: device_id=0 size_bytes=533725184 import_ms=2.83 (perf-t1)
2026-08-18T13:15:04.795027+00:00   INFO pegaflow_server::registry: registry.rs:217 IPC import timing: device_id=0 size_bytes=533725184 import_ms=3.05 (perf-t1)
2026-08-18T13:15:04.798402+00:00   INFO pegaflow_server::registry: registry.rs:217 IPC import timing: device_id=0 size_bytes=533725184 import_ms=2.87 (perf-t1)
2026-08-18T13:15:04.801838+00:00   INFO pegaflow_server::registry: registry.rs:217 IPC import timing: device_id=0 size_bytes=533725184 import_ms=2.90 (perf-t1)
2026-08-18T13:15:04.808886+00:00   INFO pegaflow_server::registry: registry.rs:217 IPC import timing: device_id=0 size_bytes=533725184 import_ms=3.86 (perf-t1)
2026-08-18T13:15:04.812751+00:00   INFO pegaflow_server::registry: registry.rs:217 IPC import timing: device_id=0 size_bytes=533725184 import_ms=3.36 (perf-t1)
2026-08-18T13:15:04.816036+00:00   INFO pegaflow_server::registry: registry.rs:217 IPC import timing: device_id=0 size_bytes=533725184 import_ms=2.74 (perf-t1)
2026-08-18T13:15:04.819512+00:00   INFO pegaflow_server::registry: registry.rs:217 IPC import timing: device_id=0 size_bytes=533725184 import_ms=2.95 (perf-t1)
2026-08-18T13:15:04.822795+00:00   INFO pegaflow_server::registry: registry.rs:217 IPC import timing: device_id=0 size_bytes=533725184 import_ms=2.79 (perf-t1)
2026-08-18T13:15:04.826440+00:00   INFO pegaflow_server::registry: registry.rs:217 IPC import timing: device_id=0 size_bytes=533725184 import_ms=3.11 (perf-t1)
2026-08-18T13:15:04.830044+00:00   INFO pegaflow_server::registry: registry.rs:217 IPC import timing: device_id=0 size_bytes=533725184 import_ms=3.11 (perf-t1)
2026-08-18T13:15:04.833378+00:00   INFO pegaflow_server::registry: registry.rs:217 IPC import timing: device_id=0 size_bytes=533725184 import_ms=2.83 (perf-t1)
2026-08-18T13:15:04.838147+00:00   INFO pegaflow_server::registry: registry.rs:217 IPC import timing: device_id=0 size_bytes=533725184 import_ms=4.25 (perf-t1)
2026-08-18T13:15:04.841486+00:00   INFO pegaflow_server::registry: registry.rs:217 IPC import timing: device_id=0 size_bytes=533725184 import_ms=2.82 (perf-t1)
2026-08-18T13:15:04.844790+00:00   INFO pegaflow_server::registry: registry.rs:217 IPC import timing: device_id=0 size_bytes=533725184 import_ms=2.80 (perf-t1)
2026-08-18T13:15:04.848128+00:00   INFO pegaflow_server::registry: registry.rs:217 IPC import timing: device_id=0 size_bytes=533725184 import_ms=2.82 (perf-t1)
2026-08-18T13:15:04.853326+00:00   INFO pegaflow_server::registry: registry.rs:217 IPC import timing: device_id=0 size_bytes=533725184 import_ms=4.65 (perf-t1)
2026-08-18T13:15:04.859114+00:00   INFO pegaflow_server::registry: registry.rs:217 IPC import timing: device_id=0 size_bytes=533725184 import_ms=5.30 (perf-t1)
2026-08-18T13:15:04.862792+00:00   INFO pegaflow_server::registry: registry.rs:217 IPC import timing: device_id=0 size_bytes=533725184 import_ms=3.08 (perf-t1)
2026-08-18T13:15:04.866181+00:00   INFO pegaflow_server::registry: registry.rs:217 IPC import timing: device_id=0 size_bytes=533725184 import_ms=2.86 (perf-t1)
2026-08-18T13:15:04.870539+00:00   INFO pegaflow_server::registry: registry.rs:217 IPC import timing: device_id=0 size_bytes=533725184 import_ms=3.84 (perf-t1)
2026-08-18T13:15:04.874305+00:00   INFO pegaflow_server::registry: registry.rs:217 IPC import timing: device_id=0 size_bytes=533725184 import_ms=3.22 (perf-t1)
2026-08-18T13:15:04.877774+00:00   INFO pegaflow_server::registry: registry.rs:217 IPC import timing: device_id=0 size_bytes=533725184 import_ms=2.96 (perf-t1)
2026-08-18T13:15:04.881029+00:00   INFO pegaflow_server::registry: registry.rs:217 IPC import timing: device_id=0 size_bytes=533725184 import_ms=2.75 (perf-t1)
2026-08-18T13:15:04.884449+00:00   INFO pegaflow_server::registry: registry.rs:217 IPC import timing: device_id=0 size_bytes=533725184 import_ms=2.88 (perf-t1)
2026-08-18T13:15:04.888524+00:00   INFO pegaflow_server::registry: registry.rs:217 IPC import timing: device_id=0 size_bytes=533725184 import_ms=3.57 (perf-t1)
2026-08-18T13:15:04.891870+00:00   INFO pegaflow_server::registry: registry.rs:217 IPC import timing: device_id=0 size_bytes=533725184 import_ms=2.80 (perf-t1)
2026-08-18T13:15:04.895249+00:00   INFO pegaflow_server::registry: registry.rs:217 IPC import timing: device_id=0 size_bytes=533725184 import_ms=2.83 (perf-t1)
2026-08-18T13:15:04.898560+00:00   INFO pegaflow_server::registry: registry.rs:217 IPC import timing: device_id=0 size_bytes=533725184 import_ms=2.80 (perf-t1)
2026-08-18T13:15:04.902266+00:00   INFO pegaflow_server::registry: registry.rs:217 IPC import timing: device_id=0 size_bytes=533725184 import_ms=3.21 (perf-t1)
2026-08-18T13:15:04.909050+00:00   INFO pegaflow_server::registry: registry.rs:217 IPC import timing: device_id=0 size_bytes=533725184 import_ms=6.25 (perf-t1)
2026-08-18T13:15:04.912486+00:00   INFO pegaflow_server::registry: registry.rs:217 IPC import timing: device_id=0 size_bytes=533725184 import_ms=2.91 (perf-t1)
2026-08-18T13:15:04.915786+00:00   INFO pegaflow_server::registry: registry.rs:217 IPC import timing: device_id=0 size_bytes=533725184 import_ms=2.71 (perf-t1)
2026-08-18T13:15:04.919260+00:00   INFO pegaflow_server::registry: registry.rs:217 IPC import timing: device_id=0 size_bytes=533725184 import_ms=2.94 (perf-t1)
2026-08-18T13:15:04.922547+00:00   INFO pegaflow_server::registry: registry.rs:217 IPC import timing: device_id=0 size_bytes=533725184 import_ms=2.78 (perf-t1)
2026-08-18T13:15:04.925978+00:00   INFO pegaflow_server::registry: registry.rs:217 IPC import timing: device_id=0 size_bytes=533725184 import_ms=2.93 (perf-t1)
2026-08-18T13:15:04.930307+00:00   INFO pegaflow_server::registry: registry.rs:217 IPC import timing: device_id=0 size_bytes=533725184 import_ms=3.78 (perf-t1)
2026-08-18T13:15:04.934519+00:00   INFO pegaflow_server::registry: registry.rs:217 IPC import timing: device_id=0 size_bytes=533725184 import_ms=3.71 (perf-t1)
2026-08-18T13:15:04.937933+00:00   INFO pegaflow_server::registry: registry.rs:217 IPC import timing: device_id=0 size_bytes=533725184 import_ms=2.90 (perf-t1)
2026-08-18T13:15:04.941238+00:00   INFO pegaflow_server::registry: registry.rs:217 IPC import timing: device_id=0 size_bytes=533725184 import_ms=2.78 (perf-t1)
2026-08-18T13:15:04.944579+00:00   INFO pegaflow_server::registry: registry.rs:217 IPC import timing: device_id=0 size_bytes=533725184 import_ms=2.83 (perf-t1)
2026-08-18T13:15:04.947887+00:00   INFO pegaflow_server::registry: registry.rs:217 IPC import timing: device_id=0 size_bytes=533725184 import_ms=2.79 (perf-t1)
2026-08-18T13:15:04.951288+00:00   INFO pegaflow_server::registry: registry.rs:217 IPC import timing: device_id=0 size_bytes=533725184 import_ms=2.85 (perf-t1)
2026-08-18T13:15:04.954652+00:00   INFO pegaflow_server::registry: registry.rs:217 IPC import timing: device_id=0 size_bytes=533725184 import_ms=2.87 (perf-t1)
2026-08-18T13:15:04.958156+00:00   INFO pegaflow_server::registry: registry.rs:217 IPC import timing: device_id=0 size_bytes=533725184 import_ms=3.00 (perf-t1)
2026-08-18T13:15:04.961449+00:00   INFO pegaflow_server::registry: registry.rs:217 IPC import timing: device_id=0 size_bytes=533725184 import_ms=2.80 (perf-t1)
2026-08-18T13:15:05.012663+00:00   INFO pegaflow_server::registry: registry.rs:217 IPC import timing: device_id=0 size_bytes=533725184 import_ms=50.67 (perf-t1)
2026-08-18T13:15:05.016225+00:00   INFO pegaflow_core::gpu_worker: gpu_worker.rs:338 GPU worker initialized: device=0 backend=ascend_batch device_id=0
2026-08-18T13:15:05.016099+00:00   INFO pegaflow_core::gpu_worker: gpu_worker.rs:338 GPU worker initialized: device=0 backend=ascend_batch device_id=0
2026-08-18T13:15:05.016490+00:00   INFO pegaflow_server::registry: registry.rs:217 IPC import timing: device_id=1 size_bytes=533725184 import_ms=3.09 (perf-t1)
2026-08-18T13:15:05.016580+00:00   INFO pegaflow_core::gpu_worker: gpu_worker.rs:200 GPU worker pool started: device=0, numa_node=NUMA6, transfer_mode=AscendDirect
2026-08-18T13:15:05.017228+00:00   INFO pegaflow_core::instance: instance.rs:706 Sealed instance topology: instance=4ee37c60-e273-4864-9ecd-4d2b9f9374c2-dcef74d6cfd946e4acd73fc476a252e6, num_layers=72, tp_size=1, world_size=1, total_slots=72
2026-08-18T13:15:05.017284+00:00   INFO pegaflow_core::instance: instance.rs:719 Initialized GPU context: device_id=0, numa_node=NUMA6
2026-08-18T13:15:05.017314+00:00   INFO pegaflow_core: lib.rs:452 Registered context batch: instance=4ee37c60-e273-4864-9ecd-4d2b9f9374c2-dcef74d6cfd946e4acd73fc476a252e6, namespace=perf-t2-c4-i0-iso-c2-0, device=0, layers=72, tp_rank=0/1, pp_rank=0
2026-08-18T13:15:05.033693+00:00   INFO pegaflow_server::registry: registry.rs:217 IPC import timing: device_id=1 size_bytes=533725184 import_ms=16.69 (perf-t1)
2026-08-18T13:15:05.038457+00:00   INFO pegaflow_server::registry: registry.rs:217 IPC import timing: device_id=1 size_bytes=533725184 import_ms=4.22 (perf-t1)
2026-08-18T13:15:05.042041+00:00   INFO pegaflow_server::registry: registry.rs:217 IPC import timing: device_id=1 size_bytes=533725184 import_ms=3.08 (perf-t1)
2026-08-18T13:15:05.045531+00:00   INFO pegaflow_server::registry: registry.rs:217 IPC import timing: device_id=1 size_bytes=533725184 import_ms=2.97 (perf-t1)
2026-08-18T13:15:05.048837+00:00   INFO pegaflow_server::registry: registry.rs:217 IPC import timing: device_id=1 size_bytes=533725184 import_ms=2.77 (perf-t1)
2026-08-18T13:15:05.053476+00:00   INFO pegaflow_server::registry: registry.rs:217 IPC import timing: device_id=1 size_bytes=533725184 import_ms=4.12 (perf-t1)
2026-08-18T13:15:05.059208+00:00   INFO pegaflow_server::registry: registry.rs:217 IPC import timing: device_id=1 size_bytes=533725184 import_ms=5.24 (perf-t1)
2026-08-18T13:15:05.062980+00:00   INFO pegaflow_server::registry: registry.rs:217 IPC import timing: device_id=1 size_bytes=533725184 import_ms=3.17 (perf-t1)
2026-08-18T13:15:05.066666+00:00   INFO pegaflow_server::registry: registry.rs:217 IPC import timing: device_id=1 size_bytes=533725184 import_ms=3.14 (perf-t1)
2026-08-18T13:15:05.070104+00:00   INFO pegaflow_server::registry: registry.rs:217 IPC import timing: device_id=1 size_bytes=533725184 import_ms=2.91 (perf-t1)
2026-08-18T13:15:05.073526+00:00   INFO pegaflow_server::registry: registry.rs:217 IPC import timing: device_id=1 size_bytes=533725184 import_ms=2.89 (perf-t1)
2026-08-18T13:15:05.076972+00:00   INFO pegaflow_server::registry: registry.rs:217 IPC import timing: device_id=1 size_bytes=533725184 import_ms=2.94 (perf-t1)
2026-08-18T13:15:05.080377+00:00   INFO pegaflow_server::registry: registry.rs:217 IPC import timing: device_id=1 size_bytes=533725184 import_ms=2.90 (perf-t1)
2026-08-18T13:15:05.083944+00:00   INFO pegaflow_server::registry: registry.rs:217 IPC import timing: device_id=1 size_bytes=533725184 import_ms=3.03 (perf-t1)
2026-08-18T13:15:05.087914+00:00   INFO pegaflow_server::registry: registry.rs:217 IPC import timing: device_id=1 size_bytes=533725184 import_ms=3.43 (perf-t1)
2026-08-18T13:15:05.091290+00:00   INFO pegaflow_server::registry: registry.rs:217 IPC import timing: device_id=1 size_bytes=533725184 import_ms=2.85 (perf-t1)
2026-08-18T13:15:05.094591+00:00   INFO pegaflow_server::registry: registry.rs:217 IPC import timing: device_id=1 size_bytes=533725184 import_ms=2.78 (perf-t1)
2026-08-18T13:15:05.098003+00:00   INFO pegaflow_server::registry: registry.rs:217 IPC import timing: device_id=1 size_bytes=533725184 import_ms=2.91 (perf-t1)
2026-08-18T13:15:05.101320+00:00   INFO pegaflow_server::registry: registry.rs:217 IPC import timing: device_id=1 size_bytes=533725184 import_ms=2.80 (perf-t1)
2026-08-18T13:15:05.104668+00:00   INFO pegaflow_server::registry: registry.rs:217 IPC import timing: device_id=1 size_bytes=533725184 import_ms=2.82 (perf-t1)
2026-08-18T13:15:05.126244+00:00   INFO pegaflow_server::registry: registry.rs:217 IPC import timing: device_id=1 size_bytes=533725184 import_ms=21.08 (perf-t1)
2026-08-18T13:15:05.129711+00:00   INFO pegaflow_server::registry: registry.rs:217 IPC import timing: device_id=1 size_bytes=533725184 import_ms=2.95 (perf-t1)
2026-08-18T13:15:05.133104+00:00   INFO pegaflow_server::registry: registry.rs:217 IPC import timing: device_id=1 size_bytes=533725184 import_ms=2.86 (perf-t1)
2026-08-18T13:15:05.136448+00:00   INFO pegaflow_server::registry: registry.rs:217 IPC import timing: device_id=1 size_bytes=533725184 import_ms=2.81 (perf-t1)
2026-08-18T13:15:05.139777+00:00   INFO pegaflow_server::registry: registry.rs:217 IPC import timing: device_id=1 size_bytes=533725184 import_ms=2.83 (perf-t1)
2026-08-18T13:15:05.143218+00:00   INFO pegaflow_server::registry: registry.rs:217 IPC import timing: device_id=1 size_bytes=533725184 import_ms=2.91 (perf-t1)
2026-08-18T13:15:05.146686+00:00   INFO pegaflow_server::registry: registry.rs:217 IPC import timing: device_id=1 size_bytes=533725184 import_ms=2.95 (perf-t1)
2026-08-18T13:15:05.150070+00:00   INFO pegaflow_server::registry: registry.rs:217 IPC import timing: device_id=1 size_bytes=533725184 import_ms=2.88 (perf-t1)
2026-08-18T13:15:05.155067+00:00   INFO pegaflow_server::registry: registry.rs:217 IPC import timing: device_id=1 size_bytes=533725184 import_ms=4.42 (perf-t1)
2026-08-18T13:15:05.159305+00:00   INFO pegaflow_server::registry: registry.rs:217 IPC import timing: device_id=1 size_bytes=533725184 import_ms=3.73 (perf-t1)
2026-08-18T13:15:05.168903+00:00   INFO pegaflow_server::registry: registry.rs:217 IPC import timing: device_id=1 size_bytes=533725184 import_ms=9.07 (perf-t1)
2026-08-18T13:15:05.172314+00:00   INFO pegaflow_server::registry: registry.rs:217 IPC import timing: device_id=1 size_bytes=533725184 import_ms=2.88 (perf-t1)
2026-08-18T13:15:05.175549+00:00   INFO pegaflow_server::registry: registry.rs:217 IPC import timing: device_id=1 size_bytes=533725184 import_ms=2.72 (perf-t1)
2026-08-18T13:15:05.179000+00:00   INFO pegaflow_server::registry: registry.rs:217 IPC import timing: device_id=1 size_bytes=533725184 import_ms=2.97 (perf-t1)
2026-08-18T13:15:05.182326+00:00   INFO pegaflow_server::registry: registry.rs:217 IPC import timing: device_id=1 size_bytes=533725184 import_ms=2.81 (perf-t1)
2026-08-18T13:15:05.186095+00:00   INFO pegaflow_server::registry: registry.rs:217 IPC import timing: device_id=1 size_bytes=533725184 import_ms=3.27 (perf-t1)
2026-08-18T13:15:05.189289+00:00   INFO pegaflow_server::registry: registry.rs:217 IPC import timing: device_id=1 size_bytes=533725184 import_ms=2.70 (perf-t1)
2026-08-18T13:15:05.192720+00:00   INFO pegaflow_server::registry: registry.rs:217 IPC import timing: device_id=1 size_bytes=533725184 import_ms=2.90 (perf-t1)
2026-08-18T13:15:05.196073+00:00   INFO pegaflow_server::registry: registry.rs:217 IPC import timing: device_id=1 size_bytes=533725184 import_ms=2.82 (perf-t1)
2026-08-18T13:15:05.199608+00:00   INFO pegaflow_server::registry: registry.rs:217 IPC import timing: device_id=1 size_bytes=533725184 import_ms=3.02 (perf-t1)
2026-08-18T13:15:05.202843+00:00   INFO pegaflow_server::registry: registry.rs:217 IPC import timing: device_id=1 size_bytes=533725184 import_ms=2.72 (perf-t1)
2026-08-18T13:15:05.210067+00:00   INFO pegaflow_server::registry: registry.rs:217 IPC import timing: device_id=1 size_bytes=533725184 import_ms=6.73 (perf-t1)
2026-08-18T13:15:05.213448+00:00   INFO pegaflow_server::registry: registry.rs:217 IPC import timing: device_id=1 size_bytes=533725184 import_ms=2.89 (perf-t1)
2026-08-18T13:15:05.216711+00:00   INFO pegaflow_server::registry: registry.rs:217 IPC import timing: device_id=1 size_bytes=533725184 import_ms=2.74 (perf-t1)
2026-08-18T13:15:05.221061+00:00   INFO pegaflow_server::registry: registry.rs:217 IPC import timing: device_id=1 size_bytes=533725184 import_ms=3.86 (perf-t1)
2026-08-18T13:15:05.224903+00:00   INFO pegaflow_server::registry: registry.rs:217 IPC import timing: device_id=1 size_bytes=533725184 import_ms=3.34 (perf-t1)
2026-08-18T13:15:05.228210+00:00   INFO pegaflow_server::registry: registry.rs:217 IPC import timing: device_id=1 size_bytes=533725184 import_ms=2.78 (perf-t1)
2026-08-18T13:15:05.231488+00:00   INFO pegaflow_server::registry: registry.rs:217 IPC import timing: device_id=1 size_bytes=533725184 import_ms=2.78 (perf-t1)
2026-08-18T13:15:05.234862+00:00   INFO pegaflow_server::registry: registry.rs:217 IPC import timing: device_id=1 size_bytes=533725184 import_ms=2.85 (perf-t1)
2026-08-18T13:15:05.239055+00:00   INFO pegaflow_server::registry: registry.rs:217 IPC import timing: device_id=1 size_bytes=533725184 import_ms=3.65 (perf-t1)
2026-08-18T13:15:05.242320+00:00   INFO pegaflow_server::registry: registry.rs:217 IPC import timing: device_id=1 size_bytes=533725184 import_ms=2.77 (perf-t1)
2026-08-18T13:15:05.245691+00:00   INFO pegaflow_server::registry: registry.rs:217 IPC import timing: device_id=1 size_bytes=533725184 import_ms=2.87 (perf-t1)
2026-08-18T13:15:05.249011+00:00   INFO pegaflow_server::registry: registry.rs:217 IPC import timing: device_id=1 size_bytes=533725184 import_ms=2.78 (perf-t1)
2026-08-18T13:15:05.253328+00:00   INFO pegaflow_server::registry: registry.rs:217 IPC import timing: device_id=1 size_bytes=533725184 import_ms=3.82 (perf-t1)
2026-08-18T13:15:05.259418+00:00   INFO pegaflow_server::registry: registry.rs:217 IPC import timing: device_id=1 size_bytes=533725184 import_ms=5.58 (perf-t1)
2026-08-18T13:15:05.262951+00:00   INFO pegaflow_server::registry: registry.rs:217 IPC import timing: device_id=1 size_bytes=533725184 import_ms=2.95 (perf-t1)
2026-08-18T13:15:05.266387+00:00   INFO pegaflow_server::registry: registry.rs:217 IPC import timing: device_id=1 size_bytes=533725184 import_ms=2.83 (perf-t1)
2026-08-18T13:15:05.269776+00:00   INFO pegaflow_server::registry: registry.rs:217 IPC import timing: device_id=1 size_bytes=533725184 import_ms=2.87 (perf-t1)
2026-08-18T13:15:05.273267+00:00   INFO pegaflow_server::registry: registry.rs:217 IPC import timing: device_id=1 size_bytes=533725184 import_ms=2.93 (perf-t1)
2026-08-18T13:15:05.276688+00:00   INFO pegaflow_server::registry: registry.rs:217 IPC import timing: device_id=1 size_bytes=533725184 import_ms=2.91 (perf-t1)
2026-08-18T13:15:05.280903+00:00   INFO pegaflow_server::registry: registry.rs:217 IPC import timing: device_id=1 size_bytes=533725184 import_ms=3.72 (perf-t1)
2026-08-18T13:15:05.284671+00:00   INFO pegaflow_server::registry: registry.rs:217 IPC import timing: device_id=1 size_bytes=533725184 import_ms=3.24 (perf-t1)
2026-08-18T13:15:05.288074+00:00   INFO pegaflow_server::registry: registry.rs:217 IPC import timing: device_id=1 size_bytes=533725184 import_ms=2.90 (perf-t1)
2026-08-18T13:15:05.291410+00:00   INFO pegaflow_server::registry: registry.rs:217 IPC import timing: device_id=1 size_bytes=533725184 import_ms=2.83 (perf-t1)
2026-08-18T13:15:05.294863+00:00   INFO pegaflow_server::registry: registry.rs:217 IPC import timing: device_id=1 size_bytes=533725184 import_ms=2.95 (perf-t1)
2026-08-18T13:15:05.298219+00:00   INFO pegaflow_server::registry: registry.rs:217 IPC import timing: device_id=1 size_bytes=533725184 import_ms=2.81 (perf-t1)
2026-08-18T13:15:05.301573+00:00   INFO pegaflow_server::registry: registry.rs:217 IPC import timing: device_id=1 size_bytes=533725184 import_ms=2.85 (perf-t1)
2026-08-18T13:15:05.304848+00:00   INFO pegaflow_server::registry: registry.rs:217 IPC import timing: device_id=1 size_bytes=533725184 import_ms=2.79 (perf-t1)
2026-08-18T13:15:05.309784+00:00   INFO pegaflow_server::registry: registry.rs:217 IPC import timing: device_id=1 size_bytes=533725184 import_ms=4.40 (perf-t1)
2026-08-18T13:15:05.313045+00:00   INFO pegaflow_server::registry: registry.rs:217 IPC import timing: device_id=1 size_bytes=533725184 import_ms=2.76 (perf-t1)
2026-08-18T13:15:05.316304+00:00   INFO pegaflow_server::registry: registry.rs:217 IPC import timing: device_id=1 size_bytes=533725184 import_ms=2.75 (perf-t1)
2026-08-18T13:15:05.320477+00:00   INFO pegaflow_core::gpu_worker: gpu_worker.rs:338 GPU worker initialized: device=1 backend=ascend_batch device_id=1
2026-08-18T13:15:05.320947+00:00   INFO pegaflow_core::gpu_worker: gpu_worker.rs:338 GPU worker initialized: device=1 backend=ascend_batch device_id=1
2026-08-18T13:15:05.321122+00:00   INFO pegaflow_core::gpu_worker: gpu_worker.rs:200 GPU worker pool started: device=1, numa_node=NUMA0, transfer_mode=AscendDirect
2026-08-18T13:15:05.321764+00:00   INFO pegaflow_core::instance: instance.rs:706 Sealed instance topology: instance=f20f62f4-ec8d-421f-b37a-9aeed02ae8dd-bd5d2a276824444082c4ded77cdf1344, num_layers=72, tp_size=1, world_size=1, total_slots=72
2026-08-18T13:15:05.321812+00:00   INFO pegaflow_core::instance: instance.rs:719 Initialized GPU context: device_id=1, numa_node=NUMA0
2026-08-18T13:15:05.321839+00:00   INFO pegaflow_core: lib.rs:452 Registered context batch: instance=f20f62f4-ec8d-421f-b37a-9aeed02ae8dd-bd5d2a276824444082c4ded77cdf1344, namespace=perf-t2-c4-i0-iso-c2-1, device=1, layers=72, tp_rank=0/1, pp_rank=0
2026-08-18T13:15:07.954577+00:00   INFO pegaflow_server::registry: registry.rs:217 IPC import timing: device_id=7 size_bytes=533725184 import_ms=4.02 (perf-t1)
2026-08-18T13:15:07.954977+00:00   INFO pegaflow_server::service: service.rs:931 Session opened: instance_id=1d304949-cbf0-40e2-907b-695119669407-200452c17acc4937826685671baa273e namespace=perf-t2-c4-i0-iso-c2-2 tp_size=1 world_size=1 token=1
2026-08-18T13:15:07.958509+00:00   INFO pegaflow_server::registry: registry.rs:217 IPC import timing: device_id=7 size_bytes=533725184 import_ms=3.09 (perf-t1)
2026-08-18T13:15:07.961939+00:00   INFO pegaflow_server::registry: registry.rs:217 IPC import timing: device_id=7 size_bytes=533725184 import_ms=2.89 (perf-t1)
2026-08-18T13:15:07.968767+00:00   INFO pegaflow_server::registry: registry.rs:217 IPC import timing: device_id=7 size_bytes=533725184 import_ms=6.23 (perf-t1)
2026-08-18T13:15:07.972255+00:00   INFO pegaflow_server::registry: registry.rs:217 IPC import timing: device_id=7 size_bytes=533725184 import_ms=2.98 (perf-t1)
2026-08-18T13:15:07.975791+00:00   INFO pegaflow_server::registry: registry.rs:217 IPC import timing: device_id=7 size_bytes=533725184 import_ms=3.02 (perf-t1)
2026-08-18T13:15:07.979272+00:00   INFO pegaflow_server::registry: registry.rs:217 IPC import timing: device_id=7 size_bytes=533725184 import_ms=2.96 (perf-t1)
2026-08-18T13:15:07.982775+00:00   INFO pegaflow_server::registry: registry.rs:217 IPC import timing: device_id=7 size_bytes=533725184 import_ms=3.00 (perf-t1)
2026-08-18T13:15:07.986538+00:00   INFO pegaflow_server::registry: registry.rs:217 IPC import timing: device_id=7 size_bytes=533725184 import_ms=3.21 (perf-t1)
2026-08-18T13:15:07.990081+00:00   INFO pegaflow_server::registry: registry.rs:217 IPC import timing: device_id=7 size_bytes=533725184 import_ms=3.01 (perf-t1)
2026-08-18T13:15:07.993777+00:00   INFO pegaflow_server::registry: registry.rs:217 IPC import timing: device_id=7 size_bytes=533725184 import_ms=3.20 (perf-t1)
2026-08-18T13:15:07.999871+00:00   INFO pegaflow_server::registry: registry.rs:217 IPC import timing: device_id=7 size_bytes=533725184 import_ms=5.55 (perf-t1)
2026-08-18T13:15:08.003608+00:00   INFO pegaflow_server::registry: registry.rs:217 IPC import timing: device_id=7 size_bytes=533725184 import_ms=3.21 (perf-t1)
2026-08-18T13:15:08.007027+00:00   INFO pegaflow_server::registry: registry.rs:217 IPC import timing: device_id=7 size_bytes=533725184 import_ms=2.93 (perf-t1)
2026-08-18T13:15:08.011561+00:00   INFO pegaflow_server::registry: registry.rs:217 IPC import timing: device_id=7 size_bytes=533725184 import_ms=4.03 (perf-t1)
2026-08-18T13:15:08.016422+00:00   INFO pegaflow_server::registry: registry.rs:217 IPC import timing: device_id=7 size_bytes=533725184 import_ms=4.32 (perf-t1)
2026-08-18T13:15:08.019734+00:00   INFO pegaflow_server::registry: registry.rs:217 IPC import timing: device_id=7 size_bytes=533725184 import_ms=2.82 (perf-t1)
2026-08-18T13:15:08.023599+00:00   INFO pegaflow_server::registry: registry.rs:217 IPC import timing: device_id=7 size_bytes=533725184 import_ms=3.35 (perf-t1)
2026-08-18T13:15:08.027314+00:00   INFO pegaflow_server::registry: registry.rs:217 IPC import timing: device_id=7 size_bytes=533725184 import_ms=3.16 (perf-t1)
2026-08-18T13:15:08.031024+00:00   INFO pegaflow_server::registry: registry.rs:217 IPC import timing: device_id=7 size_bytes=533725184 import_ms=3.19 (perf-t1)
2026-08-18T13:15:08.034268+00:00   INFO pegaflow_server::registry: registry.rs:217 IPC import timing: device_id=7 size_bytes=533725184 import_ms=2.74 (perf-t1)
2026-08-18T13:15:08.039590+00:00   INFO pegaflow_server::registry: registry.rs:217 IPC import timing: device_id=7 size_bytes=533725184 import_ms=4.78 (perf-t1)
2026-08-18T13:15:08.044707+00:00   INFO pegaflow_server::registry: registry.rs:217 IPC import timing: device_id=7 size_bytes=533725184 import_ms=4.62 (perf-t1)
2026-08-18T13:15:08.050149+00:00   INFO pegaflow_server::registry: registry.rs:217 IPC import timing: device_id=7 size_bytes=533725184 import_ms=4.77 (perf-t1)
2026-08-18T13:15:08.053608+00:00   INFO pegaflow_server::registry: registry.rs:217 IPC import timing: device_id=7 size_bytes=533725184 import_ms=2.95 (perf-t1)
2026-08-18T13:15:08.059876+00:00   INFO pegaflow_server::registry: registry.rs:217 IPC import timing: device_id=7 size_bytes=533725184 import_ms=5.76 (perf-t1)
2026-08-18T13:15:08.067302+00:00   INFO pegaflow_server::registry: registry.rs:217 IPC import timing: device_id=7 size_bytes=533725184 import_ms=6.91 (perf-t1)
2026-08-18T13:15:08.070901+00:00   INFO pegaflow_server::registry: registry.rs:217 IPC import timing: device_id=7 size_bytes=533725184 import_ms=2.93 (perf-t1)
2026-08-18T13:15:08.074943+00:00   INFO pegaflow_server::registry: registry.rs:217 IPC import timing: device_id=7 size_bytes=533725184 import_ms=3.51 (perf-t1)
2026-08-18T13:15:08.079166+00:00   INFO pegaflow_server::registry: registry.rs:217 IPC import timing: device_id=7 size_bytes=533725184 import_ms=3.66 (perf-t1)
2026-08-18T13:15:08.082611+00:00   INFO pegaflow_server::registry: registry.rs:217 IPC import timing: device_id=7 size_bytes=533725184 import_ms=2.89 (perf-t1)
2026-08-18T13:15:08.088305+00:00   INFO pegaflow_server::registry: registry.rs:217 IPC import timing: device_id=7 size_bytes=533725184 import_ms=5.18 (perf-t1)
2026-08-18T13:15:08.091763+00:00   INFO pegaflow_server::registry: registry.rs:217 IPC import timing: device_id=7 size_bytes=533725184 import_ms=2.96 (perf-t1)
2026-08-18T13:15:08.095619+00:00   INFO pegaflow_server::registry: registry.rs:217 IPC import timing: device_id=7 size_bytes=533725184 import_ms=3.31 (perf-t1)
2026-08-18T13:15:08.099030+00:00   INFO pegaflow_server::registry: registry.rs:217 IPC import timing: device_id=7 size_bytes=533725184 import_ms=2.90 (perf-t1)
2026-08-18T13:15:08.102284+00:00   INFO pegaflow_server::registry: registry.rs:217 IPC import timing: device_id=7 size_bytes=533725184 import_ms=2.76 (perf-t1)
2026-08-18T13:15:08.109206+00:00   INFO pegaflow_server::registry: registry.rs:217 IPC import timing: device_id=7 size_bytes=533725184 import_ms=6.39 (perf-t1)
2026-08-18T13:15:08.112470+00:00   INFO pegaflow_server::registry: registry.rs:217 IPC import timing: device_id=7 size_bytes=533725184 import_ms=2.75 (perf-t1)
2026-08-18T13:15:08.115858+00:00   INFO pegaflow_server::registry: registry.rs:217 IPC import timing: device_id=7 size_bytes=533725184 import_ms=2.89 (perf-t1)
2026-08-18T13:15:08.119267+00:00   INFO pegaflow_server::registry: registry.rs:217 IPC import timing: device_id=7 size_bytes=533725184 import_ms=2.85 (perf-t1)
2026-08-18T13:15:08.122579+00:00   INFO pegaflow_server::registry: registry.rs:217 IPC import timing: device_id=7 size_bytes=533725184 import_ms=2.81 (perf-t1)
2026-08-18T13:15:08.126132+00:00   INFO pegaflow_server::registry: registry.rs:217 IPC import timing: device_id=7 size_bytes=533725184 import_ms=3.03 (perf-t1)
2026-08-18T13:15:08.129467+00:00   INFO pegaflow_server::registry: registry.rs:217 IPC import timing: device_id=7 size_bytes=533725184 import_ms=2.79 (perf-t1)
2026-08-18T13:15:08.132850+00:00   INFO pegaflow_server::registry: registry.rs:217 IPC import timing: device_id=7 size_bytes=533725184 import_ms=2.88 (perf-t1)
2026-08-18T13:15:08.136368+00:00   INFO pegaflow_server::registry: registry.rs:217 IPC import timing: device_id=7 size_bytes=533725184 import_ms=3.02 (perf-t1)
2026-08-18T13:15:08.143352+00:00   INFO pegaflow_server::registry: registry.rs:217 IPC import timing: device_id=7 size_bytes=533725184 import_ms=6.43 (perf-t1)
2026-08-18T13:15:08.149901+00:00   INFO pegaflow_server::registry: registry.rs:217 IPC import timing: device_id=7 size_bytes=533725184 import_ms=6.06 (perf-t1)
2026-08-18T13:15:08.153564+00:00   INFO pegaflow_server::registry: registry.rs:217 IPC import timing: device_id=7 size_bytes=533725184 import_ms=3.12 (perf-t1)
2026-08-18T13:15:08.156882+00:00   INFO pegaflow_server::registry: registry.rs:217 IPC import timing: device_id=7 size_bytes=533725184 import_ms=2.81 (perf-t1)
2026-08-18T13:15:08.160650+00:00   INFO pegaflow_server::registry: registry.rs:217 IPC import timing: device_id=7 size_bytes=533725184 import_ms=3.27 (perf-t1)
2026-08-18T13:15:08.163827+00:00   INFO pegaflow_server::registry: registry.rs:217 IPC import timing: device_id=7 size_bytes=533725184 import_ms=2.69 (perf-t1)
2026-08-18T13:15:08.167263+00:00   INFO pegaflow_server::registry: registry.rs:217 IPC import timing: device_id=7 size_bytes=533725184 import_ms=2.90 (perf-t1)
2026-08-18T13:15:08.170541+00:00   INFO pegaflow_server::registry: registry.rs:217 IPC import timing: device_id=7 size_bytes=533725184 import_ms=2.79 (perf-t1)
2026-08-18T13:15:08.174260+00:00   INFO pegaflow_server::registry: registry.rs:217 IPC import timing: device_id=7 size_bytes=533725184 import_ms=3.23 (perf-t1)
2026-08-18T13:15:08.177578+00:00   INFO pegaflow_server::registry: registry.rs:217 IPC import timing: device_id=7 size_bytes=533725184 import_ms=2.80 (perf-t1)
2026-08-18T13:15:08.180780+00:00   INFO pegaflow_server::registry: registry.rs:217 IPC import timing: device_id=7 size_bytes=533725184 import_ms=2.71 (perf-t1)
2026-08-18T13:15:08.185022+00:00   INFO pegaflow_server::registry: registry.rs:217 IPC import timing: device_id=7 size_bytes=533725184 import_ms=3.76 (perf-t1)
2026-08-18T13:15:08.188327+00:00   INFO pegaflow_server::registry: registry.rs:217 IPC import timing: device_id=7 size_bytes=533725184 import_ms=2.67 (perf-t1)
2026-08-18T13:15:08.191630+00:00   INFO pegaflow_server::registry: registry.rs:217 IPC import timing: device_id=7 size_bytes=533725184 import_ms=2.79 (perf-t1)
2026-08-18T13:15:08.194861+00:00   INFO pegaflow_server::registry: registry.rs:217 IPC import timing: device_id=7 size_bytes=533725184 import_ms=2.75 (perf-t1)
2026-08-18T13:15:08.198267+00:00   INFO pegaflow_server::registry: registry.rs:217 IPC import timing: device_id=7 size_bytes=533725184 import_ms=2.92 (perf-t1)
2026-08-18T13:15:08.204931+00:00   INFO pegaflow_server::registry: registry.rs:217 IPC import timing: device_id=7 size_bytes=533725184 import_ms=6.15 (perf-t1)
2026-08-18T13:15:08.211308+00:00   INFO pegaflow_server::registry: registry.rs:217 IPC import timing: device_id=7 size_bytes=533725184 import_ms=5.88 (perf-t1)
2026-08-18T13:15:08.216198+00:00   INFO pegaflow_server::registry: registry.rs:217 IPC import timing: device_id=7 size_bytes=533725184 import_ms=4.39 (perf-t1)
2026-08-18T13:15:08.219436+00:00   INFO pegaflow_server::registry: registry.rs:217 IPC import timing: device_id=7 size_bytes=533725184 import_ms=2.71 (perf-t1)
2026-08-18T13:15:08.222739+00:00   INFO pegaflow_server::registry: registry.rs:217 IPC import timing: device_id=7 size_bytes=533725184 import_ms=2.81 (perf-t1)
2026-08-18T13:15:08.225938+00:00   INFO pegaflow_server::registry: registry.rs:217 IPC import timing: device_id=7 size_bytes=533725184 import_ms=2.71 (perf-t1)
2026-08-18T13:15:08.230138+00:00   INFO pegaflow_server::registry: registry.rs:217 IPC import timing: device_id=7 size_bytes=533725184 import_ms=3.66 (perf-t1)
2026-08-18T13:15:08.239860+00:00   INFO pegaflow_server::registry: registry.rs:217 IPC import timing: device_id=7 size_bytes=533725184 import_ms=9.22 (perf-t1)
2026-08-18T13:15:08.243215+00:00   INFO pegaflow_server::registry: registry.rs:217 IPC import timing: device_id=7 size_bytes=533725184 import_ms=2.86 (perf-t1)
2026-08-18T13:15:08.246385+00:00   INFO pegaflow_server::registry: registry.rs:217 IPC import timing: device_id=7 size_bytes=533725184 import_ms=2.67 (perf-t1)
2026-08-18T13:15:08.249517+00:00   INFO pegaflow_server::registry: registry.rs:217 IPC import timing: device_id=7 size_bytes=533725184 import_ms=2.65 (perf-t1)
2026-08-18T13:15:08.253240+00:00   INFO pegaflow_core::gpu_worker: gpu_worker.rs:338 GPU worker initialized: device=7 backend=ascend_batch device_id=7
2026-08-18T13:15:08.253476+00:00   INFO pegaflow_core::gpu_worker: gpu_worker.rs:338 GPU worker initialized: device=7 backend=ascend_batch device_id=7
2026-08-18T13:15:08.253662+00:00   INFO pegaflow_core::gpu_worker: gpu_worker.rs:200 GPU worker pool started: device=7, numa_node=NUMA2, transfer_mode=AscendDirect
2026-08-18T13:15:08.254361+00:00   INFO pegaflow_core::instance: instance.rs:706 Sealed instance topology: instance=5b984032-b5f5-4a4f-b04a-cdbf12333746-45ef0bcc8ff04cdaa5053cda27e7b6b1, num_layers=72, tp_size=1, world_size=1, total_slots=72
2026-08-18T13:15:08.254411+00:00   INFO pegaflow_core::instance: instance.rs:719 Initialized GPU context: device_id=7, numa_node=NUMA2
2026-08-18T13:15:08.254440+00:00   INFO pegaflow_core: lib.rs:452 Registered context batch: instance=5b984032-b5f5-4a4f-b04a-cdbf12333746-45ef0bcc8ff04cdaa5053cda27e7b6b1, namespace=perf-t2-c4-i0-iso-c2-7, device=7, layers=72, tp_rank=0/1, pp_rank=0
2026-08-18T13:15:14.597043+00:00   INFO pegaflow_server::service: service.rs:931 Session opened: instance_id=ad2c9e09-e777-43d0-b2af-741e0c3ffcf1-a89264e0043348d881ffeefeeb244066 namespace=perf-t2-c4-i0-iso-c2-5 tp_size=1 world_size=1 token=2
2026-08-18T13:15:20.283388+00:00   INFO pegaflow_server::service: service.rs:931 Session opened: instance_id=4ee37c60-e273-4864-9ecd-4d2b9f9374c2-dcef74d6cfd946e4acd73fc476a252e6 namespace=perf-t2-c4-i0-iso-c2-0 tp_size=1 world_size=1 token=3
2026-08-18T13:15:22.422033+00:00   INFO pegaflow_server::service: service.rs:931 Session opened: instance_id=f20f62f4-ec8d-421f-b37a-9aeed02ae8dd-bd5d2a276824444082c4ded77cdf1344 namespace=perf-t2-c4-i0-iso-c2-1 tp_size=1 world_size=1 token=4
2026-08-18T13:15:27.714670+00:00   INFO pegaflow_server::service: service.rs:931 Session opened: instance_id=af88becf-bf05-45eb-af81-c5f49ff052fe-df73dfcd6838406cbc8d0ff6a39daae1 namespace=perf-t2-c4-i0-iso-c2-3 tp_size=1 world_size=1 token=5
2026-08-18T13:15:30.130138+00:00   INFO pegaflow_server::service: service.rs:931 Session opened: instance_id=5b984032-b5f5-4a4f-b04a-cdbf12333746-45ef0bcc8ff04cdaa5053cda27e7b6b1 namespace=perf-t2-c4-i0-iso-c2-7 tp_size=1 world_size=1 token=6
2026-08-18T13:15:33.997312+00:00   INFO pegaflow_server::service: service.rs:931 Session opened: instance_id=6f53a1e5-50fb-479f-bea0-cb1729bf5dd4-4990a0cd1693466faaccc7614d84a326 namespace=perf-t2-c4-i0-iso-c2-4 tp_size=1 world_size=1 token=7
2026-08-18T13:15:43.612000+00:00   INFO pegaflow_server::service: service.rs:931 Session opened: instance_id=7bd50606-9142-406a-92cc-62928230a4a7-8ed4c74438254c34bcdb24d676b26484 namespace=perf-t2-c4-i0-iso-c2-6 tp_size=1 world_size=1 token=8
2026-08-18T13:15:50.492979+00:00   INFO pegaflow_core::storage::prefetch: prefetch.rs:316 Prefetch local-hit timing: req_id=cmpl-perf-b0cfdf29a105-0-a64f9949 total_keys=76 hit=0 missing=76 key_build=56.791µs cache_scan=22.041µs task_schedule=8.07µs total=174.554µs
2026-08-18T13:16:22.559550+00:00   INFO pegaflow_core::storage::prefetch: prefetch.rs:316 Prefetch local-hit timing: req_id=cmpl-perf-87862f4cc0bc-0-afb00515 total_keys=76 hit=0 missing=76 key_build=69.281µs cache_scan=24.941µs task_schedule=6.82µs total=143.483µs
2026-08-18T13:16:22.559656+00:00   INFO pegaflow_core::storage::prefetch: prefetch.rs:316 Prefetch local-hit timing: req_id=cmpl-perf-497e85348075-0-aa12a7ea total_keys=76 hit=0 missing=76 key_build=47.381µs cache_scan=7.43µs task_schedule=2.54µs total=70.071µs
2026-08-18T13:16:22.560409+00:00   INFO pegaflow_core::storage::prefetch: prefetch.rs:316 Prefetch local-hit timing: req_id=cmpl-perf-87dee286a22e-0-b48c7e09 total_keys=76 hit=0 missing=76 key_build=77.512µs cache_scan=6.88µs task_schedule=2.24µs total=97.372µs
2026-08-18T13:16:24.639506+00:00   INFO pegaflow_core::storage::prefetch: prefetch.rs:316 Prefetch local-hit timing: req_id=cmpl-perf-0934e8a386bd-0-96de3347 total_keys=76 hit=0 missing=76 key_build=54.801µs cache_scan=20.54µs task_schedule=6.271µs total=114.162µs
2026-08-18T13:16:24.639751+00:00   INFO pegaflow_core::storage::prefetch: prefetch.rs:316 Prefetch local-hit timing: req_id=cmpl-perf-3502527a6dec-0-8f820dcc total_keys=76 hit=0 missing=76 key_build=72.592µs cache_scan=5.73µs task_schedule=1.98µs total=90.012µs
2026-08-18T13:16:24.641198+00:00   INFO pegaflow_core::storage::prefetch: prefetch.rs:316 Prefetch local-hit timing: req_id=cmpl-perf-e75fc9211f4e-0-8e628441 total_keys=76 hit=0 missing=76 key_build=83.902µs cache_scan=7.31µs task_schedule=2.52µs total=107.032µs
2026-08-18T13:16:24.642062+00:00   INFO pegaflow_core::storage::prefetch: prefetch.rs:316 Prefetch local-hit timing: req_id=cmpl-perf-4cce1bafd0c8-0-98bf22ad total_keys=76 hit=0 missing=76 key_build=51.751µs cache_scan=6.44µs task_schedule=2.33µs total=72.442µs
2026-08-18T13:16:29.257540+00:00   INFO pegaflow_core::storage::prefetch: prefetch.rs:316 Prefetch local-hit timing: req_id=cmpl-perf-fb05574bd515-0-be051406 total_keys=1 hit=0 missing=1 key_build=4.77µs cache_scan=7.15µs task_schedule=2.32µs total=27.91µs
2026-08-18T13:16:29.257495+00:00   INFO pegaflow_core::storage::prefetch: prefetch.rs:316 Prefetch local-hit timing: req_id=cmpl-perf-2315fe6d6a66-0-bbcb5447 total_keys=1 hit=0 missing=1 key_build=15.67µs cache_scan=21.44µs task_schedule=7.221µs total=84.251µs
2026-08-18T13:16:29.257636+00:00   INFO pegaflow_core::storage::prefetch: prefetch.rs:316 Prefetch local-hit timing: req_id=cmpl-perf-35ee095b37f1-0-935323b7 total_keys=1 hit=0 missing=1 key_build=3.46µs cache_scan=4.99µs task_schedule=1.55µs total=18.28µs
2026-08-18T13:16:29.257901+00:00   INFO pegaflow_core::storage::prefetch: prefetch.rs:316 Prefetch local-hit timing: req_id=cmpl-perf-7aed415aa593-0-84ab27be total_keys=1 hit=0 missing=1 key_build=7.76µs cache_scan=6.49µs task_schedule=2.09µs total=25.121µs
2026-08-18T13:16:30.540071+00:00   INFO pegaflow_core::storage::prefetch: prefetch.rs:316 Prefetch local-hit timing: req_id=cmpl-perf-8b378bf90ad6-0-a68c4e32 total_keys=1 hit=0 missing=1 key_build=11.86µs cache_scan=19.44µs task_schedule=6.8µs total=72.151µs
2026-08-18T13:16:30.540267+00:00   INFO pegaflow_core::storage::prefetch: prefetch.rs:316 Prefetch local-hit timing: req_id=cmpl-perf-1944ac4b715a-0-bdd38ee5 total_keys=1 hit=0 missing=1 key_build=4.671µs cache_scan=6.42µs task_schedule=2.53µs total=27.401µs
2026-08-18T13:16:30.540276+00:00   INFO pegaflow_core::storage::prefetch: prefetch.rs:316 Prefetch local-hit timing: req_id=cmpl-perf-edf7845c5258-0-8bb962a7 total_keys=1 hit=0 missing=1 key_build=4.72µs cache_scan=6.52µs task_schedule=2.27µs total=25.92µs
2026-08-18T13:16:30.541885+00:00   INFO pegaflow_core::storage::prefetch: prefetch.rs:316 Prefetch local-hit timing: req_id=cmpl-perf-bb4b1c54d138-0-8dea5590 total_keys=1 hit=0 missing=1 key_build=5.48µs cache_scan=6.34µs task_schedule=2.16µs total=25.75µs
2026-08-18T13:16:34.887793+00:00   INFO pegaflow_server::service: service.rs:955 Session closed: instance_id=1d304949-cbf0-40e2-907b-695119669407-200452c17acc4937826685671baa273e token=1 — running cleanup
2026-08-18T13:16:35.477177+00:00   INFO pegaflow_core: lib.rs:471 Unregistered instance: 1d304949-cbf0-40e2-907b-695119669407-200452c17acc4937826685671baa273e
2026-08-18T13:16:36.121865+00:00   INFO pegaflow_server::service: service.rs:955 Session closed: instance_id=ad2c9e09-e777-43d0-b2af-741e0c3ffcf1-a89264e0043348d881ffeefeeb244066 token=2 — running cleanup
2026-08-18T13:16:36.659184+00:00   INFO pegaflow_core: lib.rs:471 Unregistered instance: ad2c9e09-e777-43d0-b2af-741e0c3ffcf1-a89264e0043348d881ffeefeeb244066
2026-08-18T13:16:37.618731+00:00   INFO pegaflow_server::service: service.rs:955 Session closed: instance_id=4ee37c60-e273-4864-9ecd-4d2b9f9374c2-dcef74d6cfd946e4acd73fc476a252e6 token=3 — running cleanup
2026-08-18T13:16:38.186814+00:00   INFO pegaflow_server::service: service.rs:59 Session cleanup (stream closed): dropped 72 device tensors for instance 4ee37c60-e273-4864-9ecd-4d2b9f9374c2-dcef74d6cfd946e4acd73fc476a252e6
2026-08-18T13:16:38.187109+00:00   INFO pegaflow_core: lib.rs:471 Unregistered instance: 4ee37c60-e273-4864-9ecd-4d2b9f9374c2-dcef74d6cfd946e4acd73fc476a252e6
2026-08-18T13:16:39.036188+00:00   INFO pegaflow_server::service: service.rs:955 Session closed: instance_id=f20f62f4-ec8d-421f-b37a-9aeed02ae8dd-bd5d2a276824444082c4ded77cdf1344 token=4 — running cleanup
2026-08-18T13:16:39.603559+00:00   INFO pegaflow_server::service: service.rs:59 Session cleanup (stream closed): dropped 72 device tensors for instance f20f62f4-ec8d-421f-b37a-9aeed02ae8dd-bd5d2a276824444082c4ded77cdf1344
2026-08-18T13:16:39.603831+00:00   INFO pegaflow_core: lib.rs:471 Unregistered instance: f20f62f4-ec8d-421f-b37a-9aeed02ae8dd-bd5d2a276824444082c4ded77cdf1344
2026-08-18T13:16:40.401467+00:00   INFO pegaflow_server::service: service.rs:955 Session closed: instance_id=af88becf-bf05-45eb-af81-c5f49ff052fe-df73dfcd6838406cbc8d0ff6a39daae1 token=5 — running cleanup
2026-08-18T13:16:41.050262+00:00   INFO pegaflow_server::service: service.rs:59 Session cleanup (stream closed): dropped 72 device tensors for instance af88becf-bf05-45eb-af81-c5f49ff052fe-df73dfcd6838406cbc8d0ff6a39daae1
2026-08-18T13:16:41.050531+00:00   INFO pegaflow_core: lib.rs:471 Unregistered instance: af88becf-bf05-45eb-af81-c5f49ff052fe-df73dfcd6838406cbc8d0ff6a39daae1
2026-08-18T13:16:41.817581+00:00   INFO pegaflow_server::service: service.rs:955 Session closed: instance_id=5b984032-b5f5-4a4f-b04a-cdbf12333746-45ef0bcc8ff04cdaa5053cda27e7b6b1 token=6 — running cleanup
2026-08-18T13:16:42.419942+00:00   INFO pegaflow_server::service: service.rs:59 Session cleanup (stream closed): dropped 72 device tensors for instance 5b984032-b5f5-4a4f-b04a-cdbf12333746-45ef0bcc8ff04cdaa5053cda27e7b6b1
2026-08-18T13:16:42.420215+00:00   INFO pegaflow_core: lib.rs:471 Unregistered instance: 5b984032-b5f5-4a4f-b04a-cdbf12333746-45ef0bcc8ff04cdaa5053cda27e7b6b1
2026-08-18T13:16:43.134192+00:00   INFO pegaflow_server::service: service.rs:955 Session closed: instance_id=6f53a1e5-50fb-479f-bea0-cb1729bf5dd4-4990a0cd1693466faaccc7614d84a326 token=7 — running cleanup
2026-08-18T13:16:43.764525+00:00   INFO pegaflow_server::service: service.rs:59 Session cleanup (stream closed): dropped 72 device tensors for instance 6f53a1e5-50fb-479f-bea0-cb1729bf5dd4-4990a0cd1693466faaccc7614d84a326
2026-08-18T13:16:43.764798+00:00   INFO pegaflow_core: lib.rs:471 Unregistered instance: 6f53a1e5-50fb-479f-bea0-cb1729bf5dd4-4990a0cd1693466faaccc7614d84a326
2026-08-18T13:16:44.447094+00:00   INFO pegaflow_server::service: service.rs:955 Session closed: instance_id=7bd50606-9142-406a-92cc-62928230a4a7-8ed4c74438254c34bcdb24d676b26484 token=8 — running cleanup
2026-08-18T13:16:45.122783+00:00   INFO pegaflow_core: lib.rs:471 Unregistered instance: 7bd50606-9142-406a-92cc-62928230a4a7-8ed4c74438254c34bcdb24d676b26484
