2026-08-18T16:24:35.076620+00:00   INFO pegaflow_server: lib.rs:480 Starting pega-engine-server v0.23.3
2026-08-18T16:24:35.898764+00:00   INFO pegaflow_server: lib.rs:319 Ascend ACL runtime initialized, device 0 set as current
2026-08-18T16:24:35.899007+00:00   INFO pegaflow_server::check_ascend_version: check_ascend_version.rs:40 Ascend preflight: minimum required version 1.16.0
2026-08-18T16:24:35.899092+00:00   INFO pegaflow_server::check_ascend_version: check_ascend_version.rs:52 Ascend preflight: runtime version 1.17.0 detected
2026-08-18T16:24:35.899135+00:00   INFO pegaflow_server: lib.rs:498 Using specified device(s): [0, 1, 2, 3, 4, 5, 6, 7]
2026-08-18T16:24:44.759615+00:00   INFO pegaflow_server: lib.rs:397 Initialized context for device 0 in 0.01s
2026-08-18T16:24:45.485187+00:00   INFO pegaflow_server: lib.rs:397 Initialized context for device 1 in 0.73s
2026-08-18T16:24:46.212282+00:00   INFO pegaflow_server: lib.rs:397 Initialized context for device 2 in 0.73s
2026-08-18T16:24:46.946527+00:00   INFO pegaflow_server: lib.rs:397 Initialized context for device 3 in 0.73s
2026-08-18T16:24:47.660040+00:00   INFO pegaflow_server: lib.rs:397 Initialized context for device 4 in 0.71s
2026-08-18T16:24:48.388575+00:00   INFO pegaflow_server: lib.rs:397 Initialized context for device 5 in 0.73s
2026-08-18T16:24:49.146998+00:00   INFO pegaflow_server: lib.rs:397 Initialized context for device 6 in 0.76s
2026-08-18T16:24:49.866976+00:00   INFO pegaflow_server: lib.rs:397 Initialized context for device 7 in 0.72s
2026-08-18T16:24:49.867265+00:00   INFO pegaflow_server: lib.rs:507 Device runtime initialized for 8 device(s): [0, 1, 2, 3, 4, 5, 6, 7]
2026-08-18T16:24:49.867618+00:00   INFO pegaflow_server: lib.rs:528 Creating PegaEngine with pinned memory pool: 16.00 GiB (17179869184 bytes), hugepages=false
2026-08-18T16:24:49.895128+00:00   INFO pegaflow_server: lib.rs:446 Prometheus metrics exporter enabled
2026-08-18T16:24:49.895524+00:00   INFO opentelemetry: metrics.rs:29  name="MeterProvider.GlobalSet" message=Global meter provider is set. Meters can now be created using global::meter() or global::meter_with_scope().
2026-08-18T16:24:55.252682+00:00   INFO pegaflow_common::numa: numa.rs:650 === Device-NUMA Topology ===
2026-08-18T16:24:55.252847+00:00   INFO pegaflow_common::numa: numa.rs:651 NUMA nodes: 8
2026-08-18T16:24:55.252899+00:00   INFO pegaflow_common::numa: numa.rs:659   Device 0 -> NUMA6
2026-08-18T16:24:55.252925+00:00   INFO pegaflow_common::numa: numa.rs:659   Device 1 -> NUMA0
2026-08-18T16:24:55.252945+00:00   INFO pegaflow_common::numa: numa.rs:659   Device 2 -> NUMA6
2026-08-18T16:24:55.252964+00:00   INFO pegaflow_common::numa: numa.rs:659   Device 3 -> NUMA0
2026-08-18T16:24:55.252983+00:00   INFO pegaflow_common::numa: numa.rs:659   Device 4 -> NUMA4
2026-08-18T16:24:55.253002+00:00   INFO pegaflow_common::numa: numa.rs:659   Device 5 -> NUMA2
2026-08-18T16:24:55.253020+00:00   INFO pegaflow_common::numa: numa.rs:659   Device 6 -> NUMA4
2026-08-18T16:24:55.253038+00:00   INFO pegaflow_common::numa: numa.rs:659   Device 7 -> NUMA2
2026-08-18T16:24:55.253104+00:00   INFO pegaflow_core: lib.rs:163 Auto-enabling NUMA-aware memory allocation for 4 GPU-local NUMA nodes (8 CPU NUMA nodes detected)
2026-08-18T16:24:55.253131+00:00   INFO pegaflow_core::storage: mod.rs:150 Creating NUMA-aware pinned pools for 4 nodes
2026-08-18T16:24:55.253167+00:00   INFO pegaflow_core::pinned_pool: pinned_pool.rs:547 Creating NUMA-aware pools: total=16.0 GiB, nodes=4, per_node=4.0 GiB, shards_per_node=1
2026-08-18T16:24:55.254669+00:00   INFO pegaflow_core::pinned_pool: pinned_pool.rs:203 Allocating pinned memory pool with aclrtMallocHost mapped pages
2026-08-18T16:24:55.254857+00:00   INFO pegaflow_core::pinned_pool: pinned_pool.rs:262 Ascend pinned pool on NUMA node NUMA0 → using device 3
2026-08-18T16:24:55.428042+00:00   INFO pegaflow_core::pinned_pool: pinned_pool.rs:213 Pinned pool: backing_size=4.0 GiB, unit_size=512 B, max_units=8388608, allocatable_size=4.0 GiB
2026-08-18T16:24:55.769364+00:00   INFO pegaflow_core::pinned_pool: pinned_pool.rs:580 Created pinned pool on NUMA0: capacity=4.0 GiB
2026-08-18T16:24:55.770314+00:00   INFO pegaflow_core::pinned_pool: pinned_pool.rs:203 Allocating pinned memory pool with aclrtMallocHost mapped pages
2026-08-18T16:24:55.770465+00:00   INFO pegaflow_core::pinned_pool: pinned_pool.rs:262 Ascend pinned pool on NUMA node NUMA2 → using device 5
2026-08-18T16:24:55.940938+00:00   INFO pegaflow_core::pinned_pool: pinned_pool.rs:213 Pinned pool: backing_size=4.0 GiB, unit_size=512 B, max_units=8388608, allocatable_size=4.0 GiB
2026-08-18T16:24:56.285077+00:00   INFO pegaflow_core::pinned_pool: pinned_pool.rs:580 Created pinned pool on NUMA2: capacity=4.0 GiB
2026-08-18T16:24:56.285944+00:00   INFO pegaflow_core::pinned_pool: pinned_pool.rs:203 Allocating pinned memory pool with aclrtMallocHost mapped pages
2026-08-18T16:24:56.286123+00:00   INFO pegaflow_core::pinned_pool: pinned_pool.rs:262 Ascend pinned pool on NUMA node NUMA4 → using device 4
2026-08-18T16:24:56.456758+00:00   INFO pegaflow_core::pinned_pool: pinned_pool.rs:213 Pinned pool: backing_size=4.0 GiB, unit_size=512 B, max_units=8388608, allocatable_size=4.0 GiB
2026-08-18T16:24:56.798528+00:00   INFO pegaflow_core::pinned_pool: pinned_pool.rs:580 Created pinned pool on NUMA4: capacity=4.0 GiB
2026-08-18T16:24:56.799429+00:00   INFO pegaflow_core::pinned_pool: pinned_pool.rs:203 Allocating pinned memory pool with aclrtMallocHost mapped pages
2026-08-18T16:24:56.799626+00:00   INFO pegaflow_core::pinned_pool: pinned_pool.rs:262 Ascend pinned pool on NUMA node NUMA6 → using device 2
2026-08-18T16:24:56.964829+00:00   INFO pegaflow_core::pinned_pool: pinned_pool.rs:213 Pinned pool: backing_size=4.0 GiB, unit_size=512 B, max_units=8388608, allocatable_size=4.0 GiB
2026-08-18T16:24:57.301742+00:00   INFO pegaflow_core::pinned_pool: pinned_pool.rs:580 Created pinned pool on NUMA6: capacity=4.0 GiB
2026-08-18T16:24:57.302540+00:00   INFO pegaflow_server: lib.rs:688 Background GC task started (interval=60s, inflight_max_age=5m, failed_remote_max_age=5m)
2026-08-18T16:24:57.303080+00:00   INFO pegaflow_server::http_server: http_server.rs:187 Starting HTTP server on 0.0.0.0:9091 (/health, /metrics, /instances, /instances/cleanup, /cache/memory/cleanup)
2026-08-18T16:24:57.303221+00:00   INFO pegaflow_server: lib.rs:716 PegaEngine gRPC server listening on 0.0.0.0:50080
2026-08-18T16:26:59.041361+00:00   INFO pegaflow_server::registry: registry.rs:217 IPC import timing: device_id=0 size_bytes=533725184 import_ms=11.99 (perf-t1)
2026-08-18T16:26:59.046598+00:00   INFO pegaflow_server::registry: registry.rs:217 IPC import timing: device_id=0 size_bytes=533725184 import_ms=2.82 (perf-t1)
2026-08-18T16:26:59.050068+00:00   INFO pegaflow_server::registry: registry.rs:217 IPC import timing: device_id=0 size_bytes=533725184 import_ms=2.85 (perf-t1)
2026-08-18T16:26:59.053530+00:00   INFO pegaflow_server::registry: registry.rs:217 IPC import timing: device_id=0 size_bytes=533725184 import_ms=2.90 (perf-t1)
2026-08-18T16:26:59.059470+00:00   INFO pegaflow_server::registry: registry.rs:217 IPC import timing: device_id=0 size_bytes=533725184 import_ms=5.33 (perf-t1)
2026-08-18T16:26:59.062960+00:00   INFO pegaflow_server::registry: registry.rs:217 IPC import timing: device_id=0 size_bytes=533725184 import_ms=2.94 (perf-t1)
2026-08-18T16:26:59.066321+00:00   INFO pegaflow_server::registry: registry.rs:217 IPC import timing: device_id=0 size_bytes=533725184 import_ms=2.81 (perf-t1)
2026-08-18T16:26:59.069758+00:00   INFO pegaflow_server::registry: registry.rs:217 IPC import timing: device_id=0 size_bytes=533725184 import_ms=2.88 (perf-t1)
2026-08-18T16:26:59.074710+00:00   INFO pegaflow_server::registry: registry.rs:217 IPC import timing: device_id=0 size_bytes=533725184 import_ms=4.39 (perf-t1)
2026-08-18T16:26:59.080808+00:00   INFO pegaflow_server::registry: registry.rs:217 IPC import timing: device_id=0 size_bytes=533725184 import_ms=5.57 (perf-t1)
2026-08-18T16:26:59.084309+00:00   INFO pegaflow_server::registry: registry.rs:217 IPC import timing: device_id=0 size_bytes=533725184 import_ms=2.91 (perf-t1)
2026-08-18T16:26:59.087652+00:00   INFO pegaflow_server::registry: registry.rs:217 IPC import timing: device_id=0 size_bytes=533725184 import_ms=2.79 (perf-t1)
2026-08-18T16:26:59.091178+00:00   INFO pegaflow_server::registry: registry.rs:217 IPC import timing: device_id=0 size_bytes=533725184 import_ms=3.00 (perf-t1)
2026-08-18T16:26:59.094551+00:00   INFO pegaflow_server::registry: registry.rs:217 IPC import timing: device_id=0 size_bytes=533725184 import_ms=2.82 (perf-t1)
2026-08-18T16:26:59.097894+00:00   INFO pegaflow_server::registry: registry.rs:217 IPC import timing: device_id=0 size_bytes=533725184 import_ms=2.80 (perf-t1)
2026-08-18T16:26:59.102371+00:00   INFO pegaflow_server::registry: registry.rs:217 IPC import timing: device_id=0 size_bytes=533725184 import_ms=3.85 (perf-t1)
2026-08-18T16:26:59.114131+00:00   INFO pegaflow_server::registry: registry.rs:217 IPC import timing: device_id=0 size_bytes=533725184 import_ms=11.18 (perf-t1)
2026-08-18T16:26:59.117427+00:00   INFO pegaflow_server::registry: registry.rs:217 IPC import timing: device_id=0 size_bytes=533725184 import_ms=2.74 (perf-t1)
2026-08-18T16:26:59.120762+00:00   INFO pegaflow_server::registry: registry.rs:217 IPC import timing: device_id=0 size_bytes=533725184 import_ms=2.81 (perf-t1)
2026-08-18T16:26:59.124063+00:00   INFO pegaflow_server::registry: registry.rs:217 IPC import timing: device_id=0 size_bytes=533725184 import_ms=2.75 (perf-t1)
2026-08-18T16:26:59.130378+00:00   INFO pegaflow_server::registry: registry.rs:217 IPC import timing: device_id=0 size_bytes=533725184 import_ms=5.78 (perf-t1)
2026-08-18T16:26:59.133724+00:00   INFO pegaflow_server::registry: registry.rs:217 IPC import timing: device_id=0 size_bytes=533725184 import_ms=2.77 (perf-t1)
2026-08-18T16:26:59.137004+00:00   INFO pegaflow_server::registry: registry.rs:217 IPC import timing: device_id=0 size_bytes=533725184 import_ms=2.72 (perf-t1)
2026-08-18T16:26:59.140389+00:00   INFO pegaflow_server::registry: registry.rs:217 IPC import timing: device_id=0 size_bytes=533725184 import_ms=2.86 (perf-t1)
2026-08-18T16:26:59.143741+00:00   INFO pegaflow_server::registry: registry.rs:217 IPC import timing: device_id=0 size_bytes=533725184 import_ms=2.81 (perf-t1)
2026-08-18T16:26:59.147250+00:00   INFO pegaflow_server::registry: registry.rs:217 IPC import timing: device_id=0 size_bytes=533725184 import_ms=2.97 (perf-t1)
2026-08-18T16:26:59.150883+00:00   INFO pegaflow_server::registry: registry.rs:217 IPC import timing: device_id=0 size_bytes=533725184 import_ms=3.09 (perf-t1)
2026-08-18T16:26:59.154260+00:00   INFO pegaflow_server::registry: registry.rs:217 IPC import timing: device_id=0 size_bytes=533725184 import_ms=2.85 (perf-t1)
2026-08-18T16:26:59.157569+00:00   INFO pegaflow_server::registry: registry.rs:217 IPC import timing: device_id=0 size_bytes=533725184 import_ms=2.74 (perf-t1)
2026-08-18T16:26:59.162252+00:00   INFO pegaflow_server::registry: registry.rs:217 IPC import timing: device_id=0 size_bytes=533725184 import_ms=4.02 (perf-t1)
2026-08-18T16:26:59.165800+00:00   INFO pegaflow_server::registry: registry.rs:217 IPC import timing: device_id=0 size_bytes=533725184 import_ms=3.00 (perf-t1)
2026-08-18T16:26:59.169278+00:00   INFO pegaflow_server::registry: registry.rs:217 IPC import timing: device_id=0 size_bytes=533725184 import_ms=2.88 (perf-t1)
2026-08-18T16:26:59.172697+00:00   INFO pegaflow_server::registry: registry.rs:217 IPC import timing: device_id=0 size_bytes=533725184 import_ms=2.89 (perf-t1)
2026-08-18T16:26:59.176920+00:00   INFO pegaflow_server::registry: registry.rs:217 IPC import timing: device_id=0 size_bytes=533725184 import_ms=3.69 (perf-t1)
2026-08-18T16:26:59.180782+00:00   INFO pegaflow_server::registry: registry.rs:217 IPC import timing: device_id=0 size_bytes=533725184 import_ms=3.30 (perf-t1)
2026-08-18T16:26:59.184046+00:00   INFO pegaflow_server::registry: registry.rs:217 IPC import timing: device_id=0 size_bytes=533725184 import_ms=2.74 (perf-t1)
2026-08-18T16:26:59.187396+00:00   INFO pegaflow_server::registry: registry.rs:217 IPC import timing: device_id=0 size_bytes=533725184 import_ms=2.79 (perf-t1)
2026-08-18T16:26:59.190671+00:00   INFO pegaflow_server::registry: registry.rs:217 IPC import timing: device_id=0 size_bytes=533725184 import_ms=2.70 (perf-t1)
2026-08-18T16:26:59.193990+00:00   INFO pegaflow_server::registry: registry.rs:217 IPC import timing: device_id=0 size_bytes=533725184 import_ms=2.79 (perf-t1)
2026-08-18T16:26:59.197255+00:00   INFO pegaflow_server::registry: registry.rs:217 IPC import timing: device_id=0 size_bytes=533725184 import_ms=2.74 (perf-t1)
2026-08-18T16:26:59.200699+00:00   INFO pegaflow_server::registry: registry.rs:217 IPC import timing: device_id=0 size_bytes=533725184 import_ms=2.90 (perf-t1)
2026-08-18T16:26:59.203984+00:00   INFO pegaflow_server::registry: registry.rs:217 IPC import timing: device_id=0 size_bytes=533725184 import_ms=2.73 (perf-t1)
2026-08-18T16:26:59.207316+00:00   INFO pegaflow_server::registry: registry.rs:217 IPC import timing: device_id=0 size_bytes=533725184 import_ms=2.79 (perf-t1)
2026-08-18T16:26:59.210641+00:00   INFO pegaflow_server::registry: registry.rs:217 IPC import timing: device_id=0 size_bytes=533725184 import_ms=2.77 (perf-t1)
2026-08-18T16:26:59.213877+00:00   INFO pegaflow_server::registry: registry.rs:217 IPC import timing: device_id=0 size_bytes=533725184 import_ms=2.70 (perf-t1)
2026-08-18T16:26:59.218902+00:00   INFO pegaflow_server::registry: registry.rs:217 IPC import timing: device_id=0 size_bytes=533725184 import_ms=4.50 (perf-t1)
2026-08-18T16:26:59.222430+00:00   INFO pegaflow_server::registry: registry.rs:217 IPC import timing: device_id=0 size_bytes=533725184 import_ms=2.96 (perf-t1)
2026-08-18T16:26:59.225806+00:00   INFO pegaflow_server::registry: registry.rs:217 IPC import timing: device_id=0 size_bytes=533725184 import_ms=2.84 (perf-t1)
2026-08-18T16:26:59.232274+00:00   INFO pegaflow_server::registry: registry.rs:217 IPC import timing: device_id=0 size_bytes=533725184 import_ms=5.16 (perf-t1)
2026-08-18T16:26:59.235702+00:00   INFO pegaflow_server::registry: registry.rs:217 IPC import timing: device_id=0 size_bytes=533725184 import_ms=2.79 (perf-t1)
2026-08-18T16:26:59.238993+00:00   INFO pegaflow_server::registry: registry.rs:217 IPC import timing: device_id=0 size_bytes=533725184 import_ms=2.74 (perf-t1)
2026-08-18T16:26:59.242297+00:00   INFO pegaflow_server::registry: registry.rs:217 IPC import timing: device_id=0 size_bytes=533725184 import_ms=2.73 (perf-t1)
2026-08-18T16:26:59.245691+00:00   INFO pegaflow_server::registry: registry.rs:217 IPC import timing: device_id=0 size_bytes=533725184 import_ms=2.80 (perf-t1)
2026-08-18T16:26:59.248959+00:00   INFO pegaflow_server::registry: registry.rs:217 IPC import timing: device_id=0 size_bytes=533725184 import_ms=2.72 (perf-t1)
2026-08-18T16:26:59.252286+00:00   INFO pegaflow_server::registry: registry.rs:217 IPC import timing: device_id=0 size_bytes=533725184 import_ms=2.79 (perf-t1)
2026-08-18T16:26:59.255613+00:00   INFO pegaflow_server::registry: registry.rs:217 IPC import timing: device_id=0 size_bytes=533725184 import_ms=2.73 (perf-t1)
2026-08-18T16:26:59.260380+00:00   INFO pegaflow_server::registry: registry.rs:217 IPC import timing: device_id=0 size_bytes=533725184 import_ms=4.23 (perf-t1)
2026-08-18T16:26:59.263911+00:00   INFO pegaflow_server::registry: registry.rs:217 IPC import timing: device_id=0 size_bytes=533725184 import_ms=2.84 (perf-t1)
2026-08-18T16:26:59.267503+00:00   INFO pegaflow_server::registry: registry.rs:217 IPC import timing: device_id=0 size_bytes=533725184 import_ms=3.00 (perf-t1)
2026-08-18T16:26:59.270740+00:00   INFO pegaflow_server::registry: registry.rs:217 IPC import timing: device_id=0 size_bytes=533725184 import_ms=2.70 (perf-t1)
2026-08-18T16:26:59.274722+00:00   INFO pegaflow_server::registry: registry.rs:217 IPC import timing: device_id=0 size_bytes=533725184 import_ms=3.44 (perf-t1)
2026-08-18T16:26:59.281592+00:00   INFO pegaflow_server::registry: registry.rs:217 IPC import timing: device_id=0 size_bytes=533725184 import_ms=6.31 (perf-t1)
2026-08-18T16:26:59.285309+00:00   INFO pegaflow_server::registry: registry.rs:217 IPC import timing: device_id=0 size_bytes=533725184 import_ms=3.14 (perf-t1)
2026-08-18T16:26:59.288703+00:00   INFO pegaflow_server::registry: registry.rs:217 IPC import timing: device_id=0 size_bytes=533725184 import_ms=2.85 (perf-t1)
2026-08-18T16:26:59.292078+00:00   INFO pegaflow_server::registry: registry.rs:217 IPC import timing: device_id=0 size_bytes=533725184 import_ms=2.82 (perf-t1)
2026-08-18T16:26:59.295534+00:00   INFO pegaflow_server::registry: registry.rs:217 IPC import timing: device_id=0 size_bytes=533725184 import_ms=2.83 (perf-t1)
2026-08-18T16:26:59.298758+00:00   INFO pegaflow_server::registry: registry.rs:217 IPC import timing: device_id=0 size_bytes=533725184 import_ms=2.69 (perf-t1)
2026-08-18T16:26:59.302085+00:00   INFO pegaflow_server::registry: registry.rs:217 IPC import timing: device_id=0 size_bytes=533725184 import_ms=2.79 (perf-t1)
2026-08-18T16:26:59.305400+00:00   INFO pegaflow_server::registry: registry.rs:217 IPC import timing: device_id=0 size_bytes=533725184 import_ms=2.75 (perf-t1)
2026-08-18T16:26:59.309104+00:00   INFO pegaflow_server::registry: registry.rs:217 IPC import timing: device_id=0 size_bytes=533725184 import_ms=3.18 (perf-t1)
2026-08-18T16:26:59.312578+00:00   INFO pegaflow_server::registry: registry.rs:217 IPC import timing: device_id=0 size_bytes=533725184 import_ms=2.93 (perf-t1)
2026-08-18T16:26:59.315935+00:00   INFO pegaflow_server::registry: registry.rs:217 IPC import timing: device_id=0 size_bytes=533725184 import_ms=2.77 (perf-t1)
2026-08-18T16:26:59.319657+00:00   INFO pegaflow_core::gpu_worker: gpu_worker.rs:338 GPU worker initialized: device=0 backend=ascend_batch device_id=0
2026-08-18T16:26:59.319862+00:00   INFO pegaflow_core::gpu_worker: gpu_worker.rs:338 GPU worker initialized: device=0 backend=ascend_batch device_id=0
2026-08-18T16:26:59.320130+00:00   INFO pegaflow_core::gpu_worker: gpu_worker.rs:200 GPU worker pool started: device=0, numa_node=NUMA6, transfer_mode=AscendDirect
2026-08-18T16:26:59.320914+00:00   INFO pegaflow_core::instance: instance.rs:706 Sealed instance topology: instance=70628fb4-0197-4f85-82a6-569a66d166be-981e09fcdd5e41ce91b9e6b142b77fbe, num_layers=72, tp_size=1, world_size=1, total_slots=72
2026-08-18T16:26:59.320980+00:00   INFO pegaflow_core::instance: instance.rs:719 Initialized GPU context: device_id=0, numa_node=NUMA6
2026-08-18T16:26:59.321013+00:00   INFO pegaflow_core: lib.rs:452 Registered context batch: instance=70628fb4-0197-4f85-82a6-569a66d166be-981e09fcdd5e41ce91b9e6b142b77fbe, namespace=perf-t2-c8-i200-shared-c1, device=0, layers=72, tp_rank=0/1, pp_rank=0
2026-08-18T16:27:01.596559+00:00   INFO pegaflow_server::registry: registry.rs:217 IPC import timing: device_id=2 size_bytes=533725184 import_ms=25.69 (perf-t1)
2026-08-18T16:27:01.600900+00:00   INFO pegaflow_server::registry: registry.rs:217 IPC import timing: device_id=2 size_bytes=533725184 import_ms=3.16 (perf-t1)
2026-08-18T16:27:01.644470+00:00   INFO pegaflow_server::registry: registry.rs:217 IPC import timing: device_id=2 size_bytes=533725184 import_ms=42.92 (perf-t1)
2026-08-18T16:27:01.648932+00:00   INFO pegaflow_server::registry: registry.rs:217 IPC import timing: device_id=2 size_bytes=533725184 import_ms=3.61 (perf-t1)
2026-08-18T16:27:01.692698+00:00   INFO pegaflow_server::registry: registry.rs:217 IPC import timing: device_id=2 size_bytes=533725184 import_ms=43.18 (perf-t1)
2026-08-18T16:27:01.740916+00:00   INFO pegaflow_server::registry: registry.rs:217 IPC import timing: device_id=2 size_bytes=533725184 import_ms=42.42 (perf-t1)
2026-08-18T16:27:01.744541+00:00   INFO pegaflow_server::registry: registry.rs:217 IPC import timing: device_id=2 size_bytes=533725184 import_ms=3.01 (perf-t1)
2026-08-18T16:27:01.790061+00:00   INFO pegaflow_server::registry: registry.rs:217 IPC import timing: device_id=2 size_bytes=533725184 import_ms=44.99 (perf-t1)
2026-08-18T16:27:01.832259+00:00   INFO pegaflow_server::registry: registry.rs:217 IPC import timing: device_id=2 size_bytes=533725184 import_ms=41.57 (perf-t1)
2026-08-18T16:27:01.836078+00:00   INFO pegaflow_server::registry: registry.rs:217 IPC import timing: device_id=2 size_bytes=533725184 import_ms=3.14 (perf-t1)
2026-08-18T16:27:01.880210+00:00   INFO pegaflow_server::registry: registry.rs:217 IPC import timing: device_id=2 size_bytes=533725184 import_ms=43.24 (perf-t1)
2026-08-18T16:27:01.884094+00:00   INFO pegaflow_server::registry: registry.rs:217 IPC import timing: device_id=2 size_bytes=533725184 import_ms=3.26 (perf-t1)
2026-08-18T16:27:01.887686+00:00   INFO pegaflow_server::registry: registry.rs:217 IPC import timing: device_id=2 size_bytes=533725184 import_ms=3.02 (perf-t1)
2026-08-18T16:27:01.924515+00:00   INFO pegaflow_server::registry: registry.rs:217 IPC import timing: device_id=2 size_bytes=533725184 import_ms=36.29 (perf-t1)
2026-08-18T16:27:01.930454+00:00   INFO pegaflow_server::registry: registry.rs:217 IPC import timing: device_id=2 size_bytes=533725184 import_ms=5.36 (perf-t1)
2026-08-18T16:27:01.972222+00:00   INFO pegaflow_server::registry: registry.rs:217 IPC import timing: device_id=2 size_bytes=533725184 import_ms=41.22 (perf-t1)
2026-08-18T16:27:01.975848+00:00   INFO pegaflow_server::registry: registry.rs:217 IPC import timing: device_id=2 size_bytes=533725184 import_ms=3.05 (perf-t1)
2026-08-18T16:27:02.020357+00:00   INFO pegaflow_server::registry: registry.rs:217 IPC import timing: device_id=2 size_bytes=533725184 import_ms=43.93 (perf-t1)
2026-08-18T16:27:02.024169+00:00   INFO pegaflow_server::registry: registry.rs:217 IPC import timing: device_id=2 size_bytes=533725184 import_ms=3.27 (perf-t1)
2026-08-18T16:27:02.068833+00:00   INFO pegaflow_server::registry: registry.rs:217 IPC import timing: device_id=2 size_bytes=533725184 import_ms=44.10 (perf-t1)
2026-08-18T16:27:02.076840+00:00   INFO pegaflow_server::registry: registry.rs:217 IPC import timing: device_id=2 size_bytes=533725184 import_ms=6.84 (perf-t1)
2026-08-18T16:27:02.116458+00:00   INFO pegaflow_server::registry: registry.rs:217 IPC import timing: device_id=2 size_bytes=533725184 import_ms=38.97 (perf-t1)
2026-08-18T16:27:02.120076+00:00   INFO pegaflow_server::registry: registry.rs:217 IPC import timing: device_id=2 size_bytes=533725184 import_ms=2.99 (perf-t1)
2026-08-18T16:27:02.167757+00:00   INFO pegaflow_server::registry: registry.rs:217 IPC import timing: device_id=2 size_bytes=533725184 import_ms=47.07 (perf-t1)
2026-08-18T16:27:02.172689+00:00   INFO pegaflow_server::registry: registry.rs:217 IPC import timing: device_id=2 size_bytes=533725184 import_ms=4.25 (perf-t1)
2026-08-18T16:27:02.176222+00:00   INFO pegaflow_server::registry: registry.rs:217 IPC import timing: device_id=2 size_bytes=533725184 import_ms=2.97 (perf-t1)
2026-08-18T16:27:02.179973+00:00   INFO pegaflow_server::registry: registry.rs:217 IPC import timing: device_id=2 size_bytes=533725184 import_ms=3.14 (perf-t1)
2026-08-18T16:27:02.183435+00:00   INFO pegaflow_server::registry: registry.rs:217 IPC import timing: device_id=2 size_bytes=533725184 import_ms=2.88 (perf-t1)
2026-08-18T16:27:02.186861+00:00   INFO pegaflow_server::registry: registry.rs:217 IPC import timing: device_id=2 size_bytes=533725184 import_ms=2.86 (perf-t1)
2026-08-18T16:27:02.192412+00:00   INFO pegaflow_server::registry: registry.rs:217 IPC import timing: device_id=2 size_bytes=533725184 import_ms=4.88 (perf-t1)
2026-08-18T16:27:02.196170+00:00   INFO pegaflow_server::registry: registry.rs:217 IPC import timing: device_id=2 size_bytes=533725184 import_ms=3.18 (perf-t1)
2026-08-18T16:27:02.199480+00:00   INFO pegaflow_server::registry: registry.rs:217 IPC import timing: device_id=2 size_bytes=533725184 import_ms=2.74 (perf-t1)
2026-08-18T16:27:02.202943+00:00   INFO pegaflow_server::registry: registry.rs:217 IPC import timing: device_id=2 size_bytes=533725184 import_ms=2.87 (perf-t1)
2026-08-18T16:27:02.207170+00:00   INFO pegaflow_server::registry: registry.rs:217 IPC import timing: device_id=2 size_bytes=533725184 import_ms=3.64 (perf-t1)
2026-08-18T16:27:02.210774+00:00   INFO pegaflow_server::registry: registry.rs:217 IPC import timing: device_id=2 size_bytes=533725184 import_ms=3.04 (perf-t1)
2026-08-18T16:27:02.214165+00:00   INFO pegaflow_server::registry: registry.rs:217 IPC import timing: device_id=2 size_bytes=533725184 import_ms=2.78 (perf-t1)
2026-08-18T16:27:02.217582+00:00   INFO pegaflow_server::registry: registry.rs:217 IPC import timing: device_id=2 size_bytes=533725184 import_ms=2.86 (perf-t1)
2026-08-18T16:27:02.220939+00:00   INFO pegaflow_server::registry: registry.rs:217 IPC import timing: device_id=2 size_bytes=533725184 import_ms=2.80 (perf-t1)
2026-08-18T16:27:02.224382+00:00   INFO pegaflow_server::registry: registry.rs:217 IPC import timing: device_id=2 size_bytes=533725184 import_ms=2.86 (perf-t1)
2026-08-18T16:27:02.228324+00:00   INFO pegaflow_server::registry: registry.rs:217 IPC import timing: device_id=2 size_bytes=533725184 import_ms=3.34 (perf-t1)
2026-08-18T16:27:02.233363+00:00   INFO pegaflow_server::registry: registry.rs:217 IPC import timing: device_id=2 size_bytes=533725184 import_ms=4.46 (perf-t1)
2026-08-18T16:27:02.237379+00:00   INFO pegaflow_server::registry: registry.rs:217 IPC import timing: device_id=2 size_bytes=533725184 import_ms=3.41 (perf-t1)
2026-08-18T16:27:02.249028+00:00   INFO pegaflow_server::registry: registry.rs:217 IPC import timing: device_id=2 size_bytes=533725184 import_ms=11.08 (perf-t1)
2026-08-18T16:27:02.252740+00:00   INFO pegaflow_server::registry: registry.rs:217 IPC import timing: device_id=2 size_bytes=533725184 import_ms=2.86 (perf-t1)
2026-08-18T16:27:02.256269+00:00   INFO pegaflow_server::registry: registry.rs:217 IPC import timing: device_id=2 size_bytes=533725184 import_ms=2.93 (perf-t1)
2026-08-18T16:27:02.262025+00:00   INFO pegaflow_server::registry: registry.rs:217 IPC import timing: device_id=2 size_bytes=533725184 import_ms=5.15 (perf-t1)
2026-08-18T16:27:02.265700+00:00   INFO pegaflow_server::registry: registry.rs:217 IPC import timing: device_id=2 size_bytes=533725184 import_ms=3.10 (perf-t1)
2026-08-18T16:27:02.269159+00:00   INFO pegaflow_server::registry: registry.rs:217 IPC import timing: device_id=2 size_bytes=533725184 import_ms=2.87 (perf-t1)
2026-08-18T16:27:02.275015+00:00   INFO pegaflow_server::registry: registry.rs:217 IPC import timing: device_id=2 size_bytes=533725184 import_ms=5.29 (perf-t1)
2026-08-18T16:27:02.280134+00:00   INFO pegaflow_server::registry: registry.rs:217 IPC import timing: device_id=2 size_bytes=533725184 import_ms=4.52 (perf-t1)
2026-08-18T16:27:02.284037+00:00   INFO pegaflow_server::registry: registry.rs:217 IPC import timing: device_id=2 size_bytes=533725184 import_ms=3.27 (perf-t1)
2026-08-18T16:27:02.330888+00:00   INFO pegaflow_server::registry: registry.rs:217 IPC import timing: device_id=2 size_bytes=533725184 import_ms=46.27 (perf-t1)
2026-08-18T16:27:02.334507+00:00   INFO pegaflow_server::registry: registry.rs:217 IPC import timing: device_id=2 size_bytes=533725184 import_ms=3.03 (perf-t1)
2026-08-18T16:27:02.373179+00:00   INFO pegaflow_server::registry: registry.rs:217 IPC import timing: device_id=2 size_bytes=533725184 import_ms=38.09 (perf-t1)
2026-08-18T16:27:02.376715+00:00   INFO pegaflow_server::registry: registry.rs:217 IPC import timing: device_id=2 size_bytes=533725184 import_ms=2.97 (perf-t1)
2026-08-18T16:27:02.421067+00:00   INFO pegaflow_server::registry: registry.rs:217 IPC import timing: device_id=2 size_bytes=533725184 import_ms=43.81 (perf-t1)
2026-08-18T16:27:02.424740+00:00   INFO pegaflow_server::registry: registry.rs:217 IPC import timing: device_id=2 size_bytes=533725184 import_ms=3.10 (perf-t1)
2026-08-18T16:27:02.465264+00:00   INFO pegaflow_server::registry: registry.rs:217 IPC import timing: device_id=2 size_bytes=533725184 import_ms=39.87 (perf-t1)
2026-08-18T16:27:02.504409+00:00   INFO pegaflow_server::registry: registry.rs:217 IPC import timing: device_id=2 size_bytes=533725184 import_ms=38.24 (perf-t1)
2026-08-18T16:27:02.521159+00:00   INFO pegaflow_server::registry: registry.rs:217 IPC import timing: device_id=2 size_bytes=533725184 import_ms=16.14 (perf-t1)
2026-08-18T16:27:02.524649+00:00   INFO pegaflow_server::registry: registry.rs:217 IPC import timing: device_id=2 size_bytes=533725184 import_ms=2.88 (perf-t1)
2026-08-18T16:27:02.570266+00:00   INFO pegaflow_server::registry: registry.rs:217 IPC import timing: device_id=2 size_bytes=533725184 import_ms=45.06 (perf-t1)
2026-08-18T16:27:02.573912+00:00   INFO pegaflow_server::registry: registry.rs:217 IPC import timing: device_id=2 size_bytes=533725184 import_ms=3.08 (perf-t1)
2026-08-18T16:27:02.616920+00:00   INFO pegaflow_server::registry: registry.rs:217 IPC import timing: device_id=2 size_bytes=533725184 import_ms=42.43 (perf-t1)
2026-08-18T16:27:02.620348+00:00   INFO pegaflow_server::registry: registry.rs:217 IPC import timing: device_id=2 size_bytes=533725184 import_ms=2.85 (perf-t1)
2026-08-18T16:27:02.669073+00:00   INFO pegaflow_server::registry: registry.rs:217 IPC import timing: device_id=2 size_bytes=533725184 import_ms=48.17 (perf-t1)
2026-08-18T16:27:02.755862+00:00   INFO pegaflow_server::registry: registry.rs:217 IPC import timing: device_id=2 size_bytes=533725184 import_ms=85.91 (perf-t1)
2026-08-18T16:27:02.764661+00:00   INFO pegaflow_server::registry: registry.rs:217 IPC import timing: device_id=2 size_bytes=533725184 import_ms=8.19 (perf-t1)
2026-08-18T16:27:02.768132+00:00   INFO pegaflow_server::registry: registry.rs:217 IPC import timing: device_id=2 size_bytes=533725184 import_ms=2.91 (perf-t1)
2026-08-18T16:27:02.771998+00:00   INFO pegaflow_server::registry: registry.rs:217 IPC import timing: device_id=2 size_bytes=533725184 import_ms=3.26 (perf-t1)
2026-08-18T16:27:02.812777+00:00   INFO pegaflow_server::registry: registry.rs:217 IPC import timing: device_id=2 size_bytes=533725184 import_ms=40.22 (perf-t1)
2026-08-18T16:27:02.816187+00:00   INFO pegaflow_server::registry: registry.rs:217 IPC import timing: device_id=2 size_bytes=533725184 import_ms=2.84 (perf-t1)
2026-08-18T16:27:02.859226+00:00   INFO pegaflow_core::gpu_worker: gpu_worker.rs:338 GPU worker initialized: device=2 backend=ascend_batch device_id=2
2026-08-18T16:27:02.859137+00:00   INFO pegaflow_core::gpu_worker: gpu_worker.rs:338 GPU worker initialized: device=2 backend=ascend_batch device_id=2
2026-08-18T16:27:02.859610+00:00   INFO pegaflow_core::gpu_worker: gpu_worker.rs:200 GPU worker pool started: device=2, numa_node=NUMA6, transfer_mode=AscendDirect
2026-08-18T16:27:02.860307+00:00   INFO pegaflow_core::instance: instance.rs:706 Sealed instance topology: instance=e1a6b86a-53bc-45fb-ac3e-4f58992de8d1-726a1cf3c1554c34b8229e6714aabfc8, num_layers=72, tp_size=1, world_size=1, total_slots=72
2026-08-18T16:27:02.860392+00:00   INFO pegaflow_core::instance: instance.rs:719 Initialized GPU context: device_id=2, numa_node=NUMA6
2026-08-18T16:27:02.860426+00:00   INFO pegaflow_core: lib.rs:452 Registered context batch: instance=e1a6b86a-53bc-45fb-ac3e-4f58992de8d1-726a1cf3c1554c34b8229e6714aabfc8, namespace=perf-t2-c8-i200-shared-c1, device=2, layers=72, tp_rank=0/1, pp_rank=0
2026-08-18T16:27:02.860757+00:00   INFO pegaflow_server::registry: registry.rs:217 IPC import timing: device_id=6 size_bytes=533725184 import_ms=43.74 (perf-t1)
2026-08-18T16:27:02.864883+00:00   INFO pegaflow_server::registry: registry.rs:217 IPC import timing: device_id=6 size_bytes=533725184 import_ms=3.24 (perf-t1)
2026-08-18T16:27:02.909372+00:00   INFO pegaflow_server::registry: registry.rs:217 IPC import timing: device_id=6 size_bytes=533725184 import_ms=43.88 (perf-t1)
2026-08-18T16:27:02.913050+00:00   INFO pegaflow_server::registry: registry.rs:217 IPC import timing: device_id=6 size_bytes=533725184 import_ms=3.07 (perf-t1)
2026-08-18T16:27:02.978211+00:00   INFO pegaflow_server::registry: registry.rs:217 IPC import timing: device_id=6 size_bytes=533725184 import_ms=64.59 (perf-t1)
2026-08-18T16:27:03.026283+00:00   INFO pegaflow_server::registry: registry.rs:217 IPC import timing: device_id=6 size_bytes=533725184 import_ms=47.51 (perf-t1)
2026-08-18T16:27:03.074069+00:00   INFO pegaflow_server::registry: registry.rs:217 IPC import timing: device_id=6 size_bytes=533725184 import_ms=47.20 (perf-t1)
2026-08-18T16:27:03.121988+00:00   INFO pegaflow_server::registry: registry.rs:217 IPC import timing: device_id=6 size_bytes=533725184 import_ms=47.06 (perf-t1)
2026-08-18T16:27:03.170169+00:00   INFO pegaflow_server::registry: registry.rs:217 IPC import timing: device_id=6 size_bytes=533725184 import_ms=47.57 (perf-t1)
2026-08-18T16:27:03.217902+00:00   INFO pegaflow_server::registry: registry.rs:217 IPC import timing: device_id=6 size_bytes=533725184 import_ms=47.14 (perf-t1)
2026-08-18T16:27:03.265754+00:00   INFO pegaflow_server::registry: registry.rs:217 IPC import timing: device_id=6 size_bytes=533725184 import_ms=47.29 (perf-t1)
2026-08-18T16:27:03.319073+00:00   INFO pegaflow_server::registry: registry.rs:217 IPC import timing: device_id=6 size_bytes=533725184 import_ms=52.43 (perf-t1)
2026-08-18T16:27:03.365949+00:00   INFO pegaflow_server::registry: registry.rs:217 IPC import timing: device_id=6 size_bytes=533725184 import_ms=46.27 (perf-t1)
2026-08-18T16:27:03.414522+00:00   INFO pegaflow_server::registry: registry.rs:217 IPC import timing: device_id=6 size_bytes=533725184 import_ms=48.01 (perf-t1)
2026-08-18T16:27:03.512801+00:00   INFO pegaflow_server::registry: registry.rs:217 IPC import timing: device_id=6 size_bytes=533725184 import_ms=97.71 (perf-t1)
2026-08-18T16:27:03.619117+00:00   INFO pegaflow_server::registry: registry.rs:217 IPC import timing: device_id=6 size_bytes=533725184 import_ms=105.42 (perf-t1)
2026-08-18T16:27:03.706734+00:00   INFO pegaflow_server::registry: registry.rs:217 IPC import timing: device_id=6 size_bytes=533725184 import_ms=87.03 (perf-t1)
2026-08-18T16:27:03.797756+00:00   INFO pegaflow_server::registry: registry.rs:217 IPC import timing: device_id=6 size_bytes=533725184 import_ms=90.05 (perf-t1)
2026-08-18T16:27:03.913944+00:00   INFO pegaflow_server::registry: registry.rs:217 IPC import timing: device_id=6 size_bytes=533725184 import_ms=115.59 (perf-t1)
2026-08-18T16:27:04.017870+00:00   INFO pegaflow_server::registry: registry.rs:217 IPC import timing: device_id=6 size_bytes=533725184 import_ms=102.99 (perf-t1)
2026-08-18T16:27:04.113756+00:00   INFO pegaflow_server::registry: registry.rs:217 IPC import timing: device_id=6 size_bytes=533725184 import_ms=95.23 (perf-t1)
2026-08-18T16:27:04.213748+00:00   INFO pegaflow_server::registry: registry.rs:217 IPC import timing: device_id=6 size_bytes=533725184 import_ms=99.04 (perf-t1)
2026-08-18T16:27:04.270996+00:00   INFO pegaflow_server::registry: registry.rs:217 IPC import timing: device_id=6 size_bytes=533725184 import_ms=56.64 (perf-t1)
2026-08-18T16:27:04.319269+00:00   INFO pegaflow_server::registry: registry.rs:217 IPC import timing: device_id=6 size_bytes=533725184 import_ms=47.34 (perf-t1)
2026-08-18T16:27:04.365742+00:00   INFO pegaflow_server::registry: registry.rs:217 IPC import timing: device_id=6 size_bytes=533725184 import_ms=45.86 (perf-t1)
2026-08-18T16:27:04.413905+00:00   INFO pegaflow_server::registry: registry.rs:217 IPC import timing: device_id=6 size_bytes=533725184 import_ms=47.59 (perf-t1)
2026-08-18T16:27:04.461870+00:00   INFO pegaflow_server::registry: registry.rs:217 IPC import timing: device_id=6 size_bytes=533725184 import_ms=47.36 (perf-t1)
2026-08-18T16:27:04.512890+00:00   INFO pegaflow_server::registry: registry.rs:217 IPC import timing: device_id=6 size_bytes=533725184 import_ms=50.03 (perf-t1)
2026-08-18T16:27:04.565681+00:00   INFO pegaflow_server::registry: registry.rs:217 IPC import timing: device_id=6 size_bytes=533725184 import_ms=52.20 (perf-t1)
2026-08-18T16:27:04.620517+00:00   INFO pegaflow_server::registry: registry.rs:217 IPC import timing: device_id=6 size_bytes=533725184 import_ms=54.23 (perf-t1)
2026-08-18T16:27:04.703282+00:00   INFO pegaflow_server::registry: registry.rs:217 IPC import timing: device_id=6 size_bytes=533725184 import_ms=82.13 (perf-t1)
2026-08-18T16:27:04.751078+00:00   INFO pegaflow_server::registry: registry.rs:217 IPC import timing: device_id=6 size_bytes=533725184 import_ms=46.88 (perf-t1)
2026-08-18T16:27:04.798960+00:00   INFO pegaflow_server::registry: registry.rs:217 IPC import timing: device_id=6 size_bytes=533725184 import_ms=47.26 (perf-t1)
2026-08-18T16:27:04.847244+00:00   INFO pegaflow_server::registry: registry.rs:217 IPC import timing: device_id=6 size_bytes=533725184 import_ms=47.68 (perf-t1)
2026-08-18T16:27:04.896555+00:00   INFO pegaflow_server::registry: registry.rs:217 IPC import timing: device_id=6 size_bytes=533725184 import_ms=48.73 (perf-t1)
2026-08-18T16:27:04.900896+00:00   INFO pegaflow_server::registry: registry.rs:217 IPC import timing: device_id=6 size_bytes=533725184 import_ms=3.24 (perf-t1)
2026-08-18T16:27:04.944463+00:00   INFO pegaflow_server::registry: registry.rs:217 IPC import timing: device_id=6 size_bytes=533725184 import_ms=42.95 (perf-t1)
2026-08-18T16:27:04.948057+00:00   INFO pegaflow_server::registry: registry.rs:217 IPC import timing: device_id=6 size_bytes=533725184 import_ms=2.97 (perf-t1)
2026-08-18T16:27:05.043186+00:00   INFO pegaflow_server::registry: registry.rs:217 IPC import timing: device_id=6 size_bytes=533725184 import_ms=94.56 (perf-t1)
2026-08-18T16:27:05.092177+00:00   INFO pegaflow_server::registry: registry.rs:217 IPC import timing: device_id=6 size_bytes=533725184 import_ms=48.37 (perf-t1)
2026-08-18T16:27:05.135391+00:00   INFO pegaflow_server::registry: registry.rs:217 IPC import timing: device_id=6 size_bytes=533725184 import_ms=42.33 (perf-t1)
2026-08-18T16:27:05.164159+00:00   INFO pegaflow_server::registry: registry.rs:217 IPC import timing: device_id=6 size_bytes=533725184 import_ms=28.21 (perf-t1)
2026-08-18T16:27:05.167758+00:00   INFO pegaflow_server::registry: registry.rs:217 IPC import timing: device_id=6 size_bytes=533725184 import_ms=2.97 (perf-t1)
2026-08-18T16:27:05.224583+00:00   INFO pegaflow_server::registry: registry.rs:217 IPC import timing: device_id=6 size_bytes=533725184 import_ms=56.27 (perf-t1)
2026-08-18T16:27:05.228368+00:00   INFO pegaflow_server::registry: registry.rs:217 IPC import timing: device_id=6 size_bytes=533725184 import_ms=3.22 (perf-t1)
2026-08-18T16:27:05.277345+00:00   INFO pegaflow_server::registry: registry.rs:217 IPC import timing: device_id=6 size_bytes=533725184 import_ms=48.39 (perf-t1)
2026-08-18T16:27:05.324231+00:00   INFO pegaflow_server::registry: registry.rs:217 IPC import timing: device_id=6 size_bytes=533725184 import_ms=45.99 (perf-t1)
2026-08-18T16:27:05.369246+00:00   INFO pegaflow_server::registry: registry.rs:217 IPC import timing: device_id=6 size_bytes=533725184 import_ms=44.41 (perf-t1)
2026-08-18T16:27:05.372687+00:00   INFO pegaflow_server::registry: registry.rs:217 IPC import timing: device_id=6 size_bytes=533725184 import_ms=2.85 (perf-t1)
2026-08-18T16:27:05.376429+00:00   INFO pegaflow_server::registry: registry.rs:217 IPC import timing: device_id=6 size_bytes=533725184 import_ms=3.18 (perf-t1)
2026-08-18T16:27:05.420199+00:00   INFO pegaflow_server::registry: registry.rs:217 IPC import timing: device_id=6 size_bytes=533725184 import_ms=43.21 (perf-t1)
2026-08-18T16:27:05.423614+00:00   INFO pegaflow_server::registry: registry.rs:217 IPC import timing: device_id=6 size_bytes=533725184 import_ms=2.84 (perf-t1)
2026-08-18T16:27:05.468726+00:00   INFO pegaflow_server::registry: registry.rs:217 IPC import timing: device_id=6 size_bytes=533725184 import_ms=44.54 (perf-t1)
2026-08-18T16:27:05.525468+00:00   INFO pegaflow_server::registry: registry.rs:217 IPC import timing: device_id=6 size_bytes=533725184 import_ms=55.88 (perf-t1)
2026-08-18T16:27:05.568160+00:00   INFO pegaflow_server::registry: registry.rs:217 IPC import timing: device_id=6 size_bytes=533725184 import_ms=42.13 (perf-t1)
2026-08-18T16:27:05.571710+00:00   INFO pegaflow_server::registry: registry.rs:217 IPC import timing: device_id=6 size_bytes=533725184 import_ms=2.95 (perf-t1)
2026-08-18T16:27:05.616291+00:00   INFO pegaflow_server::registry: registry.rs:217 IPC import timing: device_id=6 size_bytes=533725184 import_ms=44.03 (perf-t1)
2026-08-18T16:27:05.619894+00:00   INFO pegaflow_server::registry: registry.rs:217 IPC import timing: device_id=6 size_bytes=533725184 import_ms=2.92 (perf-t1)
2026-08-18T16:27:05.664063+00:00   INFO pegaflow_server::registry: registry.rs:217 IPC import timing: device_id=6 size_bytes=533725184 import_ms=43.58 (perf-t1)
2026-08-18T16:27:05.667831+00:00   INFO pegaflow_server::registry: registry.rs:217 IPC import timing: device_id=6 size_bytes=533725184 import_ms=2.87 (perf-t1)
2026-08-18T16:27:05.671274+00:00   INFO pegaflow_server::registry: registry.rs:217 IPC import timing: device_id=6 size_bytes=533725184 import_ms=2.86 (perf-t1)
2026-08-18T16:27:05.721102+00:00   INFO pegaflow_server::registry: registry.rs:217 IPC import timing: device_id=6 size_bytes=533725184 import_ms=49.24 (perf-t1)
2026-08-18T16:27:05.730377+00:00   INFO pegaflow_server::registry: registry.rs:217 IPC import timing: device_id=6 size_bytes=533725184 import_ms=8.69 (perf-t1)
2026-08-18T16:27:05.768024+00:00   INFO pegaflow_server::registry: registry.rs:217 IPC import timing: device_id=6 size_bytes=533725184 import_ms=37.07 (perf-t1)
2026-08-18T16:27:05.771771+00:00   INFO pegaflow_server::registry: registry.rs:217 IPC import timing: device_id=6 size_bytes=533725184 import_ms=3.15 (perf-t1)
2026-08-18T16:27:05.815922+00:00   INFO pegaflow_server::registry: registry.rs:217 IPC import timing: device_id=6 size_bytes=533725184 import_ms=43.58 (perf-t1)
2026-08-18T16:27:05.819492+00:00   INFO pegaflow_server::registry: registry.rs:217 IPC import timing: device_id=6 size_bytes=533725184 import_ms=3.00 (perf-t1)
2026-08-18T16:27:05.864688+00:00   INFO pegaflow_server::registry: registry.rs:217 IPC import timing: device_id=6 size_bytes=533725184 import_ms=44.59 (perf-t1)
2026-08-18T16:27:05.868461+00:00   INFO pegaflow_server::registry: registry.rs:217 IPC import timing: device_id=6 size_bytes=533725184 import_ms=2.90 (perf-t1)
2026-08-18T16:27:05.916166+00:00   INFO pegaflow_server::registry: registry.rs:217 IPC import timing: device_id=6 size_bytes=533725184 import_ms=47.15 (perf-t1)
2026-08-18T16:27:05.919776+00:00   INFO pegaflow_server::registry: registry.rs:217 IPC import timing: device_id=6 size_bytes=533725184 import_ms=3.00 (perf-t1)
2026-08-18T16:27:05.982889+00:00   INFO pegaflow_server::registry: registry.rs:217 IPC import timing: device_id=6 size_bytes=533725184 import_ms=62.56 (perf-t1)
2026-08-18T16:27:05.986641+00:00   INFO pegaflow_server::registry: registry.rs:217 IPC import timing: device_id=1 size_bytes=533725184 import_ms=2.99 (perf-t1)
2026-08-18T16:27:05.986762+00:00   INFO pegaflow_core::gpu_worker: gpu_worker.rs:338 GPU worker initialized: device=6 backend=ascend_batch device_id=6
2026-08-18T16:27:05.986977+00:00   INFO pegaflow_core::gpu_worker: gpu_worker.rs:338 GPU worker initialized: device=6 backend=ascend_batch device_id=6
2026-08-18T16:27:05.987169+00:00   INFO pegaflow_core::gpu_worker: gpu_worker.rs:200 GPU worker pool started: device=6, numa_node=NUMA4, transfer_mode=AscendDirect
2026-08-18T16:27:05.987836+00:00   INFO pegaflow_core::instance: instance.rs:706 Sealed instance topology: instance=086cf476-82a2-4ebe-926f-80e209bf89ff-c6ce532cd7f04247a963d6b4fe545ca0, num_layers=72, tp_size=1, world_size=1, total_slots=72
2026-08-18T16:27:05.987884+00:00   INFO pegaflow_core::instance: instance.rs:719 Initialized GPU context: device_id=6, numa_node=NUMA4
2026-08-18T16:27:05.987912+00:00   INFO pegaflow_core: lib.rs:452 Registered context batch: instance=086cf476-82a2-4ebe-926f-80e209bf89ff-c6ce532cd7f04247a963d6b4fe545ca0, namespace=perf-t2-c8-i200-shared-c1, device=6, layers=72, tp_rank=0/1, pp_rank=0
2026-08-18T16:27:05.990288+00:00   INFO pegaflow_server::registry: registry.rs:217 IPC import timing: device_id=1 size_bytes=533725184 import_ms=3.02 (perf-t1)
2026-08-18T16:27:06.031186+00:00   INFO pegaflow_server::registry: registry.rs:217 IPC import timing: device_id=1 size_bytes=533725184 import_ms=40.32 (perf-t1)
2026-08-18T16:27:06.080806+00:00   INFO pegaflow_server::registry: registry.rs:217 IPC import timing: device_id=1 size_bytes=533725184 import_ms=49.05 (perf-t1)
2026-08-18T16:27:06.084744+00:00   INFO pegaflow_server::registry: registry.rs:217 IPC import timing: device_id=1 size_bytes=533725184 import_ms=3.00 (perf-t1)
2026-08-18T16:27:06.130920+00:00   INFO pegaflow_server::registry: registry.rs:217 IPC import timing: device_id=1 size_bytes=533725184 import_ms=45.62 (perf-t1)
2026-08-18T16:27:06.176147+00:00   INFO pegaflow_server::registry: registry.rs:217 IPC import timing: device_id=1 size_bytes=533725184 import_ms=44.62 (perf-t1)
2026-08-18T16:27:06.179948+00:00   INFO pegaflow_server::registry: registry.rs:217 IPC import timing: device_id=1 size_bytes=533725184 import_ms=3.19 (perf-t1)
2026-08-18T16:27:06.233372+00:00   INFO pegaflow_server::registry: registry.rs:217 IPC import timing: device_id=1 size_bytes=533725184 import_ms=52.86 (perf-t1)
2026-08-18T16:27:06.284319+00:00   INFO pegaflow_server::registry: registry.rs:217 IPC import timing: device_id=1 size_bytes=533725184 import_ms=50.36 (perf-t1)
2026-08-18T16:27:06.332113+00:00   INFO pegaflow_server::registry: registry.rs:217 IPC import timing: device_id=1 size_bytes=533725184 import_ms=46.89 (perf-t1)
2026-08-18T16:27:06.335769+00:00   INFO pegaflow_server::registry: registry.rs:217 IPC import timing: device_id=1 size_bytes=533725184 import_ms=3.06 (perf-t1)
2026-08-18T16:27:06.381491+00:00   INFO pegaflow_server::registry: registry.rs:217 IPC import timing: device_id=1 size_bytes=533725184 import_ms=45.18 (perf-t1)
2026-08-18T16:27:06.431497+00:00   INFO pegaflow_server::registry: registry.rs:217 IPC import timing: device_id=1 size_bytes=533725184 import_ms=49.42 (perf-t1)
2026-08-18T16:27:06.476185+00:00   INFO pegaflow_server::registry: registry.rs:217 IPC import timing: device_id=1 size_bytes=533725184 import_ms=44.14 (perf-t1)
2026-08-18T16:27:06.480744+00:00   INFO pegaflow_server::registry: registry.rs:217 IPC import timing: device_id=1 size_bytes=533725184 import_ms=3.58 (perf-t1)
2026-08-18T16:27:06.523968+00:00   INFO pegaflow_server::registry: registry.rs:217 IPC import timing: device_id=1 size_bytes=533725184 import_ms=42.63 (perf-t1)
2026-08-18T16:27:06.542978+00:00   INFO pegaflow_server::registry: registry.rs:217 IPC import timing: device_id=1 size_bytes=533725184 import_ms=18.43 (perf-t1)
2026-08-18T16:27:06.553234+00:00   INFO pegaflow_server::registry: registry.rs:217 IPC import timing: device_id=1 size_bytes=533725184 import_ms=9.69 (perf-t1)
2026-08-18T16:27:06.564868+00:00   INFO pegaflow_server::registry: registry.rs:217 IPC import timing: device_id=1 size_bytes=533725184 import_ms=11.04 (perf-t1)
2026-08-18T16:27:06.570471+00:00   INFO pegaflow_server::registry: registry.rs:217 IPC import timing: device_id=1 size_bytes=533725184 import_ms=5.02 (perf-t1)
2026-08-18T16:27:06.574217+00:00   INFO pegaflow_server::registry: registry.rs:217 IPC import timing: device_id=1 size_bytes=533725184 import_ms=3.20 (perf-t1)
2026-08-18T16:27:06.577982+00:00   INFO pegaflow_server::registry: registry.rs:217 IPC import timing: device_id=1 size_bytes=533725184 import_ms=3.16 (perf-t1)
2026-08-18T16:27:06.584295+00:00   INFO pegaflow_server::registry: registry.rs:217 IPC import timing: device_id=1 size_bytes=533725184 import_ms=5.76 (perf-t1)
2026-08-18T16:27:06.588368+00:00   INFO pegaflow_server::registry: registry.rs:217 IPC import timing: device_id=1 size_bytes=533725184 import_ms=3.49 (perf-t1)
2026-08-18T16:27:06.591958+00:00   INFO pegaflow_server::registry: registry.rs:217 IPC import timing: device_id=1 size_bytes=533725184 import_ms=2.97 (perf-t1)
2026-08-18T16:27:06.595398+00:00   INFO pegaflow_server::registry: registry.rs:217 IPC import timing: device_id=1 size_bytes=533725184 import_ms=2.88 (perf-t1)
2026-08-18T16:27:06.599086+00:00   INFO pegaflow_server::registry: registry.rs:217 IPC import timing: device_id=1 size_bytes=533725184 import_ms=3.12 (perf-t1)
2026-08-18T16:27:06.602493+00:00   INFO pegaflow_server::registry: registry.rs:217 IPC import timing: device_id=1 size_bytes=533725184 import_ms=2.82 (perf-t1)
2026-08-18T16:27:06.607052+00:00   INFO pegaflow_server::registry: registry.rs:217 IPC import timing: device_id=1 size_bytes=533725184 import_ms=3.96 (perf-t1)
2026-08-18T16:27:06.611026+00:00   INFO pegaflow_server::registry: registry.rs:217 IPC import timing: device_id=1 size_bytes=533725184 import_ms=3.39 (perf-t1)
2026-08-18T16:27:06.614418+00:00   INFO pegaflow_server::registry: registry.rs:217 IPC import timing: device_id=1 size_bytes=533725184 import_ms=2.81 (perf-t1)
2026-08-18T16:27:06.617831+00:00   INFO pegaflow_server::registry: registry.rs:217 IPC import timing: device_id=1 size_bytes=533725184 import_ms=2.85 (perf-t1)
2026-08-18T16:27:06.621164+00:00   INFO pegaflow_server::registry: registry.rs:217 IPC import timing: device_id=1 size_bytes=533725184 import_ms=2.77 (perf-t1)
2026-08-18T16:27:06.624861+00:00   INFO pegaflow_server::registry: registry.rs:217 IPC import timing: device_id=1 size_bytes=533725184 import_ms=3.09 (perf-t1)
2026-08-18T16:27:06.632284+00:00   INFO pegaflow_server::registry: registry.rs:217 IPC import timing: device_id=1 size_bytes=533725184 import_ms=6.83 (perf-t1)
2026-08-18T16:27:06.636169+00:00   INFO pegaflow_server::registry: registry.rs:217 IPC import timing: device_id=1 size_bytes=533725184 import_ms=3.28 (perf-t1)
2026-08-18T16:27:06.639674+00:00   INFO pegaflow_server::registry: registry.rs:217 IPC import timing: device_id=1 size_bytes=533725184 import_ms=2.91 (perf-t1)
2026-08-18T16:27:06.643558+00:00   INFO pegaflow_server::registry: registry.rs:217 IPC import timing: device_id=1 size_bytes=533725184 import_ms=3.31 (perf-t1)
2026-08-18T16:27:06.647040+00:00   INFO pegaflow_server::registry: registry.rs:217 IPC import timing: device_id=1 size_bytes=533725184 import_ms=2.92 (perf-t1)
2026-08-18T16:27:06.650915+00:00   INFO pegaflow_server::registry: registry.rs:217 IPC import timing: device_id=1 size_bytes=533725184 import_ms=3.28 (perf-t1)
2026-08-18T16:27:06.654338+00:00   INFO pegaflow_server::registry: registry.rs:217 IPC import timing: device_id=1 size_bytes=533725184 import_ms=2.82 (perf-t1)
2026-08-18T16:27:06.659595+00:00   INFO pegaflow_server::registry: registry.rs:217 IPC import timing: device_id=1 size_bytes=533725184 import_ms=4.69 (perf-t1)
2026-08-18T16:27:06.663124+00:00   INFO pegaflow_server::registry: registry.rs:217 IPC import timing: device_id=1 size_bytes=533725184 import_ms=2.94 (perf-t1)
2026-08-18T16:27:06.666490+00:00   INFO pegaflow_server::registry: registry.rs:217 IPC import timing: device_id=1 size_bytes=533725184 import_ms=2.79 (perf-t1)
2026-08-18T16:27:06.671483+00:00   INFO pegaflow_server::registry: registry.rs:217 IPC import timing: device_id=1 size_bytes=533725184 import_ms=4.10 (perf-t1)
2026-08-18T16:27:06.675312+00:00   INFO pegaflow_server::registry: registry.rs:217 IPC import timing: device_id=1 size_bytes=533725184 import_ms=3.25 (perf-t1)
2026-08-18T16:27:06.680133+00:00   INFO pegaflow_server::registry: registry.rs:217 IPC import timing: device_id=1 size_bytes=533725184 import_ms=4.25 (perf-t1)
2026-08-18T16:27:06.683872+00:00   INFO pegaflow_server::registry: registry.rs:217 IPC import timing: device_id=1 size_bytes=533725184 import_ms=3.18 (perf-t1)
2026-08-18T16:27:06.687246+00:00   INFO pegaflow_server::registry: registry.rs:217 IPC import timing: device_id=1 size_bytes=533725184 import_ms=2.80 (perf-t1)
2026-08-18T16:27:06.690576+00:00   INFO pegaflow_server::registry: registry.rs:217 IPC import timing: device_id=1 size_bytes=533725184 import_ms=2.76 (perf-t1)
2026-08-18T16:27:06.693881+00:00   INFO pegaflow_server::registry: registry.rs:217 IPC import timing: device_id=1 size_bytes=533725184 import_ms=2.76 (perf-t1)
2026-08-18T16:27:06.697248+00:00   INFO pegaflow_server::registry: registry.rs:217 IPC import timing: device_id=1 size_bytes=533725184 import_ms=2.82 (perf-t1)
2026-08-18T16:27:06.700590+00:00   INFO pegaflow_server::registry: registry.rs:217 IPC import timing: device_id=1 size_bytes=533725184 import_ms=2.77 (perf-t1)
2026-08-18T16:27:06.703976+00:00   INFO pegaflow_server::registry: registry.rs:217 IPC import timing: device_id=1 size_bytes=533725184 import_ms=2.85 (perf-t1)
2026-08-18T16:27:06.709094+00:00   INFO pegaflow_server::registry: registry.rs:217 IPC import timing: device_id=1 size_bytes=533725184 import_ms=4.54 (perf-t1)
2026-08-18T16:27:06.712514+00:00   INFO pegaflow_server::registry: registry.rs:217 IPC import timing: device_id=1 size_bytes=533725184 import_ms=2.84 (perf-t1)
2026-08-18T16:27:06.715852+00:00   INFO pegaflow_server::registry: registry.rs:217 IPC import timing: device_id=1 size_bytes=533725184 import_ms=2.70 (perf-t1)
2026-08-18T16:27:06.719254+00:00   INFO pegaflow_server::registry: registry.rs:217 IPC import timing: device_id=1 size_bytes=533725184 import_ms=2.86 (perf-t1)
2026-08-18T16:27:06.722557+00:00   INFO pegaflow_server::registry: registry.rs:217 IPC import timing: device_id=1 size_bytes=533725184 import_ms=2.73 (perf-t1)
2026-08-18T16:27:06.725904+00:00   INFO pegaflow_server::registry: registry.rs:217 IPC import timing: device_id=1 size_bytes=533725184 import_ms=2.80 (perf-t1)
2026-08-18T16:27:06.731535+00:00   INFO pegaflow_server::registry: registry.rs:217 IPC import timing: device_id=1 size_bytes=533725184 import_ms=5.09 (perf-t1)
2026-08-18T16:27:06.735262+00:00   INFO pegaflow_server::registry: registry.rs:217 IPC import timing: device_id=1 size_bytes=533725184 import_ms=3.16 (perf-t1)
2026-08-18T16:27:06.738593+00:00   INFO pegaflow_server::registry: registry.rs:217 IPC import timing: device_id=1 size_bytes=533725184 import_ms=2.79 (perf-t1)
2026-08-18T16:27:06.741841+00:00   INFO pegaflow_server::registry: registry.rs:217 IPC import timing: device_id=1 size_bytes=533725184 import_ms=2.70 (perf-t1)
2026-08-18T16:27:06.745296+00:00   INFO pegaflow_server::registry: registry.rs:217 IPC import timing: device_id=1 size_bytes=533725184 import_ms=2.86 (perf-t1)
2026-08-18T16:27:06.748621+00:00   INFO pegaflow_server::registry: registry.rs:217 IPC import timing: device_id=1 size_bytes=533725184 import_ms=2.78 (perf-t1)
2026-08-18T16:27:06.752059+00:00   INFO pegaflow_server::registry: registry.rs:217 IPC import timing: device_id=1 size_bytes=533725184 import_ms=2.90 (perf-t1)
2026-08-18T16:27:06.755397+00:00   INFO pegaflow_server::registry: registry.rs:217 IPC import timing: device_id=1 size_bytes=533725184 import_ms=2.76 (perf-t1)
2026-08-18T16:27:06.758861+00:00   INFO pegaflow_server::registry: registry.rs:217 IPC import timing: device_id=1 size_bytes=533725184 import_ms=2.91 (perf-t1)
2026-08-18T16:27:06.762161+00:00   INFO pegaflow_server::registry: registry.rs:217 IPC import timing: device_id=1 size_bytes=533725184 import_ms=2.76 (perf-t1)
2026-08-18T16:27:06.765532+00:00   INFO pegaflow_server::registry: registry.rs:217 IPC import timing: device_id=1 size_bytes=533725184 import_ms=2.77 (perf-t1)
2026-08-18T16:27:06.769295+00:00   INFO pegaflow_server::registry: registry.rs:217 IPC import timing: device_id=7 size_bytes=533725184 import_ms=2.95 (perf-t1)
2026-08-18T16:27:06.769873+00:00   INFO pegaflow_core::gpu_worker: gpu_worker.rs:338 GPU worker initialized: device=1 backend=ascend_batch device_id=1
2026-08-18T16:27:06.770330+00:00   INFO pegaflow_core::gpu_worker: gpu_worker.rs:338 GPU worker initialized: device=1 backend=ascend_batch device_id=1
2026-08-18T16:27:06.770547+00:00   INFO pegaflow_core::gpu_worker: gpu_worker.rs:200 GPU worker pool started: device=1, numa_node=NUMA0, transfer_mode=AscendDirect
2026-08-18T16:27:06.771300+00:00   INFO pegaflow_core::instance: instance.rs:706 Sealed instance topology: instance=812424f5-6ce5-46a1-b8b1-a81b9de45bb4-fe7dfef51f864526bd2ad58aedbc0934, num_layers=72, tp_size=1, world_size=1, total_slots=72
2026-08-18T16:27:06.771354+00:00   INFO pegaflow_core::instance: instance.rs:719 Initialized GPU context: device_id=1, numa_node=NUMA0
2026-08-18T16:27:06.771385+00:00   INFO pegaflow_core: lib.rs:452 Registered context batch: instance=812424f5-6ce5-46a1-b8b1-a81b9de45bb4-fe7dfef51f864526bd2ad58aedbc0934, namespace=perf-t2-c8-i200-shared-c1, device=1, layers=72, tp_rank=0/1, pp_rank=0
2026-08-18T16:27:06.773019+00:00   INFO pegaflow_server::registry: registry.rs:217 IPC import timing: device_id=7 size_bytes=533725184 import_ms=3.13 (perf-t1)
2026-08-18T16:27:06.776645+00:00   INFO pegaflow_server::registry: registry.rs:217 IPC import timing: device_id=7 size_bytes=533725184 import_ms=3.02 (perf-t1)
2026-08-18T16:27:06.780255+00:00   INFO pegaflow_server::registry: registry.rs:217 IPC import timing: device_id=7 size_bytes=533725184 import_ms=3.02 (perf-t1)
2026-08-18T16:27:06.783828+00:00   INFO pegaflow_server::registry: registry.rs:217 IPC import timing: device_id=7 size_bytes=533725184 import_ms=3.00 (perf-t1)
2026-08-18T16:27:06.787499+00:00   INFO pegaflow_server::registry: registry.rs:217 IPC import timing: device_id=7 size_bytes=533725184 import_ms=3.05 (perf-t1)
2026-08-18T16:27:06.790929+00:00   INFO pegaflow_server::registry: registry.rs:217 IPC import timing: device_id=7 size_bytes=533725184 import_ms=2.88 (perf-t1)
2026-08-18T16:27:06.794449+00:00   INFO pegaflow_server::registry: registry.rs:217 IPC import timing: device_id=7 size_bytes=533725184 import_ms=2.97 (perf-t1)
2026-08-18T16:27:06.798012+00:00   INFO pegaflow_server::registry: registry.rs:217 IPC import timing: device_id=7 size_bytes=533725184 import_ms=2.98 (perf-t1)
2026-08-18T16:27:06.801617+00:00   INFO pegaflow_server::registry: registry.rs:217 IPC import timing: device_id=7 size_bytes=533725184 import_ms=3.06 (perf-t1)
2026-08-18T16:27:06.805130+00:00   INFO pegaflow_server::registry: registry.rs:217 IPC import timing: device_id=7 size_bytes=533725184 import_ms=2.96 (perf-t1)
2026-08-18T16:27:06.808597+00:00   INFO pegaflow_server::registry: registry.rs:217 IPC import timing: device_id=7 size_bytes=533725184 import_ms=2.91 (perf-t1)
2026-08-18T16:27:06.812119+00:00   INFO pegaflow_server::registry: registry.rs:217 IPC import timing: device_id=7 size_bytes=533725184 import_ms=2.98 (perf-t1)
2026-08-18T16:27:06.815601+00:00   INFO pegaflow_server::registry: registry.rs:217 IPC import timing: device_id=7 size_bytes=533725184 import_ms=2.89 (perf-t1)
2026-08-18T16:27:06.819073+00:00   INFO pegaflow_server::registry: registry.rs:217 IPC import timing: device_id=7 size_bytes=533725184 import_ms=2.91 (perf-t1)
2026-08-18T16:27:06.822581+00:00   INFO pegaflow_server::registry: registry.rs:217 IPC import timing: device_id=7 size_bytes=533725184 import_ms=2.95 (perf-t1)
2026-08-18T16:27:06.826083+00:00   INFO pegaflow_server::registry: registry.rs:217 IPC import timing: device_id=7 size_bytes=533725184 import_ms=2.95 (perf-t1)
2026-08-18T16:27:06.832518+00:00   INFO pegaflow_server::registry: registry.rs:217 IPC import timing: device_id=7 size_bytes=533725184 import_ms=5.86 (perf-t1)
2026-08-18T16:27:06.835938+00:00   INFO pegaflow_server::registry: registry.rs:217 IPC import timing: device_id=7 size_bytes=533725184 import_ms=2.88 (perf-t1)
2026-08-18T16:27:06.839329+00:00   INFO pegaflow_server::registry: registry.rs:217 IPC import timing: device_id=7 size_bytes=533725184 import_ms=2.85 (perf-t1)
2026-08-18T16:27:06.842616+00:00   INFO pegaflow_server::registry: registry.rs:217 IPC import timing: device_id=7 size_bytes=533725184 import_ms=2.72 (perf-t1)
2026-08-18T16:27:06.846159+00:00   INFO pegaflow_server::registry: registry.rs:217 IPC import timing: device_id=7 size_bytes=533725184 import_ms=3.01 (perf-t1)
2026-08-18T16:27:06.849511+00:00   INFO pegaflow_server::registry: registry.rs:217 IPC import timing: device_id=7 size_bytes=533725184 import_ms=2.81 (perf-t1)
2026-08-18T16:27:06.853045+00:00   INFO pegaflow_server::registry: registry.rs:217 IPC import timing: device_id=7 size_bytes=533725184 import_ms=2.94 (perf-t1)
2026-08-18T16:27:06.856417+00:00   INFO pegaflow_server::registry: registry.rs:217 IPC import timing: device_id=7 size_bytes=533725184 import_ms=2.83 (perf-t1)
2026-08-18T16:27:06.859906+00:00   INFO pegaflow_server::registry: registry.rs:217 IPC import timing: device_id=7 size_bytes=533725184 import_ms=2.95 (perf-t1)
2026-08-18T16:27:06.863299+00:00   INFO pegaflow_server::registry: registry.rs:217 IPC import timing: device_id=7 size_bytes=533725184 import_ms=2.81 (perf-t1)
2026-08-18T16:27:06.866716+00:00   INFO pegaflow_server::registry: registry.rs:217 IPC import timing: device_id=7 size_bytes=533725184 import_ms=2.88 (perf-t1)
2026-08-18T16:27:06.870424+00:00   INFO pegaflow_server::registry: registry.rs:217 IPC import timing: device_id=7 size_bytes=533725184 import_ms=2.84 (perf-t1)
2026-08-18T16:27:06.875772+00:00   INFO pegaflow_server::registry: registry.rs:217 IPC import timing: device_id=7 size_bytes=533725184 import_ms=4.71 (perf-t1)
2026-08-18T16:27:06.880355+00:00   INFO pegaflow_server::registry: registry.rs:217 IPC import timing: device_id=7 size_bytes=533725184 import_ms=3.99 (perf-t1)
2026-08-18T16:27:06.883711+00:00   INFO pegaflow_server::registry: registry.rs:217 IPC import timing: device_id=7 size_bytes=533725184 import_ms=2.80 (perf-t1)
2026-08-18T16:27:06.887139+00:00   INFO pegaflow_server::registry: registry.rs:217 IPC import timing: device_id=7 size_bytes=533725184 import_ms=2.86 (perf-t1)
2026-08-18T16:27:06.890506+00:00   INFO pegaflow_server::registry: registry.rs:217 IPC import timing: device_id=7 size_bytes=533725184 import_ms=2.78 (perf-t1)
2026-08-18T16:27:06.894075+00:00   INFO pegaflow_server::registry: registry.rs:217 IPC import timing: device_id=7 size_bytes=533725184 import_ms=3.02 (perf-t1)
2026-08-18T16:27:06.897507+00:00   INFO pegaflow_server::registry: registry.rs:217 IPC import timing: device_id=7 size_bytes=533725184 import_ms=2.85 (perf-t1)
2026-08-18T16:27:06.900949+00:00   INFO pegaflow_server::registry: registry.rs:217 IPC import timing: device_id=7 size_bytes=533725184 import_ms=2.89 (perf-t1)
2026-08-18T16:27:06.907609+00:00   INFO pegaflow_server::registry: registry.rs:217 IPC import timing: device_id=7 size_bytes=533725184 import_ms=6.10 (perf-t1)
2026-08-18T16:27:06.911086+00:00   INFO pegaflow_server::registry: registry.rs:217 IPC import timing: device_id=7 size_bytes=533725184 import_ms=2.90 (perf-t1)
2026-08-18T16:27:06.914506+00:00   INFO pegaflow_server::registry: registry.rs:217 IPC import timing: device_id=7 size_bytes=533725184 import_ms=2.86 (perf-t1)
2026-08-18T16:27:06.918043+00:00   INFO pegaflow_server::registry: registry.rs:217 IPC import timing: device_id=7 size_bytes=533725184 import_ms=2.98 (perf-t1)
2026-08-18T16:27:06.921647+00:00   INFO pegaflow_server::registry: registry.rs:217 IPC import timing: device_id=7 size_bytes=533725184 import_ms=3.04 (perf-t1)
2026-08-18T16:27:06.925051+00:00   INFO pegaflow_server::registry: registry.rs:217 IPC import timing: device_id=7 size_bytes=533725184 import_ms=2.82 (perf-t1)
2026-08-18T16:27:06.930339+00:00   INFO pegaflow_server::registry: registry.rs:217 IPC import timing: device_id=7 size_bytes=533725184 import_ms=4.71 (perf-t1)
2026-08-18T16:27:06.933727+00:00   INFO pegaflow_server::registry: registry.rs:217 IPC import timing: device_id=7 size_bytes=533725184 import_ms=2.84 (perf-t1)
2026-08-18T16:27:06.938349+00:00   INFO pegaflow_server::registry: registry.rs:217 IPC import timing: device_id=7 size_bytes=533725184 import_ms=4.04 (perf-t1)
2026-08-18T16:27:06.941985+00:00   INFO pegaflow_server::registry: registry.rs:217 IPC import timing: device_id=7 size_bytes=533725184 import_ms=3.08 (perf-t1)
2026-08-18T16:27:06.945437+00:00   INFO pegaflow_server::registry: registry.rs:217 IPC import timing: device_id=7 size_bytes=533725184 import_ms=2.89 (perf-t1)
2026-08-18T16:27:06.948915+00:00   INFO pegaflow_server::registry: registry.rs:217 IPC import timing: device_id=7 size_bytes=533725184 import_ms=2.92 (perf-t1)
2026-08-18T16:27:06.952385+00:00   INFO pegaflow_server::registry: registry.rs:217 IPC import timing: device_id=7 size_bytes=533725184 import_ms=2.91 (perf-t1)
2026-08-18T16:27:06.955785+00:00   INFO pegaflow_server::registry: registry.rs:217 IPC import timing: device_id=7 size_bytes=533725184 import_ms=2.84 (perf-t1)
2026-08-18T16:27:06.959096+00:00   INFO pegaflow_server::registry: registry.rs:217 IPC import timing: device_id=7 size_bytes=533725184 import_ms=2.73 (perf-t1)
2026-08-18T16:27:06.964359+00:00   INFO pegaflow_server::registry: registry.rs:217 IPC import timing: device_id=7 size_bytes=533725184 import_ms=4.72 (perf-t1)
2026-08-18T16:27:06.969005+00:00   INFO pegaflow_server::registry: registry.rs:217 IPC import timing: device_id=7 size_bytes=533725184 import_ms=4.06 (perf-t1)
2026-08-18T16:27:06.973101+00:00   INFO pegaflow_server::registry: registry.rs:217 IPC import timing: device_id=7 size_bytes=533725184 import_ms=3.51 (perf-t1)
2026-08-18T16:27:06.980597+00:00   INFO pegaflow_server::registry: registry.rs:217 IPC import timing: device_id=7 size_bytes=533725184 import_ms=6.95 (perf-t1)
2026-08-18T16:27:06.984248+00:00   INFO pegaflow_server::registry: registry.rs:217 IPC import timing: device_id=7 size_bytes=533725184 import_ms=3.10 (perf-t1)
2026-08-18T16:27:06.987787+00:00   INFO pegaflow_server::registry: registry.rs:217 IPC import timing: device_id=7 size_bytes=533725184 import_ms=2.86 (perf-t1)
2026-08-18T16:27:06.991225+00:00   INFO pegaflow_server::registry: registry.rs:217 IPC import timing: device_id=7 size_bytes=533725184 import_ms=2.86 (perf-t1)
2026-08-18T16:27:06.994540+00:00   INFO pegaflow_server::registry: registry.rs:217 IPC import timing: device_id=7 size_bytes=533725184 import_ms=2.75 (perf-t1)
2026-08-18T16:27:06.997984+00:00   INFO pegaflow_server::registry: registry.rs:217 IPC import timing: device_id=7 size_bytes=533725184 import_ms=2.86 (perf-t1)
2026-08-18T16:27:07.002633+00:00   INFO pegaflow_server::registry: registry.rs:217 IPC import timing: device_id=7 size_bytes=533725184 import_ms=4.10 (perf-t1)
2026-08-18T16:27:07.006303+00:00   INFO pegaflow_server::registry: registry.rs:217 IPC import timing: device_id=7 size_bytes=533725184 import_ms=3.09 (perf-t1)
2026-08-18T16:27:07.009883+00:00   INFO pegaflow_server::registry: registry.rs:217 IPC import timing: device_id=7 size_bytes=533725184 import_ms=2.96 (perf-t1)
2026-08-18T16:27:07.013252+00:00   INFO pegaflow_server::registry: registry.rs:217 IPC import timing: device_id=7 size_bytes=533725184 import_ms=2.83 (perf-t1)
2026-08-18T16:27:07.016761+00:00   INFO pegaflow_server::registry: registry.rs:217 IPC import timing: device_id=7 size_bytes=533725184 import_ms=2.94 (perf-t1)
2026-08-18T16:27:07.020250+00:00   INFO pegaflow_server::registry: registry.rs:217 IPC import timing: device_id=7 size_bytes=533725184 import_ms=2.88 (perf-t1)
2026-08-18T16:27:07.023759+00:00   INFO pegaflow_server::registry: registry.rs:217 IPC import timing: device_id=7 size_bytes=533725184 import_ms=2.93 (perf-t1)
2026-08-18T16:27:07.027327+00:00   INFO pegaflow_server::registry: registry.rs:217 IPC import timing: device_id=7 size_bytes=533725184 import_ms=2.99 (perf-t1)
2026-08-18T16:27:07.032469+00:00   INFO pegaflow_server::registry: registry.rs:217 IPC import timing: device_id=7 size_bytes=533725184 import_ms=4.53 (perf-t1)
2026-08-18T16:27:07.035837+00:00   INFO pegaflow_server::registry: registry.rs:217 IPC import timing: device_id=7 size_bytes=533725184 import_ms=2.80 (perf-t1)
2026-08-18T16:27:07.039188+00:00   INFO pegaflow_server::registry: registry.rs:217 IPC import timing: device_id=7 size_bytes=533725184 import_ms=2.80 (perf-t1)
2026-08-18T16:27:07.042470+00:00   INFO pegaflow_core::gpu_worker: gpu_worker.rs:338 GPU worker initialized: device=7 backend=ascend_batch device_id=7
2026-08-18T16:27:07.042695+00:00   INFO pegaflow_core::gpu_worker: gpu_worker.rs:338 GPU worker initialized: device=7 backend=ascend_batch device_id=7
2026-08-18T16:27:07.042878+00:00   INFO pegaflow_core::gpu_worker: gpu_worker.rs:200 GPU worker pool started: device=7, numa_node=NUMA2, transfer_mode=AscendDirect
2026-08-18T16:27:07.042977+00:00   INFO pegaflow_server::registry: registry.rs:217 IPC import timing: device_id=3 size_bytes=533725184 import_ms=3.00 (perf-t1)
2026-08-18T16:27:07.043531+00:00   INFO pegaflow_core::instance: instance.rs:706 Sealed instance topology: instance=8fea4b03-5f25-4868-98a8-99cd63124758-49d02975372a493fabb1457305d603b0, num_layers=72, tp_size=1, world_size=1, total_slots=72
2026-08-18T16:27:07.043580+00:00   INFO pegaflow_core::instance: instance.rs:719 Initialized GPU context: device_id=7, numa_node=NUMA2
2026-08-18T16:27:07.043608+00:00   INFO pegaflow_core: lib.rs:452 Registered context batch: instance=8fea4b03-5f25-4868-98a8-99cd63124758-49d02975372a493fabb1457305d603b0, namespace=perf-t2-c8-i200-shared-c1, device=7, layers=72, tp_rank=0/1, pp_rank=0
2026-08-18T16:27:07.046579+00:00   INFO pegaflow_server::registry: registry.rs:217 IPC import timing: device_id=3 size_bytes=533725184 import_ms=2.96 (perf-t1)
2026-08-18T16:27:07.049998+00:00   INFO pegaflow_server::registry: registry.rs:217 IPC import timing: device_id=3 size_bytes=533725184 import_ms=2.84 (perf-t1)
2026-08-18T16:27:07.053497+00:00   INFO pegaflow_server::registry: registry.rs:217 IPC import timing: device_id=3 size_bytes=533725184 import_ms=2.93 (perf-t1)
2026-08-18T16:27:07.059697+00:00   INFO pegaflow_server::registry: registry.rs:217 IPC import timing: device_id=3 size_bytes=533725184 import_ms=5.62 (perf-t1)
2026-08-18T16:27:07.063323+00:00   INFO pegaflow_server::registry: registry.rs:217 IPC import timing: device_id=3 size_bytes=533725184 import_ms=3.06 (perf-t1)
2026-08-18T16:27:07.066988+00:00   INFO pegaflow_server::registry: registry.rs:217 IPC import timing: device_id=3 size_bytes=533725184 import_ms=3.08 (perf-t1)
2026-08-18T16:27:07.078509+00:00   INFO pegaflow_server::registry: registry.rs:217 IPC import timing: device_id=3 size_bytes=533725184 import_ms=10.94 (perf-t1)
2026-08-18T16:27:07.083793+00:00   INFO pegaflow_server::registry: registry.rs:217 IPC import timing: device_id=3 size_bytes=533725184 import_ms=4.40 (perf-t1)
2026-08-18T16:27:07.087514+00:00   INFO pegaflow_server::registry: registry.rs:217 IPC import timing: device_id=3 size_bytes=533725184 import_ms=3.10 (perf-t1)
2026-08-18T16:27:07.090910+00:00   INFO pegaflow_server::registry: registry.rs:217 IPC import timing: device_id=3 size_bytes=533725184 import_ms=2.84 (perf-t1)
2026-08-18T16:27:07.094396+00:00   INFO pegaflow_server::registry: registry.rs:217 IPC import timing: device_id=3 size_bytes=533725184 import_ms=2.91 (perf-t1)
2026-08-18T16:27:07.097933+00:00   INFO pegaflow_server::registry: registry.rs:217 IPC import timing: device_id=3 size_bytes=533725184 import_ms=2.97 (perf-t1)
2026-08-18T16:27:07.101334+00:00   INFO pegaflow_server::registry: registry.rs:217 IPC import timing: device_id=3 size_bytes=533725184 import_ms=2.85 (perf-t1)
2026-08-18T16:27:07.104799+00:00   INFO pegaflow_server::registry: registry.rs:217 IPC import timing: device_id=3 size_bytes=533725184 import_ms=2.91 (perf-t1)
2026-08-18T16:27:07.109360+00:00   INFO pegaflow_server::registry: registry.rs:217 IPC import timing: device_id=3 size_bytes=533725184 import_ms=3.97 (perf-t1)
2026-08-18T16:27:07.112816+00:00   INFO pegaflow_server::registry: registry.rs:217 IPC import timing: device_id=3 size_bytes=533725184 import_ms=2.92 (perf-t1)
2026-08-18T16:27:07.116080+00:00   INFO pegaflow_server::registry: registry.rs:217 IPC import timing: device_id=3 size_bytes=533725184 import_ms=2.71 (perf-t1)
2026-08-18T16:27:07.119445+00:00   INFO pegaflow_server::registry: registry.rs:217 IPC import timing: device_id=3 size_bytes=533725184 import_ms=2.79 (perf-t1)
2026-08-18T16:27:07.122749+00:00   INFO pegaflow_server::registry: registry.rs:217 IPC import timing: device_id=3 size_bytes=533725184 import_ms=2.76 (perf-t1)
2026-08-18T16:27:07.129076+00:00   INFO pegaflow_server::registry: registry.rs:217 IPC import timing: device_id=3 size_bytes=533725184 import_ms=5.78 (perf-t1)
2026-08-18T16:27:07.132793+00:00   INFO pegaflow_server::registry: registry.rs:217 IPC import timing: device_id=3 size_bytes=533725184 import_ms=3.13 (perf-t1)
2026-08-18T16:27:07.136108+00:00   INFO pegaflow_server::registry: registry.rs:217 IPC import timing: device_id=3 size_bytes=533725184 import_ms=2.77 (perf-t1)
2026-08-18T16:27:07.139506+00:00   INFO pegaflow_server::registry: registry.rs:217 IPC import timing: device_id=3 size_bytes=533725184 import_ms=2.81 (perf-t1)
2026-08-18T16:27:07.142784+00:00   INFO pegaflow_server::registry: registry.rs:217 IPC import timing: device_id=3 size_bytes=533725184 import_ms=2.71 (perf-t1)
2026-08-18T16:27:07.146111+00:00   INFO pegaflow_server::registry: registry.rs:217 IPC import timing: device_id=3 size_bytes=533725184 import_ms=2.79 (perf-t1)
2026-08-18T16:27:07.149455+00:00   INFO pegaflow_server::registry: registry.rs:217 IPC import timing: device_id=3 size_bytes=533725184 import_ms=2.80 (perf-t1)
2026-08-18T16:27:07.152904+00:00   INFO pegaflow_server::registry: registry.rs:217 IPC import timing: device_id=3 size_bytes=533725184 import_ms=2.88 (perf-t1)
2026-08-18T16:27:07.156197+00:00   INFO pegaflow_server::registry: registry.rs:217 IPC import timing: device_id=3 size_bytes=533725184 import_ms=2.75 (perf-t1)
2026-08-18T16:27:07.160696+00:00   INFO pegaflow_server::registry: registry.rs:217 IPC import timing: device_id=3 size_bytes=533725184 import_ms=3.92 (perf-t1)
2026-08-18T16:27:07.164434+00:00   INFO pegaflow_server::registry: registry.rs:217 IPC import timing: device_id=3 size_bytes=533725184 import_ms=3.17 (perf-t1)
2026-08-18T16:27:07.167728+00:00   INFO pegaflow_server::registry: registry.rs:217 IPC import timing: device_id=3 size_bytes=533725184 import_ms=2.71 (perf-t1)
2026-08-18T16:27:07.171112+00:00   INFO pegaflow_server::registry: registry.rs:217 IPC import timing: device_id=3 size_bytes=533725184 import_ms=2.86 (perf-t1)
2026-08-18T16:27:07.174407+00:00   INFO pegaflow_server::registry: registry.rs:217 IPC import timing: device_id=3 size_bytes=533725184 import_ms=2.71 (perf-t1)
2026-08-18T16:27:07.178427+00:00   INFO pegaflow_server::registry: registry.rs:217 IPC import timing: device_id=3 size_bytes=533725184 import_ms=3.48 (perf-t1)
2026-08-18T16:27:07.181975+00:00   INFO pegaflow_server::registry: registry.rs:217 IPC import timing: device_id=3 size_bytes=533725184 import_ms=2.99 (perf-t1)
2026-08-18T16:27:07.185414+00:00   INFO pegaflow_server::registry: registry.rs:217 IPC import timing: device_id=3 size_bytes=533725184 import_ms=2.89 (perf-t1)
2026-08-18T16:27:07.189098+00:00   INFO pegaflow_server::registry: registry.rs:217 IPC import timing: device_id=3 size_bytes=533725184 import_ms=3.07 (perf-t1)
2026-08-18T16:27:07.192506+00:00   INFO pegaflow_server::registry: registry.rs:217 IPC import timing: device_id=3 size_bytes=533725184 import_ms=2.86 (perf-t1)
2026-08-18T16:27:07.195771+00:00   INFO pegaflow_server::registry: registry.rs:217 IPC import timing: device_id=3 size_bytes=533725184 import_ms=2.73 (perf-t1)
2026-08-18T16:27:07.199146+00:00   INFO pegaflow_server::registry: registry.rs:217 IPC import timing: device_id=3 size_bytes=533725184 import_ms=2.82 (perf-t1)
2026-08-18T16:27:07.202493+00:00   INFO pegaflow_server::registry: registry.rs:217 IPC import timing: device_id=3 size_bytes=533725184 import_ms=2.76 (perf-t1)
2026-08-18T16:27:07.205802+00:00   INFO pegaflow_server::registry: registry.rs:217 IPC import timing: device_id=3 size_bytes=533725184 import_ms=2.77 (perf-t1)
2026-08-18T16:27:07.209240+00:00   INFO pegaflow_server::registry: registry.rs:217 IPC import timing: device_id=3 size_bytes=533725184 import_ms=2.86 (perf-t1)
2026-08-18T16:27:07.212600+00:00   INFO pegaflow_server::registry: registry.rs:217 IPC import timing: device_id=3 size_bytes=533725184 import_ms=2.82 (perf-t1)
2026-08-18T16:27:07.216924+00:00   INFO pegaflow_server::registry: registry.rs:217 IPC import timing: device_id=3 size_bytes=533725184 import_ms=3.79 (perf-t1)
2026-08-18T16:27:07.220666+00:00   INFO pegaflow_server::registry: registry.rs:217 IPC import timing: device_id=3 size_bytes=533725184 import_ms=3.18 (perf-t1)
2026-08-18T16:27:07.224079+00:00   INFO pegaflow_server::registry: registry.rs:217 IPC import timing: device_id=3 size_bytes=533725184 import_ms=2.87 (perf-t1)
2026-08-18T16:27:07.228233+00:00   INFO pegaflow_server::registry: registry.rs:217 IPC import timing: device_id=3 size_bytes=533725184 import_ms=3.61 (perf-t1)
2026-08-18T16:27:07.233215+00:00   INFO pegaflow_server::registry: registry.rs:217 IPC import timing: device_id=3 size_bytes=533725184 import_ms=4.41 (perf-t1)
2026-08-18T16:27:07.236608+00:00   INFO pegaflow_server::registry: registry.rs:217 IPC import timing: device_id=3 size_bytes=533725184 import_ms=2.85 (perf-t1)
2026-08-18T16:27:07.239868+00:00   INFO pegaflow_server::registry: registry.rs:217 IPC import timing: device_id=3 size_bytes=533725184 import_ms=2.69 (perf-t1)
2026-08-18T16:27:07.243258+00:00   INFO pegaflow_server::registry: registry.rs:217 IPC import timing: device_id=3 size_bytes=533725184 import_ms=2.82 (perf-t1)
2026-08-18T16:27:07.287556+00:00   INFO pegaflow_server::registry: registry.rs:217 IPC import timing: device_id=3 size_bytes=533725184 import_ms=43.76 (perf-t1)
2026-08-18T16:27:07.295044+00:00   INFO pegaflow_server::registry: registry.rs:217 IPC import timing: device_id=3 size_bytes=533725184 import_ms=6.59 (perf-t1)
2026-08-18T16:27:07.298339+00:00   INFO pegaflow_server::registry: registry.rs:217 IPC import timing: device_id=3 size_bytes=533725184 import_ms=2.68 (perf-t1)
2026-08-18T16:27:07.301724+00:00   INFO pegaflow_server::registry: registry.rs:217 IPC import timing: device_id=3 size_bytes=533725184 import_ms=2.83 (perf-t1)
2026-08-18T16:27:07.305148+00:00   INFO pegaflow_server::registry: registry.rs:217 IPC import timing: device_id=3 size_bytes=533725184 import_ms=2.79 (perf-t1)
2026-08-18T16:27:07.309260+00:00   INFO pegaflow_server::registry: registry.rs:217 IPC import timing: device_id=3 size_bytes=533725184 import_ms=3.53 (perf-t1)
2026-08-18T16:27:07.312594+00:00   INFO pegaflow_server::registry: registry.rs:217 IPC import timing: device_id=3 size_bytes=533725184 import_ms=2.79 (perf-t1)
2026-08-18T16:27:07.315894+00:00   INFO pegaflow_server::registry: registry.rs:217 IPC import timing: device_id=3 size_bytes=533725184 import_ms=2.75 (perf-t1)
2026-08-18T16:27:07.321130+00:00   INFO pegaflow_server::registry: registry.rs:217 IPC import timing: device_id=3 size_bytes=533725184 import_ms=4.62 (perf-t1)
2026-08-18T16:27:07.328723+00:00   INFO pegaflow_server::registry: registry.rs:217 IPC import timing: device_id=3 size_bytes=533725184 import_ms=7.04 (perf-t1)
2026-08-18T16:27:07.332308+00:00   INFO pegaflow_server::registry: registry.rs:217 IPC import timing: device_id=3 size_bytes=533725184 import_ms=3.03 (perf-t1)
2026-08-18T16:27:07.335611+00:00   INFO pegaflow_server::registry: registry.rs:217 IPC import timing: device_id=3 size_bytes=533725184 import_ms=2.71 (perf-t1)
2026-08-18T16:27:07.338961+00:00   INFO pegaflow_server::registry: registry.rs:217 IPC import timing: device_id=3 size_bytes=533725184 import_ms=2.81 (perf-t1)
2026-08-18T16:27:07.342167+00:00   INFO pegaflow_server::registry: registry.rs:217 IPC import timing: device_id=3 size_bytes=533725184 import_ms=2.65 (perf-t1)
2026-08-18T16:27:07.345594+00:00   INFO pegaflow_server::registry: registry.rs:217 IPC import timing: device_id=3 size_bytes=533725184 import_ms=2.85 (perf-t1)
2026-08-18T16:27:07.348888+00:00   INFO pegaflow_server::registry: registry.rs:217 IPC import timing: device_id=3 size_bytes=533725184 import_ms=2.74 (perf-t1)
2026-08-18T16:27:07.352224+00:00   INFO pegaflow_server::registry: registry.rs:217 IPC import timing: device_id=3 size_bytes=533725184 import_ms=2.78 (perf-t1)
2026-08-18T16:27:07.355530+00:00   INFO pegaflow_server::registry: registry.rs:217 IPC import timing: device_id=3 size_bytes=533725184 import_ms=2.72 (perf-t1)
2026-08-18T16:27:07.358879+00:00   INFO pegaflow_server::registry: registry.rs:217 IPC import timing: device_id=3 size_bytes=533725184 import_ms=2.78 (perf-t1)
2026-08-18T16:27:07.372484+00:00   INFO pegaflow_core::gpu_worker: gpu_worker.rs:338 GPU worker initialized: device=3 backend=ascend_batch device_id=3
2026-08-18T16:27:07.372891+00:00   INFO pegaflow_core::gpu_worker: gpu_worker.rs:338 GPU worker initialized: device=3 backend=ascend_batch device_id=3
2026-08-18T16:27:07.373067+00:00   INFO pegaflow_core::gpu_worker: gpu_worker.rs:200 GPU worker pool started: device=3, numa_node=NUMA0, transfer_mode=AscendDirect
2026-08-18T16:27:07.373232+00:00   INFO pegaflow_server::registry: registry.rs:217 IPC import timing: device_id=5 size_bytes=533725184 import_ms=13.61 (perf-t1)
2026-08-18T16:27:07.373714+00:00   INFO pegaflow_core::instance: instance.rs:706 Sealed instance topology: instance=1873642e-7270-4eb6-9082-d262ce0feffb-e354bb158e844e13b6c905b2f45ced2b, num_layers=72, tp_size=1, world_size=1, total_slots=72
2026-08-18T16:27:07.373771+00:00   INFO pegaflow_core::instance: instance.rs:719 Initialized GPU context: device_id=3, numa_node=NUMA0
2026-08-18T16:27:07.373807+00:00   INFO pegaflow_core: lib.rs:452 Registered context batch: instance=1873642e-7270-4eb6-9082-d262ce0feffb-e354bb158e844e13b6c905b2f45ced2b, namespace=perf-t2-c8-i200-shared-c1, device=3, layers=72, tp_rank=0/1, pp_rank=0
2026-08-18T16:27:07.376852+00:00   INFO pegaflow_server::registry: registry.rs:217 IPC import timing: device_id=5 size_bytes=533725184 import_ms=3.01 (perf-t1)
2026-08-18T16:27:07.381576+00:00   INFO pegaflow_server::registry: registry.rs:217 IPC import timing: device_id=5 size_bytes=533725184 import_ms=4.16 (perf-t1)
2026-08-18T16:27:07.392500+00:00   INFO pegaflow_server::registry: registry.rs:217 IPC import timing: device_id=5 size_bytes=533725184 import_ms=10.36 (perf-t1)
2026-08-18T16:27:07.396028+00:00   INFO pegaflow_server::registry: registry.rs:217 IPC import timing: device_id=5 size_bytes=533725184 import_ms=2.94 (perf-t1)
2026-08-18T16:27:07.400809+00:00   INFO pegaflow_server::registry: registry.rs:217 IPC import timing: device_id=5 size_bytes=533725184 import_ms=4.22 (perf-t1)
2026-08-18T16:27:07.404299+00:00   INFO pegaflow_server::registry: registry.rs:217 IPC import timing: device_id=5 size_bytes=533725184 import_ms=2.92 (perf-t1)
2026-08-18T16:27:07.407874+00:00   INFO pegaflow_server::registry: registry.rs:217 IPC import timing: device_id=5 size_bytes=533725184 import_ms=2.99 (perf-t1)
2026-08-18T16:27:07.411414+00:00   INFO pegaflow_server::registry: registry.rs:217 IPC import timing: device_id=5 size_bytes=533725184 import_ms=2.95 (perf-t1)
2026-08-18T16:27:07.414974+00:00   INFO pegaflow_server::registry: registry.rs:217 IPC import timing: device_id=5 size_bytes=533725184 import_ms=2.98 (perf-t1)
2026-08-18T16:27:07.418506+00:00   INFO pegaflow_server::registry: registry.rs:217 IPC import timing: device_id=5 size_bytes=533725184 import_ms=2.95 (perf-t1)
2026-08-18T16:27:07.422055+00:00   INFO pegaflow_server::registry: registry.rs:217 IPC import timing: device_id=5 size_bytes=533725184 import_ms=3.00 (perf-t1)
2026-08-18T16:27:07.425837+00:00   INFO pegaflow_server::registry: registry.rs:217 IPC import timing: device_id=5 size_bytes=533725184 import_ms=3.22 (perf-t1)
2026-08-18T16:27:07.429359+00:00   INFO pegaflow_server::registry: registry.rs:217 IPC import timing: device_id=5 size_bytes=533725184 import_ms=2.95 (perf-t1)
2026-08-18T16:27:07.433019+00:00   INFO pegaflow_server::registry: registry.rs:217 IPC import timing: device_id=5 size_bytes=533725184 import_ms=3.10 (perf-t1)
2026-08-18T16:27:07.436391+00:00   INFO pegaflow_server::registry: registry.rs:217 IPC import timing: device_id=5 size_bytes=533725184 import_ms=2.81 (perf-t1)
2026-08-18T16:27:07.439833+00:00   INFO pegaflow_server::registry: registry.rs:217 IPC import timing: device_id=5 size_bytes=533725184 import_ms=2.86 (perf-t1)
2026-08-18T16:27:07.443200+00:00   INFO pegaflow_server::registry: registry.rs:217 IPC import timing: device_id=5 size_bytes=533725184 import_ms=2.81 (perf-t1)
2026-08-18T16:27:07.446674+00:00   INFO pegaflow_server::registry: registry.rs:217 IPC import timing: device_id=5 size_bytes=533725184 import_ms=2.92 (perf-t1)
2026-08-18T16:27:07.450169+00:00   INFO pegaflow_server::registry: registry.rs:217 IPC import timing: device_id=5 size_bytes=533725184 import_ms=2.90 (perf-t1)
2026-08-18T16:27:07.453560+00:00   INFO pegaflow_server::registry: registry.rs:217 IPC import timing: device_id=5 size_bytes=533725184 import_ms=2.83 (perf-t1)
2026-08-18T16:27:07.459495+00:00   INFO pegaflow_server::registry: registry.rs:217 IPC import timing: device_id=5 size_bytes=533725184 import_ms=5.38 (perf-t1)
2026-08-18T16:27:07.462876+00:00   INFO pegaflow_server::registry: registry.rs:217 IPC import timing: device_id=5 size_bytes=533725184 import_ms=2.80 (perf-t1)
2026-08-18T16:27:07.466350+00:00   INFO pegaflow_server::registry: registry.rs:217 IPC import timing: device_id=5 size_bytes=533725184 import_ms=2.93 (perf-t1)
2026-08-18T16:27:07.469817+00:00   INFO pegaflow_server::registry: registry.rs:217 IPC import timing: device_id=5 size_bytes=533725184 import_ms=2.90 (perf-t1)
2026-08-18T16:27:07.474912+00:00   INFO pegaflow_server::registry: registry.rs:217 IPC import timing: device_id=5 size_bytes=533725184 import_ms=4.50 (perf-t1)
2026-08-18T16:27:07.480204+00:00   INFO pegaflow_server::registry: registry.rs:217 IPC import timing: device_id=5 size_bytes=533725184 import_ms=4.42 (perf-t1)
2026-08-18T16:27:07.484016+00:00   INFO pegaflow_server::registry: registry.rs:217 IPC import timing: device_id=5 size_bytes=533725184 import_ms=3.19 (perf-t1)
2026-08-18T16:27:07.487443+00:00   INFO pegaflow_server::registry: registry.rs:217 IPC import timing: device_id=5 size_bytes=533725184 import_ms=2.79 (perf-t1)
2026-08-18T16:27:07.492594+00:00   INFO pegaflow_server::registry: registry.rs:217 IPC import timing: device_id=5 size_bytes=533725184 import_ms=4.51 (perf-t1)
2026-08-18T16:27:07.496354+00:00   INFO pegaflow_server::registry: registry.rs:217 IPC import timing: device_id=5 size_bytes=533725184 import_ms=3.17 (perf-t1)
2026-08-18T16:27:07.499701+00:00   INFO pegaflow_server::registry: registry.rs:217 IPC import timing: device_id=5 size_bytes=533725184 import_ms=2.78 (perf-t1)
2026-08-18T16:27:07.503228+00:00   INFO pegaflow_server::registry: registry.rs:217 IPC import timing: device_id=5 size_bytes=533725184 import_ms=2.95 (perf-t1)
2026-08-18T16:27:07.509188+00:00   INFO pegaflow_server::registry: registry.rs:217 IPC import timing: device_id=5 size_bytes=533725184 import_ms=5.39 (perf-t1)
2026-08-18T16:27:07.512650+00:00   INFO pegaflow_server::registry: registry.rs:217 IPC import timing: device_id=5 size_bytes=533725184 import_ms=2.91 (perf-t1)
2026-08-18T16:27:07.516023+00:00   INFO pegaflow_server::registry: registry.rs:217 IPC import timing: device_id=5 size_bytes=533725184 import_ms=2.79 (perf-t1)
2026-08-18T16:27:07.519504+00:00   INFO pegaflow_server::registry: registry.rs:217 IPC import timing: device_id=5 size_bytes=533725184 import_ms=2.91 (perf-t1)
2026-08-18T16:27:07.522880+00:00   INFO pegaflow_server::registry: registry.rs:217 IPC import timing: device_id=5 size_bytes=533725184 import_ms=2.82 (perf-t1)
2026-08-18T16:27:07.529468+00:00   INFO pegaflow_server::registry: registry.rs:217 IPC import timing: device_id=5 size_bytes=533725184 import_ms=6.01 (perf-t1)
2026-08-18T16:27:07.532901+00:00   INFO pegaflow_server::registry: registry.rs:217 IPC import timing: device_id=5 size_bytes=533725184 import_ms=2.83 (perf-t1)
2026-08-18T16:27:07.536325+00:00   INFO pegaflow_server::registry: registry.rs:217 IPC import timing: device_id=5 size_bytes=533725184 import_ms=2.85 (perf-t1)
2026-08-18T16:27:07.539728+00:00   INFO pegaflow_server::registry: registry.rs:217 IPC import timing: device_id=5 size_bytes=533725184 import_ms=2.80 (perf-t1)
2026-08-18T16:27:07.543129+00:00   INFO pegaflow_server::registry: registry.rs:217 IPC import timing: device_id=5 size_bytes=533725184 import_ms=2.85 (perf-t1)
2026-08-18T16:27:07.546617+00:00   INFO pegaflow_server::registry: registry.rs:217 IPC import timing: device_id=5 size_bytes=533725184 import_ms=2.93 (perf-t1)
2026-08-18T16:27:07.550010+00:00   INFO pegaflow_server::registry: registry.rs:217 IPC import timing: device_id=5 size_bytes=533725184 import_ms=2.81 (perf-t1)
2026-08-18T16:27:07.554735+00:00   INFO pegaflow_server::registry: registry.rs:217 IPC import timing: device_id=5 size_bytes=533725184 import_ms=4.16 (perf-t1)
2026-08-18T16:27:07.560859+00:00   INFO pegaflow_server::registry: registry.rs:217 IPC import timing: device_id=5 size_bytes=533725184 import_ms=5.56 (perf-t1)
2026-08-18T16:27:07.564297+00:00   INFO pegaflow_server::registry: registry.rs:217 IPC import timing: device_id=5 size_bytes=533725184 import_ms=2.85 (perf-t1)
2026-08-18T16:27:07.567642+00:00   INFO pegaflow_server::registry: registry.rs:217 IPC import timing: device_id=5 size_bytes=533725184 import_ms=2.77 (perf-t1)
2026-08-18T16:27:07.571326+00:00   INFO pegaflow_server::registry: registry.rs:217 IPC import timing: device_id=5 size_bytes=533725184 import_ms=3.10 (perf-t1)
2026-08-18T16:27:07.574778+00:00   INFO pegaflow_server::registry: registry.rs:217 IPC import timing: device_id=5 size_bytes=533725184 import_ms=2.83 (perf-t1)
2026-08-18T16:27:07.578459+00:00   INFO pegaflow_server::registry: registry.rs:217 IPC import timing: device_id=5 size_bytes=533725184 import_ms=3.12 (perf-t1)
2026-08-18T16:27:07.582104+00:00   INFO pegaflow_server::registry: registry.rs:217 IPC import timing: device_id=5 size_bytes=533725184 import_ms=3.08 (perf-t1)
2026-08-18T16:27:07.585575+00:00   INFO pegaflow_server::registry: registry.rs:217 IPC import timing: device_id=5 size_bytes=533725184 import_ms=2.87 (perf-t1)
2026-08-18T16:27:07.589121+00:00   INFO pegaflow_server::registry: registry.rs:217 IPC import timing: device_id=5 size_bytes=533725184 import_ms=2.98 (perf-t1)
2026-08-18T16:27:07.592556+00:00   INFO pegaflow_server::registry: registry.rs:217 IPC import timing: device_id=5 size_bytes=533725184 import_ms=2.88 (perf-t1)
2026-08-18T16:27:07.596047+00:00   INFO pegaflow_server::registry: registry.rs:217 IPC import timing: device_id=5 size_bytes=533725184 import_ms=2.90 (perf-t1)
2026-08-18T16:27:07.599542+00:00   INFO pegaflow_server::registry: registry.rs:217 IPC import timing: device_id=5 size_bytes=533725184 import_ms=2.82 (perf-t1)
2026-08-18T16:27:07.603024+00:00   INFO pegaflow_server::registry: registry.rs:217 IPC import timing: device_id=5 size_bytes=533725184 import_ms=2.93 (perf-t1)
2026-08-18T16:27:07.606834+00:00   INFO pegaflow_server::registry: registry.rs:217 IPC import timing: device_id=5 size_bytes=533725184 import_ms=3.20 (perf-t1)
2026-08-18T16:27:07.610551+00:00   INFO pegaflow_server::registry: registry.rs:217 IPC import timing: device_id=5 size_bytes=533725184 import_ms=3.16 (perf-t1)
2026-08-18T16:27:07.615527+00:00   INFO pegaflow_server::registry: registry.rs:217 IPC import timing: device_id=5 size_bytes=533725184 import_ms=4.42 (perf-t1)
2026-08-18T16:27:07.619418+00:00   INFO pegaflow_server::registry: registry.rs:217 IPC import timing: device_id=5 size_bytes=533725184 import_ms=3.30 (perf-t1)
2026-08-18T16:27:07.622943+00:00   INFO pegaflow_server::registry: registry.rs:217 IPC import timing: device_id=5 size_bytes=533725184 import_ms=2.97 (perf-t1)
2026-08-18T16:27:07.626445+00:00   INFO pegaflow_server::registry: registry.rs:217 IPC import timing: device_id=5 size_bytes=533725184 import_ms=2.95 (perf-t1)
2026-08-18T16:27:07.629941+00:00   INFO pegaflow_server::registry: registry.rs:217 IPC import timing: device_id=5 size_bytes=533725184 import_ms=2.91 (perf-t1)
2026-08-18T16:27:07.633600+00:00   INFO pegaflow_server::registry: registry.rs:217 IPC import timing: device_id=5 size_bytes=533725184 import_ms=3.11 (perf-t1)
2026-08-18T16:27:07.637143+00:00   INFO pegaflow_server::registry: registry.rs:217 IPC import timing: device_id=5 size_bytes=533725184 import_ms=3.00 (perf-t1)
2026-08-18T16:27:07.640500+00:00   INFO pegaflow_server::registry: registry.rs:217 IPC import timing: device_id=5 size_bytes=533725184 import_ms=2.78 (perf-t1)
2026-08-18T16:27:07.643968+00:00   INFO pegaflow_server::registry: registry.rs:217 IPC import timing: device_id=5 size_bytes=533725184 import_ms=2.89 (perf-t1)
2026-08-18T16:27:07.647312+00:00   INFO pegaflow_server::registry: registry.rs:217 IPC import timing: device_id=5 size_bytes=533725184 import_ms=2.79 (perf-t1)
2026-08-18T16:27:07.650878+00:00   INFO pegaflow_server::registry: registry.rs:217 IPC import timing: device_id=5 size_bytes=533725184 import_ms=2.98 (perf-t1)
2026-08-18T16:27:07.654141+00:00   INFO pegaflow_core::gpu_worker: gpu_worker.rs:338 GPU worker initialized: device=5 backend=ascend_batch device_id=5
2026-08-18T16:27:07.654647+00:00   INFO pegaflow_server::registry: registry.rs:217 IPC import timing: device_id=4 size_bytes=533725184 import_ms=3.02 (perf-t1)
2026-08-18T16:27:07.654644+00:00   INFO pegaflow_core::gpu_worker: gpu_worker.rs:338 GPU worker initialized: device=5 backend=ascend_batch device_id=5
2026-08-18T16:27:07.654843+00:00   INFO pegaflow_core::gpu_worker: gpu_worker.rs:200 GPU worker pool started: device=5, numa_node=NUMA2, transfer_mode=AscendDirect
2026-08-18T16:27:07.655466+00:00   INFO pegaflow_core::instance: instance.rs:706 Sealed instance topology: instance=46c4df2b-b28a-4c8b-a78a-242b7cc9f270-4058eee7f3a9454aa67f94da0569d892, num_layers=72, tp_size=1, world_size=1, total_slots=72
2026-08-18T16:27:07.655514+00:00   INFO pegaflow_core::instance: instance.rs:719 Initialized GPU context: device_id=5, numa_node=NUMA2
2026-08-18T16:27:07.655541+00:00   INFO pegaflow_core: lib.rs:452 Registered context batch: instance=46c4df2b-b28a-4c8b-a78a-242b7cc9f270-4058eee7f3a9454aa67f94da0569d892, namespace=perf-t2-c8-i200-shared-c1, device=5, layers=72, tp_rank=0/1, pp_rank=0
2026-08-18T16:27:07.658353+00:00   INFO pegaflow_server::registry: registry.rs:217 IPC import timing: device_id=4 size_bytes=533725184 import_ms=3.12 (perf-t1)
2026-08-18T16:27:07.661786+00:00   INFO pegaflow_server::registry: registry.rs:217 IPC import timing: device_id=4 size_bytes=533725184 import_ms=2.84 (perf-t1)
2026-08-18T16:27:07.665314+00:00   INFO pegaflow_server::registry: registry.rs:217 IPC import timing: device_id=4 size_bytes=533725184 import_ms=2.98 (perf-t1)
2026-08-18T16:27:07.668865+00:00   INFO pegaflow_server::registry: registry.rs:217 IPC import timing: device_id=4 size_bytes=533725184 import_ms=2.99 (perf-t1)
2026-08-18T16:27:07.672484+00:00   INFO pegaflow_server::registry: registry.rs:217 IPC import timing: device_id=4 size_bytes=533725184 import_ms=3.05 (perf-t1)
2026-08-18T16:27:07.676122+00:00   INFO pegaflow_server::registry: registry.rs:217 IPC import timing: device_id=4 size_bytes=533725184 import_ms=2.90 (perf-t1)
2026-08-18T16:27:07.680480+00:00   INFO pegaflow_server::registry: registry.rs:217 IPC import timing: device_id=4 size_bytes=533725184 import_ms=3.78 (perf-t1)
2026-08-18T16:27:07.684235+00:00   INFO pegaflow_server::registry: registry.rs:217 IPC import timing: device_id=4 size_bytes=533725184 import_ms=3.12 (perf-t1)
2026-08-18T16:27:07.687811+00:00   INFO pegaflow_server::registry: registry.rs:217 IPC import timing: device_id=4 size_bytes=533725184 import_ms=2.99 (perf-t1)
2026-08-18T16:27:07.691305+00:00   INFO pegaflow_server::registry: registry.rs:217 IPC import timing: device_id=4 size_bytes=533725184 import_ms=2.91 (perf-t1)
2026-08-18T16:27:07.695358+00:00   INFO pegaflow_server::registry: registry.rs:217 IPC import timing: device_id=4 size_bytes=533725184 import_ms=3.47 (perf-t1)
2026-08-18T16:27:07.698945+00:00   INFO pegaflow_server::registry: registry.rs:217 IPC import timing: device_id=4 size_bytes=533725184 import_ms=3.03 (perf-t1)
2026-08-18T16:27:07.705487+00:00   INFO pegaflow_server::registry: registry.rs:217 IPC import timing: device_id=4 size_bytes=533725184 import_ms=5.99 (perf-t1)
2026-08-18T16:27:07.709048+00:00   INFO pegaflow_server::registry: registry.rs:217 IPC import timing: device_id=4 size_bytes=533725184 import_ms=2.95 (perf-t1)
2026-08-18T16:27:07.712719+00:00   INFO pegaflow_server::registry: registry.rs:217 IPC import timing: device_id=4 size_bytes=533725184 import_ms=3.09 (perf-t1)
2026-08-18T16:27:07.716180+00:00   INFO pegaflow_server::registry: registry.rs:217 IPC import timing: device_id=4 size_bytes=533725184 import_ms=2.90 (perf-t1)
2026-08-18T16:27:07.722296+00:00   INFO pegaflow_server::registry: registry.rs:217 IPC import timing: device_id=4 size_bytes=533725184 import_ms=5.51 (perf-t1)
2026-08-18T16:27:07.728510+00:00   INFO pegaflow_server::registry: registry.rs:217 IPC import timing: device_id=4 size_bytes=533725184 import_ms=5.65 (perf-t1)
2026-08-18T16:27:07.731861+00:00   INFO pegaflow_server::registry: registry.rs:217 IPC import timing: device_id=4 size_bytes=533725184 import_ms=2.80 (perf-t1)
2026-08-18T16:27:07.735297+00:00   INFO pegaflow_server::registry: registry.rs:217 IPC import timing: device_id=4 size_bytes=533725184 import_ms=2.85 (perf-t1)
2026-08-18T16:27:07.738739+00:00   INFO pegaflow_server::registry: registry.rs:217 IPC import timing: device_id=4 size_bytes=533725184 import_ms=2.88 (perf-t1)
2026-08-18T16:27:07.742133+00:00   INFO pegaflow_server::registry: registry.rs:217 IPC import timing: device_id=4 size_bytes=533725184 import_ms=2.82 (perf-t1)
2026-08-18T16:27:07.745794+00:00   INFO pegaflow_server::registry: registry.rs:217 IPC import timing: device_id=4 size_bytes=533725184 import_ms=2.95 (perf-t1)
2026-08-18T16:27:07.749194+00:00   INFO pegaflow_server::registry: registry.rs:217 IPC import timing: device_id=4 size_bytes=533725184 import_ms=2.84 (perf-t1)
2026-08-18T16:27:07.752678+00:00   INFO pegaflow_server::registry: registry.rs:217 IPC import timing: device_id=4 size_bytes=533725184 import_ms=2.93 (perf-t1)
2026-08-18T16:27:07.756898+00:00   INFO pegaflow_server::registry: registry.rs:217 IPC import timing: device_id=4 size_bytes=533725184 import_ms=3.66 (perf-t1)
2026-08-18T16:27:07.760400+00:00   INFO pegaflow_server::registry: registry.rs:217 IPC import timing: device_id=4 size_bytes=533725184 import_ms=2.89 (perf-t1)
2026-08-18T16:27:07.763788+00:00   INFO pegaflow_server::registry: registry.rs:217 IPC import timing: device_id=4 size_bytes=533725184 import_ms=2.84 (perf-t1)
2026-08-18T16:27:07.768418+00:00   INFO pegaflow_server::registry: registry.rs:217 IPC import timing: device_id=4 size_bytes=533725184 import_ms=4.03 (perf-t1)
2026-08-18T16:27:07.772410+00:00   INFO pegaflow_server::registry: registry.rs:217 IPC import timing: device_id=4 size_bytes=533725184 import_ms=3.41 (perf-t1)
2026-08-18T16:27:07.778163+00:00   INFO pegaflow_server::registry: registry.rs:217 IPC import timing: device_id=4 size_bytes=533725184 import_ms=5.19 (perf-t1)
2026-08-18T16:27:07.781610+00:00   INFO pegaflow_server::registry: registry.rs:217 IPC import timing: device_id=4 size_bytes=533725184 import_ms=2.88 (perf-t1)
2026-08-18T16:27:07.785137+00:00   INFO pegaflow_server::registry: registry.rs:217 IPC import timing: device_id=4 size_bytes=533725184 import_ms=2.95 (perf-t1)
2026-08-18T16:27:07.788726+00:00   INFO pegaflow_server::registry: registry.rs:217 IPC import timing: device_id=4 size_bytes=533725184 import_ms=3.01 (perf-t1)
2026-08-18T16:27:07.792030+00:00   INFO pegaflow_server::registry: registry.rs:217 IPC import timing: device_id=4 size_bytes=533725184 import_ms=2.74 (perf-t1)
2026-08-18T16:27:07.795489+00:00   INFO pegaflow_server::registry: registry.rs:217 IPC import timing: device_id=4 size_bytes=533725184 import_ms=2.86 (perf-t1)
2026-08-18T16:27:07.798892+00:00   INFO pegaflow_server::registry: registry.rs:217 IPC import timing: device_id=4 size_bytes=533725184 import_ms=2.82 (perf-t1)
2026-08-18T16:27:07.802400+00:00   INFO pegaflow_server::registry: registry.rs:217 IPC import timing: device_id=4 size_bytes=533725184 import_ms=2.94 (perf-t1)
2026-08-18T16:27:07.805772+00:00   INFO pegaflow_server::registry: registry.rs:217 IPC import timing: device_id=4 size_bytes=533725184 import_ms=2.79 (perf-t1)
2026-08-18T16:27:07.809211+00:00   INFO pegaflow_server::registry: registry.rs:217 IPC import timing: device_id=4 size_bytes=533725184 import_ms=2.89 (perf-t1)
2026-08-18T16:27:07.812576+00:00   INFO pegaflow_server::registry: registry.rs:217 IPC import timing: device_id=4 size_bytes=533725184 import_ms=2.81 (perf-t1)
2026-08-18T16:27:07.815910+00:00   INFO pegaflow_server::registry: registry.rs:217 IPC import timing: device_id=4 size_bytes=533725184 import_ms=2.76 (perf-t1)
2026-08-18T16:27:07.819452+00:00   INFO pegaflow_server::registry: registry.rs:217 IPC import timing: device_id=4 size_bytes=533725184 import_ms=2.98 (perf-t1)
2026-08-18T16:27:07.822834+00:00   INFO pegaflow_server::registry: registry.rs:217 IPC import timing: device_id=4 size_bytes=533725184 import_ms=2.82 (perf-t1)
2026-08-18T16:27:07.827537+00:00   INFO pegaflow_server::registry: registry.rs:217 IPC import timing: device_id=4 size_bytes=533725184 import_ms=4.13 (perf-t1)
2026-08-18T16:27:07.832875+00:00   INFO pegaflow_server::registry: registry.rs:217 IPC import timing: device_id=4 size_bytes=533725184 import_ms=4.78 (perf-t1)
2026-08-18T16:27:07.836299+00:00   INFO pegaflow_server::registry: registry.rs:217 IPC import timing: device_id=4 size_bytes=533725184 import_ms=2.84 (perf-t1)
2026-08-18T16:27:07.839664+00:00   INFO pegaflow_server::registry: registry.rs:217 IPC import timing: device_id=4 size_bytes=533725184 import_ms=2.78 (perf-t1)
2026-08-18T16:27:07.843118+00:00   INFO pegaflow_server::registry: registry.rs:217 IPC import timing: device_id=4 size_bytes=533725184 import_ms=2.90 (perf-t1)
2026-08-18T16:27:07.846473+00:00   INFO pegaflow_server::registry: registry.rs:217 IPC import timing: device_id=4 size_bytes=533725184 import_ms=2.80 (perf-t1)
2026-08-18T16:27:07.849822+00:00   INFO pegaflow_server::registry: registry.rs:217 IPC import timing: device_id=4 size_bytes=533725184 import_ms=2.77 (perf-t1)
2026-08-18T16:27:07.853319+00:00   INFO pegaflow_server::registry: registry.rs:217 IPC import timing: device_id=4 size_bytes=533725184 import_ms=2.94 (perf-t1)
2026-08-18T16:27:07.859636+00:00   INFO pegaflow_server::registry: registry.rs:217 IPC import timing: device_id=4 size_bytes=533725184 import_ms=5.77 (perf-t1)
2026-08-18T16:27:07.863181+00:00   INFO pegaflow_server::registry: registry.rs:217 IPC import timing: device_id=4 size_bytes=533725184 import_ms=2.95 (perf-t1)
2026-08-18T16:27:07.866652+00:00   INFO pegaflow_server::registry: registry.rs:217 IPC import timing: device_id=4 size_bytes=533725184 import_ms=2.90 (perf-t1)
2026-08-18T16:27:07.870121+00:00   INFO pegaflow_server::registry: registry.rs:217 IPC import timing: device_id=4 size_bytes=533725184 import_ms=2.90 (perf-t1)
2026-08-18T16:27:07.874639+00:00   INFO pegaflow_server::registry: registry.rs:217 IPC import timing: device_id=4 size_bytes=533725184 import_ms=3.80 (perf-t1)
2026-08-18T16:27:07.880187+00:00   INFO pegaflow_server::registry: registry.rs:217 IPC import timing: device_id=4 size_bytes=533725184 import_ms=4.68 (perf-t1)
2026-08-18T16:27:07.883946+00:00   INFO pegaflow_server::registry: registry.rs:217 IPC import timing: device_id=4 size_bytes=533725184 import_ms=3.15 (perf-t1)
2026-08-18T16:27:07.887440+00:00   INFO pegaflow_server::registry: registry.rs:217 IPC import timing: device_id=4 size_bytes=533725184 import_ms=2.90 (perf-t1)
2026-08-18T16:27:07.891947+00:00   INFO pegaflow_server::registry: registry.rs:217 IPC import timing: device_id=4 size_bytes=533725184 import_ms=3.94 (perf-t1)
2026-08-18T16:27:07.895639+00:00   INFO pegaflow_server::registry: registry.rs:217 IPC import timing: device_id=4 size_bytes=533725184 import_ms=3.10 (perf-t1)
2026-08-18T16:27:07.899201+00:00   INFO pegaflow_server::registry: registry.rs:217 IPC import timing: device_id=4 size_bytes=533725184 import_ms=2.99 (perf-t1)
2026-08-18T16:27:07.902647+00:00   INFO pegaflow_server::registry: registry.rs:217 IPC import timing: device_id=4 size_bytes=533725184 import_ms=2.89 (perf-t1)
2026-08-18T16:27:07.906464+00:00   INFO pegaflow_server::registry: registry.rs:217 IPC import timing: device_id=4 size_bytes=533725184 import_ms=3.26 (perf-t1)
2026-08-18T16:27:07.909821+00:00   INFO pegaflow_server::registry: registry.rs:217 IPC import timing: device_id=4 size_bytes=533725184 import_ms=2.76 (perf-t1)
2026-08-18T16:27:07.913373+00:00   INFO pegaflow_server::registry: registry.rs:217 IPC import timing: device_id=4 size_bytes=533725184 import_ms=2.97 (perf-t1)
2026-08-18T16:27:07.916762+00:00   INFO pegaflow_server::registry: registry.rs:217 IPC import timing: device_id=4 size_bytes=533725184 import_ms=2.82 (perf-t1)
2026-08-18T16:27:07.920227+00:00   INFO pegaflow_server::registry: registry.rs:217 IPC import timing: device_id=4 size_bytes=533725184 import_ms=2.89 (perf-t1)
2026-08-18T16:27:07.923619+00:00   INFO pegaflow_server::registry: registry.rs:217 IPC import timing: device_id=4 size_bytes=533725184 import_ms=2.82 (perf-t1)
2026-08-18T16:27:07.930302+00:00   INFO pegaflow_server::registry: registry.rs:217 IPC import timing: device_id=4 size_bytes=533725184 import_ms=6.13 (perf-t1)
2026-08-18T16:27:07.934777+00:00   INFO pegaflow_core::gpu_worker: gpu_worker.rs:338 GPU worker initialized: device=4 backend=ascend_batch device_id=4
2026-08-18T16:27:07.935193+00:00   INFO pegaflow_core::gpu_worker: gpu_worker.rs:338 GPU worker initialized: device=4 backend=ascend_batch device_id=4
2026-08-18T16:27:07.935375+00:00   INFO pegaflow_core::gpu_worker: gpu_worker.rs:200 GPU worker pool started: device=4, numa_node=NUMA4, transfer_mode=AscendDirect
2026-08-18T16:27:07.936022+00:00   INFO pegaflow_core::instance: instance.rs:706 Sealed instance topology: instance=896059b4-6f5b-4aae-b076-3e21d5f68295-95555f8c45574a12adc94f4c0f8780f2, num_layers=72, tp_size=1, world_size=1, total_slots=72
2026-08-18T16:27:07.936072+00:00   INFO pegaflow_core::instance: instance.rs:719 Initialized GPU context: device_id=4, numa_node=NUMA4
2026-08-18T16:27:07.936100+00:00   INFO pegaflow_core: lib.rs:452 Registered context batch: instance=896059b4-6f5b-4aae-b076-3e21d5f68295-95555f8c45574a12adc94f4c0f8780f2, namespace=perf-t2-c8-i200-shared-c1, device=4, layers=72, tp_rank=0/1, pp_rank=0
2026-08-18T16:27:22.318315+00:00   INFO pegaflow_server::service: service.rs:931 Session opened: instance_id=812424f5-6ce5-46a1-b8b1-a81b9de45bb4-fe7dfef51f864526bd2ad58aedbc0934 namespace=perf-t2-c8-i200-shared-c1 tp_size=1 world_size=1 token=1
2026-08-18T16:27:26.860191+00:00   INFO pegaflow_server::service: service.rs:931 Session opened: instance_id=1873642e-7270-4eb6-9082-d262ce0feffb-e354bb158e844e13b6c905b2f45ced2b namespace=perf-t2-c8-i200-shared-c1 tp_size=1 world_size=1 token=2
2026-08-18T16:27:28.067146+00:00   INFO pegaflow_server::service: service.rs:931 Session opened: instance_id=70628fb4-0197-4f85-82a6-569a66d166be-981e09fcdd5e41ce91b9e6b142b77fbe namespace=perf-t2-c8-i200-shared-c1 tp_size=1 world_size=1 token=3
2026-08-18T16:27:29.388115+00:00   INFO pegaflow_server::service: service.rs:931 Session opened: instance_id=e1a6b86a-53bc-45fb-ac3e-4f58992de8d1-726a1cf3c1554c34b8229e6714aabfc8 namespace=perf-t2-c8-i200-shared-c1 tp_size=1 world_size=1 token=4
2026-08-18T16:27:32.995816+00:00   INFO pegaflow_server::service: service.rs:931 Session opened: instance_id=086cf476-82a2-4ebe-926f-80e209bf89ff-c6ce532cd7f04247a963d6b4fe545ca0 namespace=perf-t2-c8-i200-shared-c1 tp_size=1 world_size=1 token=5
2026-08-18T16:27:36.709335+00:00   INFO pegaflow_server::service: service.rs:931 Session opened: instance_id=896059b4-6f5b-4aae-b076-3e21d5f68295-95555f8c45574a12adc94f4c0f8780f2 namespace=perf-t2-c8-i200-shared-c1 tp_size=1 world_size=1 token=6
2026-08-18T16:27:37.011461+00:00   INFO pegaflow_server::service: service.rs:931 Session opened: instance_id=8fea4b03-5f25-4868-98a8-99cd63124758-49d02975372a493fabb1457305d603b0 namespace=perf-t2-c8-i200-shared-c1 tp_size=1 world_size=1 token=7
2026-08-18T16:27:37.242564+00:00   INFO pegaflow_server::service: service.rs:931 Session opened: instance_id=46c4df2b-b28a-4c8b-a78a-242b7cc9f270-4058eee7f3a9454aa67f94da0569d892 namespace=perf-t2-c8-i200-shared-c1 tp_size=1 world_size=1 token=8
2026-08-18T16:27:43.975731+00:00   INFO pegaflow_core::storage::prefetch: prefetch.rs:316 Prefetch local-hit timing: req_id=cmpl-perf-a027a7e5ef08-0-a5b3ea4d total_keys=76 hit=0 missing=76 key_build=58.79µs cache_scan=21.711µs task_schedule=7.66µs total=186.872µs
2026-08-18T16:28:16.044401+00:00   INFO pegaflow_core::storage::prefetch: prefetch.rs:316 Prefetch local-hit timing: req_id=cmpl-perf-f84b1b9543b5-0-ba0d7268 total_keys=76 hit=76 missing=0 key_build=42.4µs cache_scan=133.182µs task_schedule=160ns total=190.902µs
2026-08-18T16:28:16.044393+00:00   INFO pegaflow_core::storage::prefetch: prefetch.rs:316 Prefetch local-hit timing: req_id=cmpl-perf-9301f1b40c18-0-a93e96c1 total_keys=76 hit=76 missing=0 key_build=56.47µs cache_scan=146.182µs task_schedule=270ns total=332.974µs
2026-08-18T16:28:16.047985+00:00   INFO pegaflow_core::storage::prefetch: prefetch.rs:316 Prefetch local-hit timing: req_id=cmpl-perf-93c040603bad-0-a9061791 total_keys=76 hit=76 missing=0 key_build=47.621µs cache_scan=101.471µs task_schedule=140ns total=161.482µs
2026-08-18T16:28:16.050215+00:00   INFO pegaflow_core::storage::prefetch: prefetch.rs:316 Prefetch local-hit timing: req_id=cmpl-perf-d6578afbed09-0-97f56ad9 total_keys=76 hit=76 missing=0 key_build=42.801µs cache_scan=100.551µs task_schedule=140ns total=155.892µs
2026-08-18T16:28:16.050536+00:00   INFO pegaflow_core::storage::prefetch: prefetch.rs:316 Prefetch local-hit timing: req_id=cmpl-perf-84c26d927ed8-0-887b2fc1 total_keys=76 hit=76 missing=0 key_build=39.441µs cache_scan=99.381µs task_schedule=180ns total=147.962µs
2026-08-18T16:28:16.051577+00:00   INFO pegaflow_core::storage::prefetch: prefetch.rs:316 Prefetch local-hit timing: req_id=cmpl-perf-cb0e4f72cbd2-0-a1799996 total_keys=76 hit=76 missing=0 key_build=38.43µs cache_scan=101.051µs task_schedule=130ns total=151.502µs
2026-08-18T16:28:16.052823+00:00   INFO pegaflow_core::storage::prefetch: prefetch.rs:316 Prefetch local-hit timing: req_id=cmpl-perf-41a52aa5b055-0-8b3cbb7f total_keys=76 hit=76 missing=0 key_build=92.681µs cache_scan=103.922µs task_schedule=170ns total=207.343µs
2026-08-18T16:28:16.193921+00:00   INFO pegaflow_core::gpu_worker: gpu_worker.rs:508 Load task completed: layers=72 blocks=76 copies=5472 bytes=1434451968 elapsed_ms=140.00 bandwidth_gbps=10.25 backend=ascend_batch device_id=0
2026-08-18T16:28:16.203762+00:00   INFO pegaflow_core::gpu_worker: gpu_worker.rs:508 Load task completed: layers=72 blocks=76 copies=5472 bytes=1434451968 elapsed_ms=143.33 bandwidth_gbps=10.01 backend=ascend_batch device_id=6
2026-08-18T16:28:16.206208+00:00   INFO pegaflow_core::gpu_worker: gpu_worker.rs:508 Load task completed: layers=72 blocks=76 copies=5472 bytes=1434451968 elapsed_ms=149.49 bandwidth_gbps=9.60 backend=ascend_batch device_id=2
2026-08-18T16:28:16.207755+00:00   INFO pegaflow_core::gpu_worker: gpu_worker.rs:508 Load task completed: layers=72 blocks=76 copies=5472 bytes=1434451968 elapsed_ms=146.03 bandwidth_gbps=9.82 backend=ascend_batch device_id=7
2026-08-18T16:28:16.217761+00:00   INFO pegaflow_core::gpu_worker: gpu_worker.rs:508 Load task completed: layers=72 blocks=76 copies=5472 bytes=1434451968 elapsed_ms=157.60 bandwidth_gbps=9.10 backend=ascend_batch device_id=5
2026-08-18T16:28:16.228581+00:00   INFO pegaflow_core::gpu_worker: gpu_worker.rs:508 Load task completed: layers=72 blocks=76 copies=5472 bytes=1434451968 elapsed_ms=168.69 bandwidth_gbps=8.50 backend=ascend_batch device_id=4
2026-08-18T16:28:16.236725+00:00   INFO pegaflow_core::gpu_worker: gpu_worker.rs:508 Load task completed: layers=72 blocks=76 copies=5472 bytes=1434451968 elapsed_ms=184.15 bandwidth_gbps=7.79 backend=ascend_batch device_id=3
2026-08-18T16:28:19.262192+00:00   INFO pegaflow_core::storage::prefetch: prefetch.rs:316 Prefetch local-hit timing: req_id=cmpl-perf-27bd56a66682-0-821d75c4 total_keys=1 hit=0 missing=1 key_build=12.83µs cache_scan=21.081µs task_schedule=7.63µs total=86.031µs
2026-08-18T16:28:19.264757+00:00   INFO pegaflow_core::storage::prefetch: prefetch.rs:316 Prefetch local-hit timing: req_id=cmpl-perf-47117058ed66-0-82b7a995 total_keys=1 hit=0 missing=1 key_build=5.28µs cache_scan=7.17µs task_schedule=2.22µs total=26.45µs
2026-08-18T16:28:19.266154+00:00   INFO pegaflow_core::storage::prefetch: prefetch.rs:316 Prefetch local-hit timing: req_id=cmpl-perf-ae9e1eee916c-0-b7ca8149 total_keys=1 hit=0 missing=1 key_build=3.16µs cache_scan=4.25µs task_schedule=1.41µs total=16.66µs
2026-08-18T16:28:19.266143+00:00   INFO pegaflow_core::storage::prefetch: prefetch.rs:316 Prefetch local-hit timing: req_id=cmpl-perf-1a3c8ee6a8dc-0-853b9a57 total_keys=1 hit=0 missing=1 key_build=4.41µs cache_scan=6.18µs task_schedule=2.16µs total=24.67µs
2026-08-18T16:28:19.266300+00:00   INFO pegaflow_core::storage::prefetch: prefetch.rs:316 Prefetch local-hit timing: req_id=cmpl-perf-0b11078545f1-0-a4f45623 total_keys=1 hit=0 missing=1 key_build=5.19µs cache_scan=7.19µs task_schedule=2.72µs total=29.38µs
2026-08-18T16:28:19.266578+00:00   INFO pegaflow_core::storage::prefetch: prefetch.rs:316 Prefetch local-hit timing: req_id=cmpl-perf-0ea5511994e8-0-85906de9 total_keys=1 hit=0 missing=1 key_build=4.86µs cache_scan=6.37µs task_schedule=2.12µs total=22.18µs
2026-08-18T16:28:19.267436+00:00   INFO pegaflow_core::storage::prefetch: prefetch.rs:316 Prefetch local-hit timing: req_id=cmpl-perf-ddc224041c2d-0-b65cf806 total_keys=1 hit=0 missing=1 key_build=3.92µs cache_scan=6.54µs task_schedule=2.17µs total=25.071µs
2026-08-18T16:28:19.267436+00:00   INFO pegaflow_core::storage::prefetch: prefetch.rs:316 Prefetch local-hit timing: req_id=cmpl-perf-c67a6310633a-0-a5f53f60 total_keys=1 hit=0 missing=1 key_build=4.55µs cache_scan=10.341µs task_schedule=1.63µs total=25.771µs
2026-08-18T16:28:26.378146+00:00   INFO pegaflow_server::service: service.rs:955 Session closed: instance_id=812424f5-6ce5-46a1-b8b1-a81b9de45bb4-fe7dfef51f864526bd2ad58aedbc0934 token=1 — running cleanup
2026-08-18T16:28:26.946534+00:00   INFO pegaflow_server::service: service.rs:59 Session cleanup (stream closed): dropped 72 device tensors for instance 812424f5-6ce5-46a1-b8b1-a81b9de45bb4-fe7dfef51f864526bd2ad58aedbc0934
2026-08-18T16:28:26.946813+00:00   INFO pegaflow_core: lib.rs:471 Unregistered instance: 812424f5-6ce5-46a1-b8b1-a81b9de45bb4-fe7dfef51f864526bd2ad58aedbc0934
2026-08-18T16:28:27.692989+00:00   INFO pegaflow_server::service: service.rs:955 Session closed: instance_id=70628fb4-0197-4f85-82a6-569a66d166be-981e09fcdd5e41ce91b9e6b142b77fbe token=3 — running cleanup
2026-08-18T16:28:28.253309+00:00   INFO pegaflow_server::service: service.rs:59 Session cleanup (stream closed): dropped 72 device tensors for instance 70628fb4-0197-4f85-82a6-569a66d166be-981e09fcdd5e41ce91b9e6b142b77fbe
2026-08-18T16:28:28.253573+00:00   INFO pegaflow_core: lib.rs:471 Unregistered instance: 70628fb4-0197-4f85-82a6-569a66d166be-981e09fcdd5e41ce91b9e6b142b77fbe
2026-08-18T16:28:28.958139+00:00   INFO pegaflow_server::service: service.rs:955 Session closed: instance_id=1873642e-7270-4eb6-9082-d262ce0feffb-e354bb158e844e13b6c905b2f45ced2b token=2 — running cleanup
2026-08-18T16:28:29.582402+00:00   INFO pegaflow_server::service: service.rs:59 Session cleanup (stream closed): dropped 72 device tensors for instance 1873642e-7270-4eb6-9082-d262ce0feffb-e354bb158e844e13b6c905b2f45ced2b
2026-08-18T16:28:29.582685+00:00   INFO pegaflow_core: lib.rs:471 Unregistered instance: 1873642e-7270-4eb6-9082-d262ce0feffb-e354bb158e844e13b6c905b2f45ced2b
2026-08-18T16:28:30.375016+00:00   INFO pegaflow_server::service: service.rs:955 Session closed: instance_id=e1a6b86a-53bc-45fb-ac3e-4f58992de8d1-726a1cf3c1554c34b8229e6714aabfc8 token=4 — running cleanup
2026-08-18T16:28:31.072219+00:00   INFO pegaflow_server::service: service.rs:59 Session cleanup (stream closed): dropped 72 device tensors for instance e1a6b86a-53bc-45fb-ac3e-4f58992de8d1-726a1cf3c1554c34b8229e6714aabfc8
2026-08-18T16:28:31.072430+00:00   INFO pegaflow_core: lib.rs:471 Unregistered instance: e1a6b86a-53bc-45fb-ac3e-4f58992de8d1-726a1cf3c1554c34b8229e6714aabfc8
2026-08-18T16:28:31.840035+00:00   INFO pegaflow_server::service: service.rs:955 Session closed: instance_id=086cf476-82a2-4ebe-926f-80e209bf89ff-c6ce532cd7f04247a963d6b4fe545ca0 token=5 — running cleanup
2026-08-18T16:28:32.432343+00:00   INFO pegaflow_core: lib.rs:471 Unregistered instance: 086cf476-82a2-4ebe-926f-80e209bf89ff-c6ce532cd7f04247a963d6b4fe545ca0
2026-08-18T16:28:33.256528+00:00   INFO pegaflow_server::service: service.rs:955 Session closed: instance_id=896059b4-6f5b-4aae-b076-3e21d5f68295-95555f8c45574a12adc94f4c0f8780f2 token=6 — running cleanup
2026-08-18T16:28:33.833688+00:00   INFO pegaflow_core: lib.rs:471 Unregistered instance: 896059b4-6f5b-4aae-b076-3e21d5f68295-95555f8c45574a12adc94f4c0f8780f2
2026-08-18T16:28:34.822329+00:00   INFO pegaflow_server::service: service.rs:955 Session closed: instance_id=8fea4b03-5f25-4868-98a8-99cd63124758-49d02975372a493fabb1457305d603b0 token=7 — running cleanup
2026-08-18T16:28:35.412155+00:00   INFO pegaflow_server::service: service.rs:59 Session cleanup (stream closed): dropped 72 device tensors for instance 8fea4b03-5f25-4868-98a8-99cd63124758-49d02975372a493fabb1457305d603b0
2026-08-18T16:28:35.412468+00:00   INFO pegaflow_core: lib.rs:471 Unregistered instance: 8fea4b03-5f25-4868-98a8-99cd63124758-49d02975372a493fabb1457305d603b0
2026-08-18T16:28:36.238518+00:00   INFO pegaflow_server::service: service.rs:955 Session closed: instance_id=46c4df2b-b28a-4c8b-a78a-242b7cc9f270-4058eee7f3a9454aa67f94da0569d892 token=8 — running cleanup
2026-08-18T16:28:36.830989+00:00   INFO pegaflow_server::service: service.rs:59 Session cleanup (stream closed): dropped 72 device tensors for instance 46c4df2b-b28a-4c8b-a78a-242b7cc9f270-4058eee7f3a9454aa67f94da0569d892
2026-08-18T16:28:36.831275+00:00   INFO pegaflow_core: lib.rs:471 Unregistered instance: 46c4df2b-b28a-4c8b-a78a-242b7cc9f270-4058eee7f3a9454aa67f94da0569d892
