2026-08-19T02:05:39.148239+00:00   INFO pegaflow_server: lib.rs:480 Starting pega-engine-server v0.23.3
2026-08-19T02:05:39.972900+00:00   INFO pegaflow_server: lib.rs:319 Ascend ACL runtime initialized, device 0 set as current
2026-08-19T02:05:39.973142+00:00   INFO pegaflow_server::check_ascend_version: check_ascend_version.rs:40 Ascend preflight: minimum required version 1.16.0
2026-08-19T02:05:39.973226+00:00   INFO pegaflow_server::check_ascend_version: check_ascend_version.rs:52 Ascend preflight: runtime version 1.17.0 detected
2026-08-19T02:05:39.973269+00:00   INFO pegaflow_server: lib.rs:498 Using specified device(s): [0, 1, 2, 3, 4, 5, 6, 7]
2026-08-19T02:05:48.952206+00:00   INFO pegaflow_server: lib.rs:397 Initialized context for device 0 in 0.01s
2026-08-19T02:05:49.678344+00:00   INFO pegaflow_server: lib.rs:397 Initialized context for device 1 in 0.73s
2026-08-19T02:05:50.410922+00:00   INFO pegaflow_server: lib.rs:397 Initialized context for device 2 in 0.73s
2026-08-19T02:05:51.134380+00:00   INFO pegaflow_server: lib.rs:397 Initialized context for device 3 in 0.72s
2026-08-19T02:05:51.873325+00:00   INFO pegaflow_server: lib.rs:397 Initialized context for device 4 in 0.74s
2026-08-19T02:05:52.595309+00:00   INFO pegaflow_server: lib.rs:397 Initialized context for device 5 in 0.72s
2026-08-19T02:05:53.409722+00:00   INFO pegaflow_server: lib.rs:397 Initialized context for device 6 in 0.81s
2026-08-19T02:05:54.125350+00:00   INFO pegaflow_server: lib.rs:397 Initialized context for device 7 in 0.72s
2026-08-19T02:05:54.125611+00:00   INFO pegaflow_server: lib.rs:507 Device runtime initialized for 8 device(s): [0, 1, 2, 3, 4, 5, 6, 7]
2026-08-19T02:05:54.125964+00:00   INFO pegaflow_server: lib.rs:528 Creating PegaEngine with pinned memory pool: 16.00 GiB (17179869184 bytes), hugepages=false
2026-08-19T02:05:54.154717+00:00   INFO pegaflow_server: lib.rs:446 Prometheus metrics exporter enabled
2026-08-19T02:05:54.155122+00:00   INFO opentelemetry: metrics.rs:29  name="MeterProvider.GlobalSet" message=Global meter provider is set. Meters can now be created using global::meter() or global::meter_with_scope().
2026-08-19T02:05:59.531669+00:00   INFO pegaflow_common::numa: numa.rs:650 === Device-NUMA Topology ===
2026-08-19T02:05:59.532045+00:00   INFO pegaflow_common::numa: numa.rs:651 NUMA nodes: 8
2026-08-19T02:05:59.532189+00:00   INFO pegaflow_common::numa: numa.rs:659   Device 0 -> NUMA6
2026-08-19T02:05:59.532219+00:00   INFO pegaflow_common::numa: numa.rs:659   Device 1 -> NUMA0
2026-08-19T02:05:59.532240+00:00   INFO pegaflow_common::numa: numa.rs:659   Device 2 -> NUMA6
2026-08-19T02:05:59.532260+00:00   INFO pegaflow_common::numa: numa.rs:659   Device 3 -> NUMA0
2026-08-19T02:05:59.532279+00:00   INFO pegaflow_common::numa: numa.rs:659   Device 4 -> NUMA4
2026-08-19T02:05:59.532297+00:00   INFO pegaflow_common::numa: numa.rs:659   Device 5 -> NUMA2
2026-08-19T02:05:59.532316+00:00   INFO pegaflow_common::numa: numa.rs:659   Device 6 -> NUMA4
2026-08-19T02:05:59.534827+00:00   INFO pegaflow_common::numa: numa.rs:659   Device 7 -> NUMA2
2026-08-19T02:05:59.534940+00:00   INFO pegaflow_core: lib.rs:163 Auto-enabling NUMA-aware memory allocation for 4 GPU-local NUMA nodes (8 CPU NUMA nodes detected)
2026-08-19T02:05:59.534976+00:00   INFO pegaflow_core::storage: mod.rs:150 Creating NUMA-aware pinned pools for 4 nodes
2026-08-19T02:05:59.535012+00:00   INFO pegaflow_core::pinned_pool: pinned_pool.rs:547 Creating NUMA-aware pools: total=16.0 GiB, nodes=4, per_node=4.0 GiB, shards_per_node=1
2026-08-19T02:05:59.537212+00:00   INFO pegaflow_core::pinned_pool: pinned_pool.rs:203 Allocating pinned memory pool with aclrtMallocHost mapped pages
2026-08-19T02:05:59.537430+00:00   INFO pegaflow_core::pinned_pool: pinned_pool.rs:262 Ascend pinned pool on NUMA node NUMA0 → using device 1
2026-08-19T02:05:59.708665+00:00   INFO pegaflow_core::pinned_pool: pinned_pool.rs:213 Pinned pool: backing_size=4.0 GiB, unit_size=512 B, max_units=8388608, allocatable_size=4.0 GiB
2026-08-19T02:06:00.048833+00:00   INFO pegaflow_core::pinned_pool: pinned_pool.rs:580 Created pinned pool on NUMA0: capacity=4.0 GiB
2026-08-19T02:06:00.050332+00:00   INFO pegaflow_core::pinned_pool: pinned_pool.rs:203 Allocating pinned memory pool with aclrtMallocHost mapped pages
2026-08-19T02:06:00.050435+00:00   INFO pegaflow_core::pinned_pool: pinned_pool.rs:262 Ascend pinned pool on NUMA node NUMA2 → using device 7
2026-08-19T02:06:00.220604+00:00   INFO pegaflow_core::pinned_pool: pinned_pool.rs:213 Pinned pool: backing_size=4.0 GiB, unit_size=512 B, max_units=8388608, allocatable_size=4.0 GiB
2026-08-19T02:06:00.557727+00:00   INFO pegaflow_core::pinned_pool: pinned_pool.rs:580 Created pinned pool on NUMA2: capacity=4.0 GiB
2026-08-19T02:06:00.558716+00:00   INFO pegaflow_core::pinned_pool: pinned_pool.rs:203 Allocating pinned memory pool with aclrtMallocHost mapped pages
2026-08-19T02:06:00.561056+00:00   INFO pegaflow_core::pinned_pool: pinned_pool.rs:262 Ascend pinned pool on NUMA node NUMA4 → using device 4
2026-08-19T02:06:00.730667+00:00   INFO pegaflow_core::pinned_pool: pinned_pool.rs:213 Pinned pool: backing_size=4.0 GiB, unit_size=512 B, max_units=8388608, allocatable_size=4.0 GiB
2026-08-19T02:06:01.067321+00:00   INFO pegaflow_core::pinned_pool: pinned_pool.rs:580 Created pinned pool on NUMA4: capacity=4.0 GiB
2026-08-19T02:06:01.068231+00:00   INFO pegaflow_core::pinned_pool: pinned_pool.rs:203 Allocating pinned memory pool with aclrtMallocHost mapped pages
2026-08-19T02:06:01.068460+00:00   INFO pegaflow_core::pinned_pool: pinned_pool.rs:262 Ascend pinned pool on NUMA node NUMA6 → using device 0
2026-08-19T02:06:01.232856+00:00   INFO pegaflow_core::pinned_pool: pinned_pool.rs:213 Pinned pool: backing_size=4.0 GiB, unit_size=512 B, max_units=8388608, allocatable_size=4.0 GiB
2026-08-19T02:06:01.567870+00:00   INFO pegaflow_core::pinned_pool: pinned_pool.rs:580 Created pinned pool on NUMA6: capacity=4.0 GiB
2026-08-19T02:06:01.569043+00:00   INFO pegaflow_server: lib.rs:688 Background GC task started (interval=60s, inflight_max_age=5m, failed_remote_max_age=5m)
2026-08-19T02:06:01.569566+00:00   INFO pegaflow_server::http_server: http_server.rs:187 Starting HTTP server on 0.0.0.0:9091 (/health, /metrics, /instances, /instances/cleanup, /cache/memory/cleanup)
2026-08-19T02:06:01.569706+00:00   INFO pegaflow_server: lib.rs:716 PegaEngine gRPC server listening on 0.0.0.0:50080
2026-08-19T02:08:03.215722+00:00   INFO pegaflow_server::registry: registry.rs:217 IPC import timing: device_id=5 size_bytes=533725184 import_ms=12.26 (perf-t1)
2026-08-19T02:08:03.220918+00:00   INFO pegaflow_server::registry: registry.rs:217 IPC import timing: device_id=5 size_bytes=533725184 import_ms=3.05 (perf-t1)
2026-08-19T02:08:03.224596+00:00   INFO pegaflow_server::registry: registry.rs:217 IPC import timing: device_id=5 size_bytes=533725184 import_ms=3.01 (perf-t1)
2026-08-19T02:08:03.228361+00:00   INFO pegaflow_server::registry: registry.rs:217 IPC import timing: device_id=5 size_bytes=533725184 import_ms=3.16 (perf-t1)
2026-08-19T02:08:03.232115+00:00   INFO pegaflow_server::registry: registry.rs:217 IPC import timing: device_id=5 size_bytes=533725184 import_ms=3.08 (perf-t1)
2026-08-19T02:08:03.235733+00:00   INFO pegaflow_server::registry: registry.rs:217 IPC import timing: device_id=5 size_bytes=533725184 import_ms=3.00 (perf-t1)
2026-08-19T02:08:03.239212+00:00   INFO pegaflow_server::registry: registry.rs:217 IPC import timing: device_id=5 size_bytes=533725184 import_ms=2.90 (perf-t1)
2026-08-19T02:08:03.242987+00:00   INFO pegaflow_server::registry: registry.rs:217 IPC import timing: device_id=5 size_bytes=533725184 import_ms=3.16 (perf-t1)
2026-08-19T02:08:03.246607+00:00   INFO pegaflow_server::registry: registry.rs:217 IPC import timing: device_id=5 size_bytes=533725184 import_ms=2.97 (perf-t1)
2026-08-19T02:08:03.253338+00:00   INFO pegaflow_server::registry: registry.rs:217 IPC import timing: device_id=5 size_bytes=533725184 import_ms=6.11 (perf-t1)
2026-08-19T02:08:03.257089+00:00   INFO pegaflow_server::registry: registry.rs:217 IPC import timing: device_id=5 size_bytes=533725184 import_ms=3.09 (perf-t1)
2026-08-19T02:08:03.260836+00:00   INFO pegaflow_server::registry: registry.rs:217 IPC import timing: device_id=5 size_bytes=533725184 import_ms=3.13 (perf-t1)
2026-08-19T02:08:03.264711+00:00   INFO pegaflow_server::registry: registry.rs:217 IPC import timing: device_id=5 size_bytes=533725184 import_ms=3.28 (perf-t1)
2026-08-19T02:08:03.268313+00:00   INFO pegaflow_server::registry: registry.rs:217 IPC import timing: device_id=5 size_bytes=533725184 import_ms=2.96 (perf-t1)
2026-08-19T02:08:03.271856+00:00   INFO pegaflow_server::registry: registry.rs:217 IPC import timing: device_id=5 size_bytes=533725184 import_ms=2.92 (perf-t1)
2026-08-19T02:08:03.275537+00:00   INFO pegaflow_server::registry: registry.rs:217 IPC import timing: device_id=5 size_bytes=533725184 import_ms=2.91 (perf-t1)
2026-08-19T02:08:03.279143+00:00   INFO pegaflow_server::registry: registry.rs:217 IPC import timing: device_id=5 size_bytes=533725184 import_ms=2.96 (perf-t1)
2026-08-19T02:08:03.282621+00:00   INFO pegaflow_server::registry: registry.rs:217 IPC import timing: device_id=5 size_bytes=533725184 import_ms=2.87 (perf-t1)
2026-08-19T02:08:03.286130+00:00   INFO pegaflow_server::registry: registry.rs:217 IPC import timing: device_id=5 size_bytes=533725184 import_ms=2.91 (perf-t1)
2026-08-19T02:08:03.289589+00:00   INFO pegaflow_server::registry: registry.rs:217 IPC import timing: device_id=5 size_bytes=533725184 import_ms=2.84 (perf-t1)
2026-08-19T02:08:03.293060+00:00   INFO pegaflow_server::registry: registry.rs:217 IPC import timing: device_id=5 size_bytes=533725184 import_ms=2.87 (perf-t1)
2026-08-19T02:08:03.296665+00:00   INFO pegaflow_server::registry: registry.rs:217 IPC import timing: device_id=5 size_bytes=533725184 import_ms=2.96 (perf-t1)
2026-08-19T02:08:03.300578+00:00   INFO pegaflow_server::registry: registry.rs:217 IPC import timing: device_id=5 size_bytes=533725184 import_ms=3.28 (perf-t1)
2026-08-19T02:08:03.304468+00:00   INFO pegaflow_server::registry: registry.rs:217 IPC import timing: device_id=5 size_bytes=533725184 import_ms=3.30 (perf-t1)
2026-08-19T02:08:03.308421+00:00   INFO pegaflow_server::registry: registry.rs:217 IPC import timing: device_id=5 size_bytes=533725184 import_ms=3.35 (perf-t1)
2026-08-19T02:08:03.311976+00:00   INFO pegaflow_server::registry: registry.rs:217 IPC import timing: device_id=5 size_bytes=533725184 import_ms=2.93 (perf-t1)
2026-08-19T02:08:03.387343+00:00   INFO pegaflow_server::registry: registry.rs:217 IPC import timing: device_id=5 size_bytes=533725184 import_ms=74.74 (perf-t1)
2026-08-19T02:08:03.391618+00:00   INFO pegaflow_server::registry: registry.rs:217 IPC import timing: device_id=5 size_bytes=533725184 import_ms=3.21 (perf-t1)
2026-08-19T02:08:03.397183+00:00   INFO pegaflow_server::registry: registry.rs:217 IPC import timing: device_id=5 size_bytes=533725184 import_ms=4.85 (perf-t1)
2026-08-19T02:08:03.403827+00:00   INFO pegaflow_server::registry: registry.rs:217 IPC import timing: device_id=5 size_bytes=533725184 import_ms=5.81 (perf-t1)
2026-08-19T02:08:03.408166+00:00   INFO pegaflow_server::registry: registry.rs:217 IPC import timing: device_id=5 size_bytes=533725184 import_ms=3.29 (perf-t1)
2026-08-19T02:08:03.412097+00:00   INFO pegaflow_server::registry: registry.rs:217 IPC import timing: device_id=5 size_bytes=533725184 import_ms=3.18 (perf-t1)
2026-08-19T02:08:03.415748+00:00   INFO pegaflow_server::registry: registry.rs:217 IPC import timing: device_id=5 size_bytes=533725184 import_ms=3.02 (perf-t1)
2026-08-19T02:08:03.419197+00:00   INFO pegaflow_server::registry: registry.rs:217 IPC import timing: device_id=5 size_bytes=533725184 import_ms=2.83 (perf-t1)
2026-08-19T02:08:03.422882+00:00   INFO pegaflow_server::registry: registry.rs:217 IPC import timing: device_id=5 size_bytes=533725184 import_ms=3.07 (perf-t1)
2026-08-19T02:08:03.426277+00:00   INFO pegaflow_server::registry: registry.rs:217 IPC import timing: device_id=5 size_bytes=533725184 import_ms=2.81 (perf-t1)
2026-08-19T02:08:03.431687+00:00   INFO pegaflow_server::registry: registry.rs:217 IPC import timing: device_id=5 size_bytes=533725184 import_ms=4.83 (perf-t1)
2026-08-19T02:08:03.435222+00:00   INFO pegaflow_server::registry: registry.rs:217 IPC import timing: device_id=5 size_bytes=533725184 import_ms=2.89 (perf-t1)
2026-08-19T02:08:03.438754+00:00   INFO pegaflow_server::registry: registry.rs:217 IPC import timing: device_id=5 size_bytes=533725184 import_ms=2.93 (perf-t1)
2026-08-19T02:08:03.442195+00:00   INFO pegaflow_server::registry: registry.rs:217 IPC import timing: device_id=5 size_bytes=533725184 import_ms=2.85 (perf-t1)
2026-08-19T02:08:03.445976+00:00   INFO pegaflow_server::registry: registry.rs:217 IPC import timing: device_id=5 size_bytes=533725184 import_ms=3.14 (perf-t1)
2026-08-19T02:08:03.452852+00:00   INFO pegaflow_server::registry: registry.rs:217 IPC import timing: device_id=5 size_bytes=533725184 import_ms=6.20 (perf-t1)
2026-08-19T02:08:03.456443+00:00   INFO pegaflow_server::registry: registry.rs:217 IPC import timing: device_id=5 size_bytes=533725184 import_ms=2.97 (perf-t1)
2026-08-19T02:08:03.460018+00:00   INFO pegaflow_server::registry: registry.rs:217 IPC import timing: device_id=5 size_bytes=533725184 import_ms=2.94 (perf-t1)
2026-08-19T02:08:03.463517+00:00   INFO pegaflow_server::registry: registry.rs:217 IPC import timing: device_id=5 size_bytes=533725184 import_ms=2.87 (perf-t1)
2026-08-19T02:08:03.468304+00:00   INFO pegaflow_server::registry: registry.rs:217 IPC import timing: device_id=5 size_bytes=533725184 import_ms=4.14 (perf-t1)
2026-08-19T02:08:03.472753+00:00   INFO pegaflow_server::registry: registry.rs:217 IPC import timing: device_id=5 size_bytes=533725184 import_ms=3.63 (perf-t1)
2026-08-19T02:08:03.476478+00:00   INFO pegaflow_server::registry: registry.rs:217 IPC import timing: device_id=5 size_bytes=533725184 import_ms=3.07 (perf-t1)
2026-08-19T02:08:03.480082+00:00   INFO pegaflow_server::registry: registry.rs:217 IPC import timing: device_id=5 size_bytes=533725184 import_ms=3.00 (perf-t1)
2026-08-19T02:08:03.483759+00:00   INFO pegaflow_server::registry: registry.rs:217 IPC import timing: device_id=5 size_bytes=533725184 import_ms=2.98 (perf-t1)
2026-08-19T02:08:03.487229+00:00   INFO pegaflow_server::registry: registry.rs:217 IPC import timing: device_id=5 size_bytes=533725184 import_ms=2.83 (perf-t1)
2026-08-19T02:08:03.493630+00:00   INFO pegaflow_server::registry: registry.rs:217 IPC import timing: device_id=5 size_bytes=533725184 import_ms=5.73 (perf-t1)
2026-08-19T02:08:03.497334+00:00   INFO pegaflow_server::registry: registry.rs:217 IPC import timing: device_id=5 size_bytes=533725184 import_ms=2.99 (perf-t1)
2026-08-19T02:08:03.500822+00:00   INFO pegaflow_server::registry: registry.rs:217 IPC import timing: device_id=5 size_bytes=533725184 import_ms=2.88 (perf-t1)
2026-08-19T02:08:03.507288+00:00   INFO pegaflow_server::registry: registry.rs:217 IPC import timing: device_id=5 size_bytes=533725184 import_ms=5.87 (perf-t1)
2026-08-19T02:08:03.515154+00:00   INFO pegaflow_server::registry: registry.rs:217 IPC import timing: device_id=5 size_bytes=533725184 import_ms=7.21 (perf-t1)
2026-08-19T02:08:03.519340+00:00   INFO pegaflow_server::registry: registry.rs:217 IPC import timing: device_id=5 size_bytes=533725184 import_ms=3.56 (perf-t1)
2026-08-19T02:08:03.523032+00:00   INFO pegaflow_server::registry: registry.rs:217 IPC import timing: device_id=5 size_bytes=533725184 import_ms=2.88 (perf-t1)
2026-08-19T02:08:03.526590+00:00   INFO pegaflow_server::registry: registry.rs:217 IPC import timing: device_id=5 size_bytes=533725184 import_ms=2.90 (perf-t1)
2026-08-19T02:08:03.529968+00:00   INFO pegaflow_server::registry: registry.rs:217 IPC import timing: device_id=5 size_bytes=533725184 import_ms=2.80 (perf-t1)
2026-08-19T02:08:03.533491+00:00   INFO pegaflow_server::registry: registry.rs:217 IPC import timing: device_id=5 size_bytes=533725184 import_ms=2.94 (perf-t1)
2026-08-19T02:08:03.538451+00:00   INFO pegaflow_server::registry: registry.rs:217 IPC import timing: device_id=5 size_bytes=533725184 import_ms=4.33 (perf-t1)
2026-08-19T02:08:03.542134+00:00   INFO pegaflow_server::registry: registry.rs:217 IPC import timing: device_id=5 size_bytes=533725184 import_ms=3.04 (perf-t1)
2026-08-19T02:08:03.545749+00:00   INFO pegaflow_server::registry: registry.rs:217 IPC import timing: device_id=5 size_bytes=533725184 import_ms=3.03 (perf-t1)
2026-08-19T02:08:03.549293+00:00   INFO pegaflow_server::registry: registry.rs:217 IPC import timing: device_id=5 size_bytes=533725184 import_ms=2.94 (perf-t1)
2026-08-19T02:08:03.554718+00:00   INFO pegaflow_server::registry: registry.rs:217 IPC import timing: device_id=5 size_bytes=533725184 import_ms=4.83 (perf-t1)
2026-08-19T02:08:03.558039+00:00   INFO pegaflow_server::registry: registry.rs:217 IPC import timing: device_id=5 size_bytes=533725184 import_ms=2.75 (perf-t1)
2026-08-19T02:08:03.561472+00:00   INFO pegaflow_server::registry: registry.rs:217 IPC import timing: device_id=5 size_bytes=533725184 import_ms=2.92 (perf-t1)
2026-08-19T02:08:03.564794+00:00   INFO pegaflow_server::registry: registry.rs:217 IPC import timing: device_id=5 size_bytes=533725184 import_ms=2.76 (perf-t1)
2026-08-19T02:08:03.568189+00:00   INFO pegaflow_server::registry: registry.rs:217 IPC import timing: device_id=5 size_bytes=533725184 import_ms=2.89 (perf-t1)
2026-08-19T02:08:03.571499+00:00   INFO pegaflow_server::registry: registry.rs:217 IPC import timing: device_id=5 size_bytes=533725184 import_ms=2.79 (perf-t1)
2026-08-19T02:08:03.574903+00:00   INFO pegaflow_server::registry: registry.rs:217 IPC import timing: device_id=5 size_bytes=533725184 import_ms=2.81 (perf-t1)
2026-08-19T02:08:03.578728+00:00   INFO pegaflow_core::gpu_worker: gpu_worker.rs:338 GPU worker initialized: device=5 backend=ascend_batch device_id=5
2026-08-19T02:08:03.578962+00:00   INFO pegaflow_core::gpu_worker: gpu_worker.rs:338 GPU worker initialized: device=5 backend=ascend_batch device_id=5
2026-08-19T02:08:03.579207+00:00   INFO pegaflow_core::gpu_worker: gpu_worker.rs:200 GPU worker pool started: device=5, numa_node=NUMA2, transfer_mode=AscendDirect
2026-08-19T02:08:03.580024+00:00   INFO pegaflow_core::instance: instance.rs:706 Sealed instance topology: instance=78026312-4209-4e80-9610-4370747c37fd-7e784754821b441a86ce16f9d8bc7436, num_layers=72, tp_size=1, world_size=1, total_slots=72
2026-08-19T02:08:03.580097+00:00   INFO pegaflow_core::instance: instance.rs:719 Initialized GPU context: device_id=5, numa_node=NUMA2
2026-08-19T02:08:03.580129+00:00   INFO pegaflow_core: lib.rs:452 Registered context batch: instance=78026312-4209-4e80-9610-4370747c37fd-7e784754821b441a86ce16f9d8bc7436, namespace=perf-t3-h50-iso-c1-5, device=5, layers=72, tp_rank=0/1, pp_rank=0
2026-08-19T02:08:06.294840+00:00   INFO pegaflow_server::registry: registry.rs:217 IPC import timing: device_id=7 size_bytes=533725184 import_ms=58.67 (perf-t1)
2026-08-19T02:08:06.387072+00:00   INFO pegaflow_server::registry: registry.rs:217 IPC import timing: device_id=7 size_bytes=533725184 import_ms=87.04 (perf-t1)
2026-08-19T02:08:06.434821+00:00   INFO pegaflow_server::registry: registry.rs:217 IPC import timing: device_id=7 size_bytes=533725184 import_ms=47.05 (perf-t1)
2026-08-19T02:08:06.482834+00:00   INFO pegaflow_server::registry: registry.rs:217 IPC import timing: device_id=7 size_bytes=533725184 import_ms=47.39 (perf-t1)
2026-08-19T02:08:06.530728+00:00   INFO pegaflow_server::registry: registry.rs:217 IPC import timing: device_id=7 size_bytes=533725184 import_ms=47.32 (perf-t1)
2026-08-19T02:08:06.680497+00:00   INFO pegaflow_server::registry: registry.rs:217 IPC import timing: device_id=7 size_bytes=533725184 import_ms=149.21 (perf-t1)
2026-08-19T02:08:06.748003+00:00   INFO pegaflow_server::registry: registry.rs:217 IPC import timing: device_id=7 size_bytes=533725184 import_ms=66.95 (perf-t1)
2026-08-19T02:08:06.843367+00:00   INFO pegaflow_server::registry: registry.rs:217 IPC import timing: device_id=7 size_bytes=533725184 import_ms=94.81 (perf-t1)
2026-08-19T02:08:06.938938+00:00   INFO pegaflow_server::registry: registry.rs:217 IPC import timing: device_id=7 size_bytes=533725184 import_ms=94.90 (perf-t1)
2026-08-19T02:08:07.034983+00:00   INFO pegaflow_server::registry: registry.rs:217 IPC import timing: device_id=7 size_bytes=533725184 import_ms=95.37 (perf-t1)
2026-08-19T02:08:07.087035+00:00   INFO pegaflow_server::registry: registry.rs:217 IPC import timing: device_id=7 size_bytes=533725184 import_ms=51.47 (perf-t1)
2026-08-19T02:08:07.135833+00:00   INFO pegaflow_server::registry: registry.rs:217 IPC import timing: device_id=7 size_bytes=533725184 import_ms=48.21 (perf-t1)
2026-08-19T02:08:07.222935+00:00   INFO pegaflow_server::registry: registry.rs:217 IPC import timing: device_id=7 size_bytes=533725184 import_ms=86.54 (perf-t1)
2026-08-19T02:08:07.318806+00:00   INFO pegaflow_server::registry: registry.rs:217 IPC import timing: device_id=7 size_bytes=533725184 import_ms=95.32 (perf-t1)
2026-08-19T02:08:07.386673+00:00   INFO pegaflow_server::registry: registry.rs:217 IPC import timing: device_id=7 size_bytes=533725184 import_ms=67.30 (perf-t1)
2026-08-19T02:08:07.438721+00:00   INFO pegaflow_server::registry: registry.rs:217 IPC import timing: device_id=7 size_bytes=533725184 import_ms=51.47 (perf-t1)
2026-08-19T02:08:07.486749+00:00   INFO pegaflow_server::registry: registry.rs:217 IPC import timing: device_id=7 size_bytes=533725184 import_ms=47.47 (perf-t1)
2026-08-19T02:08:07.534480+00:00   INFO pegaflow_server::registry: registry.rs:217 IPC import timing: device_id=7 size_bytes=533725184 import_ms=47.17 (perf-t1)
2026-08-19T02:08:07.585601+00:00   INFO pegaflow_server::registry: registry.rs:217 IPC import timing: device_id=7 size_bytes=533725184 import_ms=50.60 (perf-t1)
2026-08-19T02:08:07.631599+00:00   INFO pegaflow_server::registry: registry.rs:217 IPC import timing: device_id=7 size_bytes=533725184 import_ms=45.46 (perf-t1)
2026-08-19T02:08:07.679240+00:00   INFO pegaflow_server::registry: registry.rs:217 IPC import timing: device_id=7 size_bytes=533725184 import_ms=47.08 (perf-t1)
2026-08-19T02:08:07.727197+00:00   INFO pegaflow_server::registry: registry.rs:217 IPC import timing: device_id=7 size_bytes=533725184 import_ms=47.45 (perf-t1)
2026-08-19T02:08:07.778627+00:00   INFO pegaflow_server::registry: registry.rs:217 IPC import timing: device_id=7 size_bytes=533725184 import_ms=50.91 (perf-t1)
2026-08-19T02:08:07.826618+00:00   INFO pegaflow_server::registry: registry.rs:217 IPC import timing: device_id=7 size_bytes=533725184 import_ms=47.44 (perf-t1)
2026-08-19T02:08:07.830284+00:00   INFO pegaflow_server::registry: registry.rs:217 IPC import timing: device_id=7 size_bytes=533725184 import_ms=3.10 (perf-t1)
2026-08-19T02:08:07.833880+00:00   INFO pegaflow_server::registry: registry.rs:217 IPC import timing: device_id=7 size_bytes=533725184 import_ms=3.06 (perf-t1)
2026-08-19T02:08:07.882952+00:00   INFO pegaflow_server::registry: registry.rs:217 IPC import timing: device_id=7 size_bytes=533725184 import_ms=48.53 (perf-t1)
2026-08-19T02:08:07.926607+00:00   INFO pegaflow_server::registry: registry.rs:217 IPC import timing: device_id=7 size_bytes=533725184 import_ms=43.10 (perf-t1)
2026-08-19T02:08:07.930002+00:00   INFO pegaflow_server::registry: registry.rs:217 IPC import timing: device_id=7 size_bytes=533725184 import_ms=2.87 (perf-t1)
2026-08-19T02:08:07.975799+00:00   INFO pegaflow_server::registry: registry.rs:217 IPC import timing: device_id=7 size_bytes=533725184 import_ms=45.19 (perf-t1)
2026-08-19T02:08:07.982146+00:00   INFO pegaflow_server::registry: registry.rs:217 IPC import timing: device_id=7 size_bytes=533725184 import_ms=5.78 (perf-t1)
2026-08-19T02:08:08.022545+00:00   INFO pegaflow_server::registry: registry.rs:217 IPC import timing: device_id=7 size_bytes=533725184 import_ms=39.89 (perf-t1)
2026-08-19T02:08:08.025996+00:00   INFO pegaflow_server::registry: registry.rs:217 IPC import timing: device_id=7 size_bytes=533725184 import_ms=2.87 (perf-t1)
2026-08-19T02:08:08.066360+00:00   INFO pegaflow_server::registry: registry.rs:217 IPC import timing: device_id=7 size_bytes=533725184 import_ms=39.84 (perf-t1)
2026-08-19T02:08:08.070097+00:00   INFO pegaflow_server::registry: registry.rs:217 IPC import timing: device_id=7 size_bytes=533725184 import_ms=3.21 (perf-t1)
2026-08-19T02:08:08.114566+00:00   INFO pegaflow_server::registry: registry.rs:217 IPC import timing: device_id=7 size_bytes=533725184 import_ms=43.92 (perf-t1)
2026-08-19T02:08:08.118002+00:00   INFO pegaflow_server::registry: registry.rs:217 IPC import timing: device_id=7 size_bytes=533725184 import_ms=2.90 (perf-t1)
2026-08-19T02:08:08.162568+00:00   INFO pegaflow_server::registry: registry.rs:217 IPC import timing: device_id=7 size_bytes=533725184 import_ms=44.07 (perf-t1)
2026-08-19T02:08:08.166251+00:00   INFO pegaflow_server::registry: registry.rs:217 IPC import timing: device_id=7 size_bytes=533725184 import_ms=3.14 (perf-t1)
2026-08-19T02:08:08.210600+00:00   INFO pegaflow_server::registry: registry.rs:217 IPC import timing: device_id=7 size_bytes=533725184 import_ms=43.82 (perf-t1)
2026-08-19T02:08:08.214195+00:00   INFO pegaflow_server::registry: registry.rs:217 IPC import timing: device_id=7 size_bytes=533725184 import_ms=3.07 (perf-t1)
2026-08-19T02:08:08.258499+00:00   INFO pegaflow_server::registry: registry.rs:217 IPC import timing: device_id=7 size_bytes=533725184 import_ms=43.77 (perf-t1)
2026-08-19T02:08:08.261978+00:00   INFO pegaflow_server::registry: registry.rs:217 IPC import timing: device_id=7 size_bytes=533725184 import_ms=2.91 (perf-t1)
2026-08-19T02:08:08.306632+00:00   INFO pegaflow_server::registry: registry.rs:217 IPC import timing: device_id=7 size_bytes=533725184 import_ms=44.13 (perf-t1)
2026-08-19T02:08:08.310080+00:00   INFO pegaflow_server::registry: registry.rs:217 IPC import timing: device_id=7 size_bytes=533725184 import_ms=2.88 (perf-t1)
2026-08-19T02:08:08.314553+00:00   INFO pegaflow_server::registry: registry.rs:217 IPC import timing: device_id=7 size_bytes=533725184 import_ms=3.95 (perf-t1)
2026-08-19T02:08:08.354878+00:00   INFO pegaflow_server::registry: registry.rs:217 IPC import timing: device_id=7 size_bytes=533725184 import_ms=39.81 (perf-t1)
2026-08-19T02:08:08.358525+00:00   INFO pegaflow_server::registry: registry.rs:217 IPC import timing: device_id=7 size_bytes=533725184 import_ms=3.09 (perf-t1)
2026-08-19T02:08:08.402495+00:00   INFO pegaflow_server::registry: registry.rs:217 IPC import timing: device_id=7 size_bytes=533725184 import_ms=43.45 (perf-t1)
2026-08-19T02:08:08.406378+00:00   INFO pegaflow_server::registry: registry.rs:217 IPC import timing: device_id=7 size_bytes=533725184 import_ms=3.33 (perf-t1)
2026-08-19T02:08:08.452978+00:00   INFO pegaflow_server::registry: registry.rs:217 IPC import timing: device_id=7 size_bytes=533725184 import_ms=46.06 (perf-t1)
2026-08-19T02:08:08.498597+00:00   INFO pegaflow_server::registry: registry.rs:217 IPC import timing: device_id=7 size_bytes=533725184 import_ms=45.08 (perf-t1)
2026-08-19T02:08:08.502255+00:00   INFO pegaflow_server::registry: registry.rs:217 IPC import timing: device_id=7 size_bytes=533725184 import_ms=3.12 (perf-t1)
2026-08-19T02:08:08.546520+00:00   INFO pegaflow_server::registry: registry.rs:217 IPC import timing: device_id=7 size_bytes=533725184 import_ms=43.73 (perf-t1)
2026-08-19T02:08:08.549995+00:00   INFO pegaflow_server::registry: registry.rs:217 IPC import timing: device_id=7 size_bytes=533725184 import_ms=2.95 (perf-t1)
2026-08-19T02:08:08.554763+00:00   INFO pegaflow_server::registry: registry.rs:217 IPC import timing: device_id=7 size_bytes=533725184 import_ms=4.24 (perf-t1)
2026-08-19T02:08:08.558325+00:00   INFO pegaflow_server::registry: registry.rs:217 IPC import timing: device_id=7 size_bytes=533725184 import_ms=3.02 (perf-t1)
2026-08-19T02:08:08.561821+00:00   INFO pegaflow_server::registry: registry.rs:217 IPC import timing: device_id=7 size_bytes=533725184 import_ms=2.86 (perf-t1)
2026-08-19T02:08:08.565207+00:00   INFO pegaflow_server::registry: registry.rs:217 IPC import timing: device_id=7 size_bytes=533725184 import_ms=2.85 (perf-t1)
2026-08-19T02:08:08.568536+00:00   INFO pegaflow_server::registry: registry.rs:217 IPC import timing: device_id=7 size_bytes=533725184 import_ms=2.77 (perf-t1)
2026-08-19T02:08:08.572058+00:00   INFO pegaflow_server::registry: registry.rs:217 IPC import timing: device_id=7 size_bytes=533725184 import_ms=2.96 (perf-t1)
2026-08-19T02:08:08.576544+00:00   INFO pegaflow_server::registry: registry.rs:217 IPC import timing: device_id=7 size_bytes=533725184 import_ms=3.97 (perf-t1)
2026-08-19T02:08:08.582212+00:00   INFO pegaflow_server::registry: registry.rs:217 IPC import timing: device_id=7 size_bytes=533725184 import_ms=5.14 (perf-t1)
2026-08-19T02:08:08.585663+00:00   INFO pegaflow_server::registry: registry.rs:217 IPC import timing: device_id=7 size_bytes=533725184 import_ms=2.91 (perf-t1)
2026-08-19T02:08:08.589051+00:00   INFO pegaflow_server::registry: registry.rs:217 IPC import timing: device_id=7 size_bytes=533725184 import_ms=2.88 (perf-t1)
2026-08-19T02:08:08.592441+00:00   INFO pegaflow_server::registry: registry.rs:217 IPC import timing: device_id=7 size_bytes=533725184 import_ms=2.87 (perf-t1)
2026-08-19T02:08:08.597145+00:00   INFO pegaflow_server::registry: registry.rs:217 IPC import timing: device_id=7 size_bytes=533725184 import_ms=4.16 (perf-t1)
2026-08-19T02:08:08.602484+00:00   INFO pegaflow_server::registry: registry.rs:217 IPC import timing: device_id=7 size_bytes=533725184 import_ms=4.82 (perf-t1)
2026-08-19T02:08:08.606242+00:00   INFO pegaflow_server::registry: registry.rs:217 IPC import timing: device_id=7 size_bytes=533725184 import_ms=3.24 (perf-t1)
2026-08-19T02:08:08.609671+00:00   INFO pegaflow_server::registry: registry.rs:217 IPC import timing: device_id=7 size_bytes=533725184 import_ms=2.87 (perf-t1)
2026-08-19T02:08:08.613014+00:00   INFO pegaflow_server::registry: registry.rs:217 IPC import timing: device_id=7 size_bytes=533725184 import_ms=2.82 (perf-t1)
2026-08-19T02:08:08.616408+00:00   INFO pegaflow_server::registry: registry.rs:217 IPC import timing: device_id=7 size_bytes=533725184 import_ms=2.88 (perf-t1)
2026-08-19T02:08:08.620145+00:00   INFO pegaflow_server::registry: registry.rs:217 IPC import timing: device_id=3 size_bytes=533725184 import_ms=2.97 (perf-t1)
2026-08-19T02:08:08.620314+00:00   INFO pegaflow_core::gpu_worker: gpu_worker.rs:338 GPU worker initialized: device=7 backend=ascend_batch device_id=7
2026-08-19T02:08:08.620554+00:00   INFO pegaflow_core::gpu_worker: gpu_worker.rs:338 GPU worker initialized: device=7 backend=ascend_batch device_id=7
2026-08-19T02:08:08.620769+00:00   INFO pegaflow_core::gpu_worker: gpu_worker.rs:200 GPU worker pool started: device=7, numa_node=NUMA2, transfer_mode=AscendDirect
2026-08-19T02:08:08.621449+00:00   INFO pegaflow_core::instance: instance.rs:706 Sealed instance topology: instance=eb4d291b-3a92-45c4-98d1-c3d397aa990d-8bc521a9a62d47d7805242eeacca678c, num_layers=72, tp_size=1, world_size=1, total_slots=72
2026-08-19T02:08:08.621497+00:00   INFO pegaflow_core::instance: instance.rs:719 Initialized GPU context: device_id=7, numa_node=NUMA2
2026-08-19T02:08:08.621525+00:00   INFO pegaflow_core: lib.rs:452 Registered context batch: instance=eb4d291b-3a92-45c4-98d1-c3d397aa990d-8bc521a9a62d47d7805242eeacca678c, namespace=perf-t3-h50-iso-c1-7, device=7, layers=72, tp_rank=0/1, pp_rank=0
2026-08-19T02:08:08.623728+00:00   INFO pegaflow_server::registry: registry.rs:217 IPC import timing: device_id=3 size_bytes=533725184 import_ms=3.02 (perf-t1)
2026-08-19T02:08:08.627154+00:00   INFO pegaflow_server::registry: registry.rs:217 IPC import timing: device_id=3 size_bytes=533725184 import_ms=2.88 (perf-t1)
2026-08-19T02:08:08.631896+00:00   INFO pegaflow_server::registry: registry.rs:217 IPC import timing: device_id=3 size_bytes=533725184 import_ms=4.20 (perf-t1)
2026-08-19T02:08:08.635310+00:00   INFO pegaflow_server::registry: registry.rs:217 IPC import timing: device_id=3 size_bytes=533725184 import_ms=2.86 (perf-t1)
2026-08-19T02:08:08.639051+00:00   INFO pegaflow_server::registry: registry.rs:217 IPC import timing: device_id=3 size_bytes=533725184 import_ms=3.23 (perf-t1)
2026-08-19T02:08:08.642497+00:00   INFO pegaflow_server::registry: registry.rs:217 IPC import timing: device_id=3 size_bytes=533725184 import_ms=2.89 (perf-t1)
2026-08-19T02:08:08.645983+00:00   INFO pegaflow_server::registry: registry.rs:217 IPC import timing: device_id=3 size_bytes=533725184 import_ms=2.92 (perf-t1)
2026-08-19T02:08:08.652805+00:00   INFO pegaflow_server::registry: registry.rs:217 IPC import timing: device_id=3 size_bytes=533725184 import_ms=6.26 (perf-t1)
2026-08-19T02:08:08.656530+00:00   INFO pegaflow_server::registry: registry.rs:217 IPC import timing: device_id=3 size_bytes=533725184 import_ms=3.17 (perf-t1)
2026-08-19T02:08:08.660093+00:00   INFO pegaflow_server::registry: registry.rs:217 IPC import timing: device_id=3 size_bytes=533725184 import_ms=3.04 (perf-t1)
2026-08-19T02:08:08.663623+00:00   INFO pegaflow_server::registry: registry.rs:217 IPC import timing: device_id=3 size_bytes=533725184 import_ms=2.98 (perf-t1)
2026-08-19T02:08:08.667146+00:00   INFO pegaflow_server::registry: registry.rs:217 IPC import timing: device_id=3 size_bytes=533725184 import_ms=2.96 (perf-t1)
2026-08-19T02:08:08.670501+00:00   INFO pegaflow_server::registry: registry.rs:217 IPC import timing: device_id=3 size_bytes=533725184 import_ms=2.83 (perf-t1)
2026-08-19T02:08:08.673826+00:00   INFO pegaflow_server::registry: registry.rs:217 IPC import timing: device_id=3 size_bytes=533725184 import_ms=2.79 (perf-t1)
2026-08-19T02:08:08.677144+00:00   INFO pegaflow_server::registry: registry.rs:217 IPC import timing: device_id=3 size_bytes=533725184 import_ms=2.75 (perf-t1)
2026-08-19T02:08:08.680486+00:00   INFO pegaflow_server::registry: registry.rs:217 IPC import timing: device_id=3 size_bytes=533725184 import_ms=2.82 (perf-t1)
2026-08-19T02:08:08.683925+00:00   INFO pegaflow_server::registry: registry.rs:217 IPC import timing: device_id=3 size_bytes=533725184 import_ms=2.87 (perf-t1)
2026-08-19T02:08:08.687652+00:00   INFO pegaflow_server::registry: registry.rs:217 IPC import timing: device_id=3 size_bytes=533725184 import_ms=3.16 (perf-t1)
2026-08-19T02:08:08.690977+00:00   INFO pegaflow_server::registry: registry.rs:217 IPC import timing: device_id=3 size_bytes=533725184 import_ms=2.80 (perf-t1)
2026-08-19T02:08:08.694213+00:00   INFO pegaflow_server::registry: registry.rs:217 IPC import timing: device_id=3 size_bytes=533725184 import_ms=2.72 (perf-t1)
2026-08-19T02:08:08.697577+00:00   INFO pegaflow_server::registry: registry.rs:217 IPC import timing: device_id=3 size_bytes=533725184 import_ms=2.84 (perf-t1)
2026-08-19T02:08:08.700829+00:00   INFO pegaflow_server::registry: registry.rs:217 IPC import timing: device_id=3 size_bytes=533725184 import_ms=2.73 (perf-t1)
2026-08-19T02:08:08.704150+00:00   INFO pegaflow_server::registry: registry.rs:217 IPC import timing: device_id=3 size_bytes=533725184 import_ms=2.83 (perf-t1)
2026-08-19T02:08:08.707460+00:00   INFO pegaflow_server::registry: registry.rs:217 IPC import timing: device_id=3 size_bytes=533725184 import_ms=2.77 (perf-t1)
2026-08-19T02:08:08.710869+00:00   INFO pegaflow_server::registry: registry.rs:217 IPC import timing: device_id=3 size_bytes=533725184 import_ms=2.90 (perf-t1)
2026-08-19T02:08:08.714097+00:00   INFO pegaflow_server::registry: registry.rs:217 IPC import timing: device_id=3 size_bytes=533725184 import_ms=2.72 (perf-t1)
2026-08-19T02:08:08.717543+00:00   INFO pegaflow_server::registry: registry.rs:217 IPC import timing: device_id=3 size_bytes=533725184 import_ms=2.90 (perf-t1)
2026-08-19T02:08:08.720783+00:00   INFO pegaflow_server::registry: registry.rs:217 IPC import timing: device_id=3 size_bytes=533725184 import_ms=2.73 (perf-t1)
2026-08-19T02:08:08.725204+00:00   INFO pegaflow_server::registry: registry.rs:217 IPC import timing: device_id=3 size_bytes=533725184 import_ms=3.89 (perf-t1)
2026-08-19T02:08:08.728832+00:00   INFO pegaflow_server::registry: registry.rs:217 IPC import timing: device_id=3 size_bytes=533725184 import_ms=3.09 (perf-t1)
2026-08-19T02:08:08.732047+00:00   INFO pegaflow_server::registry: registry.rs:217 IPC import timing: device_id=3 size_bytes=533725184 import_ms=2.71 (perf-t1)
2026-08-19T02:08:08.735507+00:00   INFO pegaflow_server::registry: registry.rs:217 IPC import timing: device_id=3 size_bytes=533725184 import_ms=2.92 (perf-t1)
2026-08-19T02:08:08.739122+00:00   INFO pegaflow_server::registry: registry.rs:217 IPC import timing: device_id=3 size_bytes=533725184 import_ms=3.09 (perf-t1)
2026-08-19T02:08:08.742475+00:00   INFO pegaflow_server::registry: registry.rs:217 IPC import timing: device_id=3 size_bytes=533725184 import_ms=2.84 (perf-t1)
2026-08-19T02:08:08.745927+00:00   INFO pegaflow_server::registry: registry.rs:217 IPC import timing: device_id=3 size_bytes=533725184 import_ms=2.72 (perf-t1)
2026-08-19T02:08:08.749284+00:00   INFO pegaflow_server::registry: registry.rs:217 IPC import timing: device_id=3 size_bytes=533725184 import_ms=2.82 (perf-t1)
2026-08-19T02:08:08.754841+00:00   INFO pegaflow_server::registry: registry.rs:217 IPC import timing: device_id=3 size_bytes=533725184 import_ms=4.99 (perf-t1)
2026-08-19T02:08:08.758339+00:00   INFO pegaflow_server::registry: registry.rs:217 IPC import timing: device_id=3 size_bytes=533725184 import_ms=2.99 (perf-t1)
2026-08-19T02:08:08.761620+00:00   INFO pegaflow_server::registry: registry.rs:217 IPC import timing: device_id=3 size_bytes=533725184 import_ms=2.76 (perf-t1)
2026-08-19T02:08:08.764957+00:00   INFO pegaflow_server::registry: registry.rs:217 IPC import timing: device_id=3 size_bytes=533725184 import_ms=2.83 (perf-t1)
2026-08-19T02:08:08.768224+00:00   INFO pegaflow_server::registry: registry.rs:217 IPC import timing: device_id=3 size_bytes=533725184 import_ms=2.76 (perf-t1)
2026-08-19T02:08:08.771491+00:00   INFO pegaflow_server::registry: registry.rs:217 IPC import timing: device_id=3 size_bytes=533725184 import_ms=2.72 (perf-t1)
2026-08-19T02:08:08.774834+00:00   INFO pegaflow_server::registry: registry.rs:217 IPC import timing: device_id=3 size_bytes=533725184 import_ms=2.83 (perf-t1)
2026-08-19T02:08:08.778056+00:00   INFO pegaflow_server::registry: registry.rs:217 IPC import timing: device_id=3 size_bytes=533725184 import_ms=2.72 (perf-t1)
2026-08-19T02:08:08.783114+00:00   INFO pegaflow_server::registry: registry.rs:217 IPC import timing: device_id=3 size_bytes=533725184 import_ms=4.57 (perf-t1)
2026-08-19T02:08:08.786661+00:00   INFO pegaflow_server::registry: registry.rs:217 IPC import timing: device_id=3 size_bytes=533725184 import_ms=3.02 (perf-t1)
2026-08-19T02:08:08.790046+00:00   INFO pegaflow_server::registry: registry.rs:217 IPC import timing: device_id=3 size_bytes=533725184 import_ms=2.85 (perf-t1)
2026-08-19T02:08:08.793315+00:00   INFO pegaflow_server::registry: registry.rs:217 IPC import timing: device_id=3 size_bytes=533725184 import_ms=2.75 (perf-t1)
2026-08-19T02:08:08.797103+00:00   INFO pegaflow_server::registry: registry.rs:217 IPC import timing: device_id=3 size_bytes=533725184 import_ms=3.26 (perf-t1)
2026-08-19T02:08:08.802325+00:00   INFO pegaflow_server::registry: registry.rs:217 IPC import timing: device_id=3 size_bytes=533725184 import_ms=4.72 (perf-t1)
2026-08-19T02:08:08.806311+00:00   INFO pegaflow_server::registry: registry.rs:217 IPC import timing: device_id=3 size_bytes=533725184 import_ms=3.48 (perf-t1)
2026-08-19T02:08:08.809653+00:00   INFO pegaflow_server::registry: registry.rs:217 IPC import timing: device_id=3 size_bytes=533725184 import_ms=2.81 (perf-t1)
2026-08-19T02:08:08.812930+00:00   INFO pegaflow_server::registry: registry.rs:217 IPC import timing: device_id=3 size_bytes=533725184 import_ms=2.76 (perf-t1)
2026-08-19T02:08:08.816271+00:00   INFO pegaflow_server::registry: registry.rs:217 IPC import timing: device_id=3 size_bytes=533725184 import_ms=2.83 (perf-t1)
2026-08-19T02:08:08.819595+00:00   INFO pegaflow_server::registry: registry.rs:217 IPC import timing: device_id=3 size_bytes=533725184 import_ms=2.76 (perf-t1)
2026-08-19T02:08:08.822951+00:00   INFO pegaflow_server::registry: registry.rs:217 IPC import timing: device_id=3 size_bytes=533725184 import_ms=2.85 (perf-t1)
2026-08-19T02:08:08.826501+00:00   INFO pegaflow_server::registry: registry.rs:217 IPC import timing: device_id=3 size_bytes=533725184 import_ms=2.85 (perf-t1)
2026-08-19T02:08:08.831680+00:00   INFO pegaflow_server::registry: registry.rs:217 IPC import timing: device_id=3 size_bytes=533725184 import_ms=4.61 (perf-t1)
2026-08-19T02:08:08.835033+00:00   INFO pegaflow_server::registry: registry.rs:217 IPC import timing: device_id=3 size_bytes=533725184 import_ms=2.83 (perf-t1)
2026-08-19T02:08:08.838306+00:00   INFO pegaflow_server::registry: registry.rs:217 IPC import timing: device_id=3 size_bytes=533725184 import_ms=2.76 (perf-t1)
2026-08-19T02:08:08.842811+00:00   INFO pegaflow_server::registry: registry.rs:217 IPC import timing: device_id=3 size_bytes=533725184 import_ms=3.97 (perf-t1)
2026-08-19T02:08:08.846359+00:00   INFO pegaflow_server::registry: registry.rs:217 IPC import timing: device_id=3 size_bytes=533725184 import_ms=3.03 (perf-t1)
2026-08-19T02:08:08.852700+00:00   INFO pegaflow_server::registry: registry.rs:217 IPC import timing: device_id=3 size_bytes=533725184 import_ms=5.83 (perf-t1)
2026-08-19T02:08:08.856073+00:00   INFO pegaflow_server::registry: registry.rs:217 IPC import timing: device_id=3 size_bytes=533725184 import_ms=2.84 (perf-t1)
2026-08-19T02:08:08.859588+00:00   INFO pegaflow_server::registry: registry.rs:217 IPC import timing: device_id=3 size_bytes=533725184 import_ms=2.99 (perf-t1)
2026-08-19T02:08:08.862983+00:00   INFO pegaflow_server::registry: registry.rs:217 IPC import timing: device_id=3 size_bytes=533725184 import_ms=2.89 (perf-t1)
2026-08-19T02:08:08.866287+00:00   INFO pegaflow_server::registry: registry.rs:217 IPC import timing: device_id=3 size_bytes=533725184 import_ms=2.75 (perf-t1)
2026-08-19T02:08:08.869515+00:00   INFO pegaflow_server::registry: registry.rs:217 IPC import timing: device_id=3 size_bytes=533725184 import_ms=2.72 (perf-t1)
2026-08-19T02:08:08.872803+00:00   INFO pegaflow_server::registry: registry.rs:217 IPC import timing: device_id=3 size_bytes=533725184 import_ms=2.79 (perf-t1)
2026-08-19T02:08:08.876037+00:00   INFO pegaflow_server::registry: registry.rs:217 IPC import timing: device_id=3 size_bytes=533725184 import_ms=2.71 (perf-t1)
2026-08-19T02:08:08.879338+00:00   INFO pegaflow_server::registry: registry.rs:217 IPC import timing: device_id=3 size_bytes=533725184 import_ms=2.79 (perf-t1)
2026-08-19T02:08:08.882922+00:00   INFO pegaflow_server::registry: registry.rs:217 IPC import timing: device_id=1 size_bytes=533725184 import_ms=2.88 (perf-t1)
2026-08-19T02:08:08.883368+00:00   INFO pegaflow_core::gpu_worker: gpu_worker.rs:338 GPU worker initialized: device=3 backend=ascend_batch device_id=3
2026-08-19T02:08:08.883740+00:00   INFO pegaflow_core::gpu_worker: gpu_worker.rs:338 GPU worker initialized: device=3 backend=ascend_batch device_id=3
2026-08-19T02:08:08.883902+00:00   INFO pegaflow_core::gpu_worker: gpu_worker.rs:200 GPU worker pool started: device=3, numa_node=NUMA0, transfer_mode=AscendDirect
2026-08-19T02:08:08.884634+00:00   INFO pegaflow_core::instance: instance.rs:706 Sealed instance topology: instance=ebea9f21-c492-49cb-aa27-f8a184bea92f-d2cc8fcbc89e4c718943ea3a3de194ac, num_layers=72, tp_size=1, world_size=1, total_slots=72
2026-08-19T02:08:08.884698+00:00   INFO pegaflow_core::instance: instance.rs:719 Initialized GPU context: device_id=3, numa_node=NUMA0
2026-08-19T02:08:08.884732+00:00   INFO pegaflow_core: lib.rs:452 Registered context batch: instance=ebea9f21-c492-49cb-aa27-f8a184bea92f-d2cc8fcbc89e4c718943ea3a3de194ac, namespace=perf-t3-h50-iso-c1-3, device=3, layers=72, tp_rank=0/1, pp_rank=0
2026-08-19T02:08:08.886487+00:00   INFO pegaflow_server::registry: registry.rs:217 IPC import timing: device_id=1 size_bytes=533725184 import_ms=3.02 (perf-t1)
2026-08-19T02:08:08.890171+00:00   INFO pegaflow_server::registry: registry.rs:217 IPC import timing: device_id=1 size_bytes=533725184 import_ms=3.16 (perf-t1)
2026-08-19T02:08:08.893861+00:00   INFO pegaflow_server::registry: registry.rs:217 IPC import timing: device_id=1 size_bytes=533725184 import_ms=3.07 (perf-t1)
2026-08-19T02:08:08.897506+00:00   INFO pegaflow_server::registry: registry.rs:217 IPC import timing: device_id=1 size_bytes=533725184 import_ms=2.99 (perf-t1)
2026-08-19T02:08:08.901168+00:00   INFO pegaflow_server::registry: registry.rs:217 IPC import timing: device_id=1 size_bytes=533725184 import_ms=3.04 (perf-t1)
2026-08-19T02:08:08.904734+00:00   INFO pegaflow_server::registry: registry.rs:217 IPC import timing: device_id=1 size_bytes=533725184 import_ms=2.90 (perf-t1)
2026-08-19T02:08:08.908479+00:00   INFO pegaflow_server::registry: registry.rs:217 IPC import timing: device_id=1 size_bytes=533725184 import_ms=3.11 (perf-t1)
2026-08-19T02:08:08.912008+00:00   INFO pegaflow_server::registry: registry.rs:217 IPC import timing: device_id=1 size_bytes=533725184 import_ms=2.90 (perf-t1)
2026-08-19T02:08:08.915607+00:00   INFO pegaflow_server::registry: registry.rs:217 IPC import timing: device_id=1 size_bytes=533725184 import_ms=2.98 (perf-t1)
2026-08-19T02:08:08.919194+00:00   INFO pegaflow_server::registry: registry.rs:217 IPC import timing: device_id=1 size_bytes=533725184 import_ms=2.94 (perf-t1)
2026-08-19T02:08:08.922788+00:00   INFO pegaflow_server::registry: registry.rs:217 IPC import timing: device_id=1 size_bytes=533725184 import_ms=2.99 (perf-t1)
2026-08-19T02:08:08.926426+00:00   INFO pegaflow_server::registry: registry.rs:217 IPC import timing: device_id=1 size_bytes=533725184 import_ms=3.04 (perf-t1)
2026-08-19T02:08:08.930032+00:00   INFO pegaflow_server::registry: registry.rs:217 IPC import timing: device_id=1 size_bytes=533725184 import_ms=2.96 (perf-t1)
2026-08-19T02:08:08.933522+00:00   INFO pegaflow_server::registry: registry.rs:217 IPC import timing: device_id=1 size_bytes=533725184 import_ms=2.89 (perf-t1)
2026-08-19T02:08:08.937029+00:00   INFO pegaflow_server::registry: registry.rs:217 IPC import timing: device_id=1 size_bytes=533725184 import_ms=2.80 (perf-t1)
2026-08-19T02:08:08.940614+00:00   INFO pegaflow_server::registry: registry.rs:217 IPC import timing: device_id=1 size_bytes=533725184 import_ms=2.96 (perf-t1)
2026-08-19T02:08:08.946986+00:00   INFO pegaflow_server::registry: registry.rs:217 IPC import timing: device_id=1 size_bytes=533725184 import_ms=5.76 (perf-t1)
2026-08-19T02:08:08.953535+00:00   INFO pegaflow_server::registry: registry.rs:217 IPC import timing: device_id=1 size_bytes=533725184 import_ms=5.91 (perf-t1)
2026-08-19T02:08:08.959637+00:00   INFO pegaflow_server::registry: registry.rs:217 IPC import timing: device_id=1 size_bytes=533725184 import_ms=5.43 (perf-t1)
2026-08-19T02:08:08.963211+00:00   INFO pegaflow_server::registry: registry.rs:217 IPC import timing: device_id=1 size_bytes=533725184 import_ms=2.96 (perf-t1)
2026-08-19T02:08:08.966811+00:00   INFO pegaflow_server::registry: registry.rs:217 IPC import timing: device_id=1 size_bytes=533725184 import_ms=3.00 (perf-t1)
2026-08-19T02:08:08.970318+00:00   INFO pegaflow_server::registry: registry.rs:217 IPC import timing: device_id=1 size_bytes=533725184 import_ms=2.84 (perf-t1)
2026-08-19T02:08:08.973907+00:00   INFO pegaflow_server::registry: registry.rs:217 IPC import timing: device_id=1 size_bytes=533725184 import_ms=2.99 (perf-t1)
2026-08-19T02:08:08.977364+00:00   INFO pegaflow_server::registry: registry.rs:217 IPC import timing: device_id=1 size_bytes=533725184 import_ms=2.86 (perf-t1)
2026-08-19T02:08:08.982040+00:00   INFO pegaflow_server::registry: registry.rs:217 IPC import timing: device_id=1 size_bytes=533725184 import_ms=4.00 (perf-t1)
2026-08-19T02:08:08.985514+00:00   INFO pegaflow_server::registry: registry.rs:217 IPC import timing: device_id=1 size_bytes=533725184 import_ms=2.86 (perf-t1)
2026-08-19T02:08:08.989027+00:00   INFO pegaflow_server::registry: registry.rs:217 IPC import timing: device_id=1 size_bytes=533725184 import_ms=2.91 (perf-t1)
2026-08-19T02:08:08.992476+00:00   INFO pegaflow_server::registry: registry.rs:217 IPC import timing: device_id=1 size_bytes=533725184 import_ms=2.85 (perf-t1)
2026-08-19T02:08:08.998360+00:00   INFO pegaflow_server::registry: registry.rs:217 IPC import timing: device_id=1 size_bytes=533725184 import_ms=5.20 (perf-t1)
2026-08-19T02:08:09.002719+00:00   INFO pegaflow_server::registry: registry.rs:217 IPC import timing: device_id=1 size_bytes=533725184 import_ms=3.72 (perf-t1)
2026-08-19T02:08:09.006249+00:00   INFO pegaflow_server::registry: registry.rs:217 IPC import timing: device_id=1 size_bytes=533725184 import_ms=2.93 (perf-t1)
2026-08-19T02:08:09.010025+00:00   INFO pegaflow_server::registry: registry.rs:217 IPC import timing: device_id=1 size_bytes=533725184 import_ms=3.13 (perf-t1)
2026-08-19T02:08:09.013536+00:00   INFO pegaflow_server::registry: registry.rs:217 IPC import timing: device_id=1 size_bytes=533725184 import_ms=2.90 (perf-t1)
2026-08-19T02:08:09.017090+00:00   INFO pegaflow_server::registry: registry.rs:217 IPC import timing: device_id=1 size_bytes=533725184 import_ms=2.90 (perf-t1)
2026-08-19T02:08:09.020667+00:00   INFO pegaflow_server::registry: registry.rs:217 IPC import timing: device_id=1 size_bytes=533725184 import_ms=2.85 (perf-t1)
2026-08-19T02:08:09.024717+00:00   INFO pegaflow_server::registry: registry.rs:217 IPC import timing: device_id=1 size_bytes=533725184 import_ms=3.45 (perf-t1)
2026-08-19T02:08:09.028404+00:00   INFO pegaflow_server::registry: registry.rs:217 IPC import timing: device_id=1 size_bytes=533725184 import_ms=2.89 (perf-t1)
2026-08-19T02:08:09.032175+00:00   INFO pegaflow_server::registry: registry.rs:217 IPC import timing: device_id=1 size_bytes=533725184 import_ms=3.00 (perf-t1)
2026-08-19T02:08:09.035741+00:00   INFO pegaflow_server::registry: registry.rs:217 IPC import timing: device_id=1 size_bytes=533725184 import_ms=2.85 (perf-t1)
2026-08-19T02:08:09.039520+00:00   INFO pegaflow_server::registry: registry.rs:217 IPC import timing: device_id=1 size_bytes=533725184 import_ms=3.06 (perf-t1)
2026-08-19T02:08:09.043409+00:00   INFO pegaflow_server::registry: registry.rs:217 IPC import timing: device_id=1 size_bytes=533725184 import_ms=3.13 (perf-t1)
2026-08-19T02:08:09.046906+00:00   INFO pegaflow_server::registry: registry.rs:217 IPC import timing: device_id=1 size_bytes=533725184 import_ms=2.83 (perf-t1)
2026-08-19T02:08:09.052760+00:00   INFO pegaflow_server::registry: registry.rs:217 IPC import timing: device_id=1 size_bytes=533725184 import_ms=5.18 (perf-t1)
2026-08-19T02:08:09.056411+00:00   INFO pegaflow_server::registry: registry.rs:217 IPC import timing: device_id=1 size_bytes=533725184 import_ms=2.89 (perf-t1)
2026-08-19T02:08:09.061276+00:00   INFO pegaflow_server::registry: registry.rs:217 IPC import timing: device_id=1 size_bytes=533725184 import_ms=4.12 (perf-t1)
2026-08-19T02:08:09.065169+00:00   INFO pegaflow_server::registry: registry.rs:217 IPC import timing: device_id=1 size_bytes=533725184 import_ms=3.20 (perf-t1)
2026-08-19T02:08:09.068753+00:00   INFO pegaflow_server::registry: registry.rs:217 IPC import timing: device_id=1 size_bytes=533725184 import_ms=2.87 (perf-t1)
2026-08-19T02:08:09.072239+00:00   INFO pegaflow_server::registry: registry.rs:217 IPC import timing: device_id=1 size_bytes=533725184 import_ms=2.85 (perf-t1)
2026-08-19T02:08:09.075900+00:00   INFO pegaflow_server::registry: registry.rs:217 IPC import timing: device_id=1 size_bytes=533725184 import_ms=2.93 (perf-t1)
2026-08-19T02:08:09.079597+00:00   INFO pegaflow_server::registry: registry.rs:217 IPC import timing: device_id=1 size_bytes=533725184 import_ms=2.90 (perf-t1)
2026-08-19T02:08:09.083136+00:00   INFO pegaflow_server::registry: registry.rs:217 IPC import timing: device_id=1 size_bytes=533725184 import_ms=2.84 (perf-t1)
2026-08-19T02:08:09.086765+00:00   INFO pegaflow_server::registry: registry.rs:217 IPC import timing: device_id=1 size_bytes=533725184 import_ms=2.94 (perf-t1)
2026-08-19T02:08:09.090377+00:00   INFO pegaflow_server::registry: registry.rs:217 IPC import timing: device_id=1 size_bytes=533725184 import_ms=2.87 (perf-t1)
2026-08-19T02:08:09.094046+00:00   INFO pegaflow_server::registry: registry.rs:217 IPC import timing: device_id=1 size_bytes=533725184 import_ms=2.98 (perf-t1)
2026-08-19T02:08:09.097791+00:00   INFO pegaflow_server::registry: registry.rs:217 IPC import timing: device_id=1 size_bytes=533725184 import_ms=2.97 (perf-t1)
2026-08-19T02:08:09.101873+00:00   INFO pegaflow_server::registry: registry.rs:217 IPC import timing: device_id=1 size_bytes=533725184 import_ms=3.31 (perf-t1)
2026-08-19T02:08:09.105642+00:00   INFO pegaflow_server::registry: registry.rs:217 IPC import timing: device_id=1 size_bytes=533725184 import_ms=2.95 (perf-t1)
2026-08-19T02:08:09.109425+00:00   INFO pegaflow_server::registry: registry.rs:217 IPC import timing: device_id=1 size_bytes=533725184 import_ms=3.08 (perf-t1)
2026-08-19T02:08:09.113110+00:00   INFO pegaflow_server::registry: registry.rs:217 IPC import timing: device_id=1 size_bytes=533725184 import_ms=2.93 (perf-t1)
2026-08-19T02:08:09.116798+00:00   INFO pegaflow_server::registry: registry.rs:217 IPC import timing: device_id=1 size_bytes=533725184 import_ms=2.97 (perf-t1)
2026-08-19T02:08:09.121252+00:00   INFO pegaflow_server::registry: registry.rs:217 IPC import timing: device_id=1 size_bytes=533725184 import_ms=3.74 (perf-t1)
2026-08-19T02:08:09.125460+00:00   INFO pegaflow_server::registry: registry.rs:217 IPC import timing: device_id=1 size_bytes=533725184 import_ms=3.43 (perf-t1)
2026-08-19T02:08:09.129147+00:00   INFO pegaflow_server::registry: registry.rs:217 IPC import timing: device_id=1 size_bytes=533725184 import_ms=2.97 (perf-t1)
2026-08-19T02:08:09.132756+00:00   INFO pegaflow_server::registry: registry.rs:217 IPC import timing: device_id=1 size_bytes=533725184 import_ms=2.91 (perf-t1)
2026-08-19T02:08:09.136553+00:00   INFO pegaflow_server::registry: registry.rs:217 IPC import timing: device_id=1 size_bytes=533725184 import_ms=2.97 (perf-t1)
2026-08-19T02:08:09.140062+00:00   INFO pegaflow_server::registry: registry.rs:217 IPC import timing: device_id=1 size_bytes=533725184 import_ms=2.82 (perf-t1)
2026-08-19T02:08:09.143699+00:00   INFO pegaflow_server::registry: registry.rs:217 IPC import timing: device_id=1 size_bytes=533725184 import_ms=2.94 (perf-t1)
2026-08-19T02:08:09.147563+00:00   INFO pegaflow_server::registry: registry.rs:217 IPC import timing: device_id=1 size_bytes=533725184 import_ms=3.10 (perf-t1)
2026-08-19T02:08:09.154460+00:00   INFO pegaflow_server::registry: registry.rs:217 IPC import timing: device_id=1 size_bytes=533725184 import_ms=6.20 (perf-t1)
2026-08-19T02:08:09.158325+00:00   INFO pegaflow_server::registry: registry.rs:217 IPC import timing: device_id=1 size_bytes=533725184 import_ms=3.15 (perf-t1)
2026-08-19T02:08:09.162327+00:00   INFO pegaflow_server::registry: registry.rs:217 IPC import timing: device_id=1 size_bytes=533725184 import_ms=3.21 (perf-t1)
2026-08-19T02:08:09.166604+00:00   INFO pegaflow_server::registry: registry.rs:217 IPC import timing: device_id=6 size_bytes=533725184 import_ms=3.17 (perf-t1)
2026-08-19T02:08:09.167025+00:00   INFO pegaflow_core::gpu_worker: gpu_worker.rs:338 GPU worker initialized: device=1 backend=ascend_batch device_id=1
2026-08-19T02:08:09.167495+00:00   INFO pegaflow_core::gpu_worker: gpu_worker.rs:338 GPU worker initialized: device=1 backend=ascend_batch device_id=1
2026-08-19T02:08:09.167683+00:00   INFO pegaflow_core::gpu_worker: gpu_worker.rs:200 GPU worker pool started: device=1, numa_node=NUMA0, transfer_mode=AscendDirect
2026-08-19T02:08:09.168446+00:00   INFO pegaflow_core::instance: instance.rs:706 Sealed instance topology: instance=36c7db89-02a3-4f91-b5f0-5aa4e513bc3d-aa4890b128a4435490af01803b022529, num_layers=72, tp_size=1, world_size=1, total_slots=72
2026-08-19T02:08:09.168516+00:00   INFO pegaflow_core::instance: instance.rs:719 Initialized GPU context: device_id=1, numa_node=NUMA0
2026-08-19T02:08:09.168549+00:00   INFO pegaflow_core: lib.rs:452 Registered context batch: instance=36c7db89-02a3-4f91-b5f0-5aa4e513bc3d-aa4890b128a4435490af01803b022529, namespace=perf-t3-h50-iso-c1-1, device=1, layers=72, tp_rank=0/1, pp_rank=0
2026-08-19T02:08:09.170491+00:00   INFO pegaflow_server::registry: registry.rs:217 IPC import timing: device_id=6 size_bytes=533725184 import_ms=3.14 (perf-t1)
2026-08-19T02:08:09.174459+00:00   INFO pegaflow_server::registry: registry.rs:217 IPC import timing: device_id=6 size_bytes=533725184 import_ms=3.22 (perf-t1)
2026-08-19T02:08:09.178395+00:00   INFO pegaflow_server::registry: registry.rs:217 IPC import timing: device_id=6 size_bytes=533725184 import_ms=3.16 (perf-t1)
2026-08-19T02:08:09.182194+00:00   INFO pegaflow_server::registry: registry.rs:217 IPC import timing: device_id=6 size_bytes=533725184 import_ms=3.07 (perf-t1)
2026-08-19T02:08:09.185988+00:00   INFO pegaflow_server::registry: registry.rs:217 IPC import timing: device_id=6 size_bytes=533725184 import_ms=3.05 (perf-t1)
2026-08-19T02:08:09.190105+00:00   INFO pegaflow_server::registry: registry.rs:217 IPC import timing: device_id=6 size_bytes=533725184 import_ms=3.42 (perf-t1)
2026-08-19T02:08:09.193906+00:00   INFO pegaflow_server::registry: registry.rs:217 IPC import timing: device_id=6 size_bytes=533725184 import_ms=3.10 (perf-t1)
2026-08-19T02:08:09.197592+00:00   INFO pegaflow_server::registry: registry.rs:217 IPC import timing: device_id=6 size_bytes=533725184 import_ms=2.93 (perf-t1)
2026-08-19T02:08:09.205720+00:00   INFO pegaflow_server::registry: registry.rs:217 IPC import timing: device_id=6 size_bytes=533725184 import_ms=7.48 (perf-t1)
2026-08-19T02:08:09.209623+00:00   INFO pegaflow_server::registry: registry.rs:217 IPC import timing: device_id=6 size_bytes=533725184 import_ms=3.15 (perf-t1)
2026-08-19T02:08:09.213414+00:00   INFO pegaflow_server::registry: registry.rs:217 IPC import timing: device_id=6 size_bytes=533725184 import_ms=3.03 (perf-t1)
2026-08-19T02:08:09.217321+00:00   INFO pegaflow_server::registry: registry.rs:217 IPC import timing: device_id=6 size_bytes=533725184 import_ms=3.21 (perf-t1)
2026-08-19T02:08:09.221036+00:00   INFO pegaflow_server::registry: registry.rs:217 IPC import timing: device_id=6 size_bytes=533725184 import_ms=2.95 (perf-t1)
2026-08-19T02:08:09.224796+00:00   INFO pegaflow_server::registry: registry.rs:217 IPC import timing: device_id=6 size_bytes=533725184 import_ms=3.01 (perf-t1)
2026-08-19T02:08:09.228387+00:00   INFO pegaflow_server::registry: registry.rs:217 IPC import timing: device_id=6 size_bytes=533725184 import_ms=2.84 (perf-t1)
2026-08-19T02:08:09.232014+00:00   INFO pegaflow_server::registry: registry.rs:217 IPC import timing: device_id=6 size_bytes=533725184 import_ms=2.92 (perf-t1)
2026-08-19T02:08:09.235586+00:00   INFO pegaflow_server::registry: registry.rs:217 IPC import timing: device_id=6 size_bytes=533725184 import_ms=2.80 (perf-t1)
2026-08-19T02:08:09.239227+00:00   INFO pegaflow_server::registry: registry.rs:217 IPC import timing: device_id=6 size_bytes=533725184 import_ms=2.95 (perf-t1)
2026-08-19T02:08:09.242887+00:00   INFO pegaflow_server::registry: registry.rs:217 IPC import timing: device_id=6 size_bytes=533725184 import_ms=2.98 (perf-t1)
2026-08-19T02:08:09.246446+00:00   INFO pegaflow_server::registry: registry.rs:217 IPC import timing: device_id=6 size_bytes=533725184 import_ms=2.82 (perf-t1)
2026-08-19T02:08:09.252823+00:00   INFO pegaflow_server::registry: registry.rs:217 IPC import timing: device_id=6 size_bytes=533725184 import_ms=5.70 (perf-t1)
2026-08-19T02:08:09.256415+00:00   INFO pegaflow_server::registry: registry.rs:217 IPC import timing: device_id=6 size_bytes=533725184 import_ms=2.89 (perf-t1)
2026-08-19T02:08:09.260020+00:00   INFO pegaflow_server::registry: registry.rs:217 IPC import timing: device_id=6 size_bytes=533725184 import_ms=2.88 (perf-t1)
2026-08-19T02:08:09.263573+00:00   INFO pegaflow_server::registry: registry.rs:217 IPC import timing: device_id=6 size_bytes=533725184 import_ms=2.83 (perf-t1)
2026-08-19T02:08:09.267296+00:00   INFO pegaflow_server::registry: registry.rs:217 IPC import timing: device_id=6 size_bytes=533725184 import_ms=3.01 (perf-t1)
2026-08-19T02:08:09.270929+00:00   INFO pegaflow_server::registry: registry.rs:217 IPC import timing: device_id=6 size_bytes=533725184 import_ms=2.92 (perf-t1)
2026-08-19T02:08:09.274803+00:00   INFO pegaflow_server::registry: registry.rs:217 IPC import timing: device_id=6 size_bytes=533725184 import_ms=3.12 (perf-t1)
2026-08-19T02:08:09.278784+00:00   INFO pegaflow_server::registry: registry.rs:217 IPC import timing: device_id=6 size_bytes=533725184 import_ms=3.28 (perf-t1)
2026-08-19T02:08:09.282554+00:00   INFO pegaflow_server::registry: registry.rs:217 IPC import timing: device_id=6 size_bytes=533725184 import_ms=3.03 (perf-t1)
2026-08-19T02:08:09.286210+00:00   INFO pegaflow_server::registry: registry.rs:217 IPC import timing: device_id=6 size_bytes=533725184 import_ms=2.90 (perf-t1)
2026-08-19T02:08:09.289911+00:00   INFO pegaflow_server::registry: registry.rs:217 IPC import timing: device_id=6 size_bytes=533725184 import_ms=3.00 (perf-t1)
2026-08-19T02:08:09.293602+00:00   INFO pegaflow_server::registry: registry.rs:217 IPC import timing: device_id=6 size_bytes=533725184 import_ms=3.00 (perf-t1)
2026-08-19T02:08:09.297362+00:00   INFO pegaflow_server::registry: registry.rs:217 IPC import timing: device_id=6 size_bytes=533725184 import_ms=2.92 (perf-t1)
2026-08-19T02:08:09.301126+00:00   INFO pegaflow_server::registry: registry.rs:217 IPC import timing: device_id=6 size_bytes=533725184 import_ms=3.08 (perf-t1)
2026-08-19T02:08:09.304681+00:00   INFO pegaflow_server::registry: registry.rs:217 IPC import timing: device_id=6 size_bytes=533725184 import_ms=2.86 (perf-t1)
2026-08-19T02:08:09.308377+00:00   INFO pegaflow_server::registry: registry.rs:217 IPC import timing: device_id=6 size_bytes=533725184 import_ms=2.94 (perf-t1)
2026-08-19T02:08:09.312025+00:00   INFO pegaflow_server::registry: registry.rs:217 IPC import timing: device_id=6 size_bytes=533725184 import_ms=2.95 (perf-t1)
2026-08-19T02:08:09.315660+00:00   INFO pegaflow_server::registry: registry.rs:217 IPC import timing: device_id=6 size_bytes=533725184 import_ms=2.94 (perf-t1)
2026-08-19T02:08:09.319258+00:00   INFO pegaflow_server::registry: registry.rs:217 IPC import timing: device_id=6 size_bytes=533725184 import_ms=2.83 (perf-t1)
2026-08-19T02:08:09.322913+00:00   INFO pegaflow_server::registry: registry.rs:217 IPC import timing: device_id=6 size_bytes=533725184 import_ms=3.00 (perf-t1)
2026-08-19T02:08:09.326557+00:00   INFO pegaflow_server::registry: registry.rs:217 IPC import timing: device_id=6 size_bytes=533725184 import_ms=2.95 (perf-t1)
2026-08-19T02:08:09.330184+00:00   INFO pegaflow_server::registry: registry.rs:217 IPC import timing: device_id=6 size_bytes=533725184 import_ms=2.89 (perf-t1)
2026-08-19T02:08:09.333908+00:00   INFO pegaflow_server::registry: registry.rs:217 IPC import timing: device_id=6 size_bytes=533725184 import_ms=2.97 (perf-t1)
2026-08-19T02:08:09.337577+00:00   INFO pegaflow_server::registry: registry.rs:217 IPC import timing: device_id=6 size_bytes=533725184 import_ms=2.98 (perf-t1)
2026-08-19T02:08:09.342486+00:00   INFO pegaflow_server::registry: registry.rs:217 IPC import timing: device_id=6 size_bytes=533725184 import_ms=4.16 (perf-t1)
2026-08-19T02:08:09.347125+00:00   INFO pegaflow_server::registry: registry.rs:217 IPC import timing: device_id=6 size_bytes=533725184 import_ms=3.95 (perf-t1)
2026-08-19T02:08:09.351509+00:00   INFO pegaflow_server::registry: registry.rs:217 IPC import timing: device_id=6 size_bytes=533725184 import_ms=3.69 (perf-t1)
2026-08-19T02:08:09.356121+00:00   INFO pegaflow_server::registry: registry.rs:217 IPC import timing: device_id=6 size_bytes=533725184 import_ms=3.87 (perf-t1)
2026-08-19T02:08:09.359768+00:00   INFO pegaflow_server::registry: registry.rs:217 IPC import timing: device_id=6 size_bytes=533725184 import_ms=2.93 (perf-t1)
2026-08-19T02:08:09.363348+00:00   INFO pegaflow_server::registry: registry.rs:217 IPC import timing: device_id=6 size_bytes=533725184 import_ms=2.89 (perf-t1)
2026-08-19T02:08:09.367044+00:00   INFO pegaflow_server::registry: registry.rs:217 IPC import timing: device_id=6 size_bytes=533725184 import_ms=2.97 (perf-t1)
2026-08-19T02:08:09.370731+00:00   INFO pegaflow_server::registry: registry.rs:217 IPC import timing: device_id=6 size_bytes=533725184 import_ms=3.01 (perf-t1)
2026-08-19T02:08:09.374443+00:00   INFO pegaflow_server::registry: registry.rs:217 IPC import timing: device_id=6 size_bytes=533725184 import_ms=2.95 (perf-t1)
2026-08-19T02:08:09.378158+00:00   INFO pegaflow_server::registry: registry.rs:217 IPC import timing: device_id=6 size_bytes=533725184 import_ms=2.97 (perf-t1)
2026-08-19T02:08:09.383009+00:00   INFO pegaflow_server::registry: registry.rs:217 IPC import timing: device_id=6 size_bytes=533725184 import_ms=4.20 (perf-t1)
2026-08-19T02:08:09.386579+00:00   INFO pegaflow_server::registry: registry.rs:217 IPC import timing: device_id=6 size_bytes=533725184 import_ms=2.93 (perf-t1)
2026-08-19T02:08:09.390233+00:00   INFO pegaflow_server::registry: registry.rs:217 IPC import timing: device_id=6 size_bytes=533725184 import_ms=2.93 (perf-t1)
2026-08-19T02:08:09.393677+00:00   INFO pegaflow_server::registry: registry.rs:217 IPC import timing: device_id=6 size_bytes=533725184 import_ms=2.89 (perf-t1)
2026-08-19T02:08:09.397031+00:00   INFO pegaflow_server::registry: registry.rs:217 IPC import timing: device_id=6 size_bytes=533725184 import_ms=2.80 (perf-t1)
2026-08-19T02:08:09.406062+00:00   INFO pegaflow_server::registry: registry.rs:217 IPC import timing: device_id=6 size_bytes=533725184 import_ms=8.45 (perf-t1)
2026-08-19T02:08:09.410592+00:00   INFO pegaflow_server::registry: registry.rs:217 IPC import timing: device_id=6 size_bytes=533725184 import_ms=3.93 (perf-t1)
2026-08-19T02:08:09.414359+00:00   INFO pegaflow_server::registry: registry.rs:217 IPC import timing: device_id=6 size_bytes=533725184 import_ms=3.23 (perf-t1)
2026-08-19T02:08:09.417916+00:00   INFO pegaflow_server::registry: registry.rs:217 IPC import timing: device_id=6 size_bytes=533725184 import_ms=2.93 (perf-t1)
2026-08-19T02:08:09.424935+00:00   INFO pegaflow_server::registry: registry.rs:217 IPC import timing: device_id=6 size_bytes=533725184 import_ms=6.50 (perf-t1)
2026-08-19T02:08:09.436942+00:00   INFO pegaflow_server::registry: registry.rs:217 IPC import timing: device_id=6 size_bytes=533725184 import_ms=11.41 (perf-t1)
2026-08-19T02:08:09.440316+00:00   INFO pegaflow_server::registry: registry.rs:217 IPC import timing: device_id=6 size_bytes=533725184 import_ms=2.77 (perf-t1)
2026-08-19T02:08:09.443690+00:00   INFO pegaflow_server::registry: registry.rs:217 IPC import timing: device_id=6 size_bytes=533725184 import_ms=2.83 (perf-t1)
2026-08-19T02:08:09.446997+00:00   INFO pegaflow_server::registry: registry.rs:217 IPC import timing: device_id=6 size_bytes=533725184 import_ms=2.79 (perf-t1)
2026-08-19T02:08:09.453460+00:00   INFO pegaflow_server::registry: registry.rs:217 IPC import timing: device_id=6 size_bytes=533725184 import_ms=5.91 (perf-t1)
2026-08-19T02:08:09.456723+00:00   INFO pegaflow_server::registry: registry.rs:217 IPC import timing: device_id=6 size_bytes=533725184 import_ms=2.75 (perf-t1)
2026-08-19T02:08:09.459907+00:00   INFO pegaflow_server::registry: registry.rs:217 IPC import timing: device_id=6 size_bytes=533725184 import_ms=2.68 (perf-t1)
2026-08-19T02:08:09.463681+00:00   INFO pegaflow_server::registry: registry.rs:217 IPC import timing: device_id=2 size_bytes=533725184 import_ms=2.96 (perf-t1)
2026-08-19T02:08:09.464081+00:00   INFO pegaflow_core::gpu_worker: gpu_worker.rs:338 GPU worker initialized: device=6 backend=ascend_batch device_id=6
2026-08-19T02:08:09.464745+00:00   INFO pegaflow_core::gpu_worker: gpu_worker.rs:338 GPU worker initialized: device=6 backend=ascend_batch device_id=6
2026-08-19T02:08:09.464975+00:00   INFO pegaflow_core::gpu_worker: gpu_worker.rs:200 GPU worker pool started: device=6, numa_node=NUMA4, transfer_mode=AscendDirect
2026-08-19T02:08:09.465672+00:00   INFO pegaflow_core::instance: instance.rs:706 Sealed instance topology: instance=d4459320-8fc3-4b90-ba52-bd8a9d819c84-c86e89f350bf44a0afc774abd1598500, num_layers=72, tp_size=1, world_size=1, total_slots=72
2026-08-19T02:08:09.465723+00:00   INFO pegaflow_core::instance: instance.rs:719 Initialized GPU context: device_id=6, numa_node=NUMA4
2026-08-19T02:08:09.465760+00:00   INFO pegaflow_core: lib.rs:452 Registered context batch: instance=d4459320-8fc3-4b90-ba52-bd8a9d819c84-c86e89f350bf44a0afc774abd1598500, namespace=perf-t3-h50-iso-c1-6, device=6, layers=72, tp_rank=0/1, pp_rank=0
2026-08-19T02:08:09.467295+00:00   INFO pegaflow_server::registry: registry.rs:217 IPC import timing: device_id=2 size_bytes=533725184 import_ms=3.03 (perf-t1)
2026-08-19T02:08:09.470693+00:00   INFO pegaflow_server::registry: registry.rs:217 IPC import timing: device_id=2 size_bytes=533725184 import_ms=2.87 (perf-t1)
2026-08-19T02:08:09.474191+00:00   INFO pegaflow_server::registry: registry.rs:217 IPC import timing: device_id=2 size_bytes=533725184 import_ms=2.93 (perf-t1)
2026-08-19T02:08:09.477607+00:00   INFO pegaflow_server::registry: registry.rs:217 IPC import timing: device_id=2 size_bytes=533725184 import_ms=2.86 (perf-t1)
2026-08-19T02:08:09.481136+00:00   INFO pegaflow_server::registry: registry.rs:217 IPC import timing: device_id=2 size_bytes=533725184 import_ms=2.98 (perf-t1)
2026-08-19T02:08:09.484739+00:00   INFO pegaflow_server::registry: registry.rs:217 IPC import timing: device_id=2 size_bytes=533725184 import_ms=3.03 (perf-t1)
2026-08-19T02:08:09.488261+00:00   INFO pegaflow_server::registry: registry.rs:217 IPC import timing: device_id=2 size_bytes=533725184 import_ms=2.99 (perf-t1)
2026-08-19T02:08:09.491718+00:00   INFO pegaflow_server::registry: registry.rs:217 IPC import timing: device_id=2 size_bytes=533725184 import_ms=2.89 (perf-t1)
2026-08-19T02:08:09.495244+00:00   INFO pegaflow_server::registry: registry.rs:217 IPC import timing: device_id=2 size_bytes=533725184 import_ms=2.94 (perf-t1)
2026-08-19T02:08:09.498665+00:00   INFO pegaflow_server::registry: registry.rs:217 IPC import timing: device_id=2 size_bytes=533725184 import_ms=2.88 (perf-t1)
2026-08-19T02:08:09.502301+00:00   INFO pegaflow_server::registry: registry.rs:217 IPC import timing: device_id=2 size_bytes=533725184 import_ms=3.05 (perf-t1)
2026-08-19T02:08:09.505650+00:00   INFO pegaflow_server::registry: registry.rs:217 IPC import timing: device_id=2 size_bytes=533725184 import_ms=2.78 (perf-t1)
2026-08-19T02:08:09.509133+00:00   INFO pegaflow_server::registry: registry.rs:217 IPC import timing: device_id=2 size_bytes=533725184 import_ms=2.94 (perf-t1)
2026-08-19T02:08:09.512743+00:00   INFO pegaflow_server::registry: registry.rs:217 IPC import timing: device_id=2 size_bytes=533725184 import_ms=3.07 (perf-t1)
2026-08-19T02:08:09.516120+00:00   INFO pegaflow_server::registry: registry.rs:217 IPC import timing: device_id=2 size_bytes=533725184 import_ms=2.78 (perf-t1)
2026-08-19T02:08:09.519523+00:00   INFO pegaflow_server::registry: registry.rs:217 IPC import timing: device_id=2 size_bytes=533725184 import_ms=2.85 (perf-t1)
2026-08-19T02:08:09.522828+00:00   INFO pegaflow_server::registry: registry.rs:217 IPC import timing: device_id=2 size_bytes=533725184 import_ms=2.75 (perf-t1)
2026-08-19T02:08:09.526223+00:00   INFO pegaflow_server::registry: registry.rs:217 IPC import timing: device_id=2 size_bytes=533725184 import_ms=2.86 (perf-t1)
2026-08-19T02:08:09.530075+00:00   INFO pegaflow_server::registry: registry.rs:217 IPC import timing: device_id=2 size_bytes=533725184 import_ms=3.28 (perf-t1)
2026-08-19T02:08:09.533489+00:00   INFO pegaflow_server::registry: registry.rs:217 IPC import timing: device_id=2 size_bytes=533725184 import_ms=2.86 (perf-t1)
2026-08-19T02:08:09.537001+00:00   INFO pegaflow_server::registry: registry.rs:217 IPC import timing: device_id=2 size_bytes=533725184 import_ms=2.94 (perf-t1)
2026-08-19T02:08:09.540377+00:00   INFO pegaflow_server::registry: registry.rs:217 IPC import timing: device_id=2 size_bytes=533725184 import_ms=2.82 (perf-t1)
2026-08-19T02:08:09.543766+00:00   INFO pegaflow_server::registry: registry.rs:217 IPC import timing: device_id=2 size_bytes=533725184 import_ms=2.86 (perf-t1)
2026-08-19T02:08:09.547638+00:00   INFO pegaflow_server::registry: registry.rs:217 IPC import timing: device_id=2 size_bytes=533725184 import_ms=3.34 (perf-t1)
2026-08-19T02:08:09.551123+00:00   INFO pegaflow_server::registry: registry.rs:217 IPC import timing: device_id=2 size_bytes=533725184 import_ms=2.91 (perf-t1)
2026-08-19T02:08:09.554701+00:00   INFO pegaflow_server::registry: registry.rs:217 IPC import timing: device_id=2 size_bytes=533725184 import_ms=3.03 (perf-t1)
2026-08-19T02:08:09.558076+00:00   INFO pegaflow_server::registry: registry.rs:217 IPC import timing: device_id=2 size_bytes=533725184 import_ms=2.84 (perf-t1)
2026-08-19T02:08:09.561597+00:00   INFO pegaflow_server::registry: registry.rs:217 IPC import timing: device_id=2 size_bytes=533725184 import_ms=2.96 (perf-t1)
2026-08-19T02:08:09.566097+00:00   INFO pegaflow_server::registry: registry.rs:217 IPC import timing: device_id=2 size_bytes=533725184 import_ms=3.92 (perf-t1)
2026-08-19T02:08:09.569847+00:00   INFO pegaflow_server::registry: registry.rs:217 IPC import timing: device_id=2 size_bytes=533725184 import_ms=3.19 (perf-t1)
2026-08-19T02:08:09.573252+00:00   INFO pegaflow_server::registry: registry.rs:217 IPC import timing: device_id=2 size_bytes=533725184 import_ms=2.79 (perf-t1)
2026-08-19T02:08:09.576675+00:00   INFO pegaflow_server::registry: registry.rs:217 IPC import timing: device_id=2 size_bytes=533725184 import_ms=2.88 (perf-t1)
2026-08-19T02:08:09.581809+00:00   INFO pegaflow_server::registry: registry.rs:217 IPC import timing: device_id=2 size_bytes=533725184 import_ms=4.61 (perf-t1)
2026-08-19T02:08:09.585253+00:00   INFO pegaflow_server::registry: registry.rs:217 IPC import timing: device_id=2 size_bytes=533725184 import_ms=2.88 (perf-t1)
2026-08-19T02:08:09.588622+00:00   INFO pegaflow_server::registry: registry.rs:217 IPC import timing: device_id=2 size_bytes=533725184 import_ms=2.82 (perf-t1)
2026-08-19T02:08:09.595071+00:00   INFO pegaflow_server::registry: registry.rs:217 IPC import timing: device_id=2 size_bytes=533725184 import_ms=5.92 (perf-t1)
2026-08-19T02:08:09.598489+00:00   INFO pegaflow_server::registry: registry.rs:217 IPC import timing: device_id=2 size_bytes=533725184 import_ms=2.83 (perf-t1)
2026-08-19T02:08:09.602523+00:00   INFO pegaflow_server::registry: registry.rs:217 IPC import timing: device_id=2 size_bytes=533725184 import_ms=3.49 (perf-t1)
2026-08-19T02:08:09.606342+00:00   INFO pegaflow_server::registry: registry.rs:217 IPC import timing: device_id=2 size_bytes=533725184 import_ms=3.29 (perf-t1)
2026-08-19T02:08:09.609831+00:00   INFO pegaflow_server::registry: registry.rs:217 IPC import timing: device_id=2 size_bytes=533725184 import_ms=2.92 (perf-t1)
2026-08-19T02:08:09.613238+00:00   INFO pegaflow_server::registry: registry.rs:217 IPC import timing: device_id=2 size_bytes=533725184 import_ms=2.83 (perf-t1)
2026-08-19T02:08:09.616892+00:00   INFO pegaflow_server::registry: registry.rs:217 IPC import timing: device_id=2 size_bytes=533725184 import_ms=3.12 (perf-t1)
2026-08-19T02:08:09.620326+00:00   INFO pegaflow_server::registry: registry.rs:217 IPC import timing: device_id=2 size_bytes=533725184 import_ms=2.87 (perf-t1)
2026-08-19T02:08:09.623663+00:00   INFO pegaflow_server::registry: registry.rs:217 IPC import timing: device_id=2 size_bytes=533725184 import_ms=2.78 (perf-t1)
2026-08-19T02:08:09.628156+00:00   INFO pegaflow_server::registry: registry.rs:217 IPC import timing: device_id=2 size_bytes=533725184 import_ms=3.99 (perf-t1)
2026-08-19T02:08:09.632240+00:00   INFO pegaflow_server::registry: registry.rs:217 IPC import timing: device_id=2 size_bytes=533725184 import_ms=3.50 (perf-t1)
2026-08-19T02:08:09.635586+00:00   INFO pegaflow_server::registry: registry.rs:217 IPC import timing: device_id=2 size_bytes=533725184 import_ms=2.81 (perf-t1)
2026-08-19T02:08:09.638884+00:00   INFO pegaflow_server::registry: registry.rs:217 IPC import timing: device_id=2 size_bytes=533725184 import_ms=2.78 (perf-t1)
2026-08-19T02:08:09.642216+00:00   INFO pegaflow_server::registry: registry.rs:217 IPC import timing: device_id=2 size_bytes=533725184 import_ms=2.79 (perf-t1)
2026-08-19T02:08:09.645531+00:00   INFO pegaflow_server::registry: registry.rs:217 IPC import timing: device_id=2 size_bytes=533725184 import_ms=2.80 (perf-t1)
2026-08-19T02:08:09.648840+00:00   INFO pegaflow_server::registry: registry.rs:217 IPC import timing: device_id=2 size_bytes=533725184 import_ms=2.77 (perf-t1)
2026-08-19T02:08:09.652713+00:00   INFO pegaflow_server::registry: registry.rs:217 IPC import timing: device_id=2 size_bytes=533725184 import_ms=3.33 (perf-t1)
2026-08-19T02:08:09.655987+00:00   INFO pegaflow_server::registry: registry.rs:217 IPC import timing: device_id=2 size_bytes=533725184 import_ms=2.76 (perf-t1)
2026-08-19T02:08:09.659317+00:00   INFO pegaflow_server::registry: registry.rs:217 IPC import timing: device_id=2 size_bytes=533725184 import_ms=2.80 (perf-t1)
2026-08-19T02:08:09.662628+00:00   INFO pegaflow_server::registry: registry.rs:217 IPC import timing: device_id=2 size_bytes=533725184 import_ms=2.77 (perf-t1)
2026-08-19T02:08:09.666222+00:00   INFO pegaflow_server::registry: registry.rs:217 IPC import timing: device_id=2 size_bytes=533725184 import_ms=3.09 (perf-t1)
2026-08-19T02:08:09.669619+00:00   INFO pegaflow_server::registry: registry.rs:217 IPC import timing: device_id=2 size_bytes=533725184 import_ms=2.78 (perf-t1)
2026-08-19T02:08:09.673023+00:00   INFO pegaflow_server::registry: registry.rs:217 IPC import timing: device_id=2 size_bytes=533725184 import_ms=2.86 (perf-t1)
2026-08-19T02:08:09.676310+00:00   INFO pegaflow_server::registry: registry.rs:217 IPC import timing: device_id=2 size_bytes=533725184 import_ms=2.77 (perf-t1)
2026-08-19T02:08:09.679718+00:00   INFO pegaflow_server::registry: registry.rs:217 IPC import timing: device_id=2 size_bytes=533725184 import_ms=2.87 (perf-t1)
2026-08-19T02:08:09.684018+00:00   INFO pegaflow_server::registry: registry.rs:217 IPC import timing: device_id=2 size_bytes=533725184 import_ms=3.74 (perf-t1)
2026-08-19T02:08:09.687864+00:00   INFO pegaflow_server::registry: registry.rs:217 IPC import timing: device_id=2 size_bytes=533725184 import_ms=3.32 (perf-t1)
2026-08-19T02:08:09.691263+00:00   INFO pegaflow_server::registry: registry.rs:217 IPC import timing: device_id=2 size_bytes=533725184 import_ms=2.86 (perf-t1)
2026-08-19T02:08:09.694587+00:00   INFO pegaflow_server::registry: registry.rs:217 IPC import timing: device_id=2 size_bytes=533725184 import_ms=2.79 (perf-t1)
2026-08-19T02:08:09.698009+00:00   INFO pegaflow_server::registry: registry.rs:217 IPC import timing: device_id=2 size_bytes=533725184 import_ms=2.91 (perf-t1)
2026-08-19T02:08:09.701395+00:00   INFO pegaflow_server::registry: registry.rs:217 IPC import timing: device_id=2 size_bytes=533725184 import_ms=2.83 (perf-t1)
2026-08-19T02:08:09.704814+00:00   INFO pegaflow_server::registry: registry.rs:217 IPC import timing: device_id=2 size_bytes=533725184 import_ms=2.85 (perf-t1)
2026-08-19T02:08:09.708172+00:00   INFO pegaflow_server::registry: registry.rs:217 IPC import timing: device_id=2 size_bytes=533725184 import_ms=2.82 (perf-t1)
2026-08-19T02:08:09.711748+00:00   INFO pegaflow_server::registry: registry.rs:217 IPC import timing: device_id=2 size_bytes=533725184 import_ms=3.04 (perf-t1)
2026-08-19T02:08:09.715094+00:00   INFO pegaflow_server::registry: registry.rs:217 IPC import timing: device_id=2 size_bytes=533725184 import_ms=2.78 (perf-t1)
2026-08-19T02:08:09.718485+00:00   INFO pegaflow_server::registry: registry.rs:217 IPC import timing: device_id=2 size_bytes=533725184 import_ms=2.82 (perf-t1)
2026-08-19T02:08:09.722491+00:00   INFO pegaflow_server::registry: registry.rs:217 IPC import timing: device_id=4 size_bytes=533725184 import_ms=3.20 (perf-t1)
2026-08-19T02:08:09.723922+00:00   INFO pegaflow_core::gpu_worker: gpu_worker.rs:338 GPU worker initialized: device=2 backend=ascend_batch device_id=2
2026-08-19T02:08:09.724132+00:00   INFO pegaflow_core::gpu_worker: gpu_worker.rs:338 GPU worker initialized: device=2 backend=ascend_batch device_id=2
2026-08-19T02:08:09.724432+00:00   INFO pegaflow_core::gpu_worker: gpu_worker.rs:200 GPU worker pool started: device=2, numa_node=NUMA6, transfer_mode=AscendDirect
2026-08-19T02:08:09.725129+00:00   INFO pegaflow_core::instance: instance.rs:706 Sealed instance topology: instance=6205d00d-6653-4694-9b18-4d05f433863e-31bab7ca8a984b9d95c1728cdd1f1083, num_layers=72, tp_size=1, world_size=1, total_slots=72
2026-08-19T02:08:09.725189+00:00   INFO pegaflow_core::instance: instance.rs:719 Initialized GPU context: device_id=2, numa_node=NUMA6
2026-08-19T02:08:09.725219+00:00   INFO pegaflow_core: lib.rs:452 Registered context batch: instance=6205d00d-6653-4694-9b18-4d05f433863e-31bab7ca8a984b9d95c1728cdd1f1083, namespace=perf-t3-h50-iso-c1-2, device=2, layers=72, tp_rank=0/1, pp_rank=0
2026-08-19T02:08:09.726137+00:00   INFO pegaflow_server::registry: registry.rs:217 IPC import timing: device_id=4 size_bytes=533725184 import_ms=3.04 (perf-t1)
2026-08-19T02:08:09.729961+00:00   INFO pegaflow_server::registry: registry.rs:217 IPC import timing: device_id=4 size_bytes=533725184 import_ms=3.27 (perf-t1)
2026-08-19T02:08:09.733506+00:00   INFO pegaflow_server::registry: registry.rs:217 IPC import timing: device_id=4 size_bytes=533725184 import_ms=3.00 (perf-t1)
2026-08-19T02:08:09.736951+00:00   INFO pegaflow_server::registry: registry.rs:217 IPC import timing: device_id=4 size_bytes=533725184 import_ms=2.87 (perf-t1)
2026-08-19T02:08:09.740510+00:00   INFO pegaflow_server::registry: registry.rs:217 IPC import timing: device_id=4 size_bytes=533725184 import_ms=3.01 (perf-t1)
2026-08-19T02:08:09.743892+00:00   INFO pegaflow_server::registry: registry.rs:217 IPC import timing: device_id=4 size_bytes=533725184 import_ms=2.84 (perf-t1)
2026-08-19T02:08:09.747450+00:00   INFO pegaflow_server::registry: registry.rs:217 IPC import timing: device_id=4 size_bytes=533725184 import_ms=2.92 (perf-t1)
2026-08-19T02:08:09.750840+00:00   INFO pegaflow_server::registry: registry.rs:217 IPC import timing: device_id=4 size_bytes=533725184 import_ms=2.84 (perf-t1)
2026-08-19T02:08:09.754402+00:00   INFO pegaflow_server::registry: registry.rs:217 IPC import timing: device_id=4 size_bytes=533725184 import_ms=2.98 (perf-t1)
2026-08-19T02:08:09.757926+00:00   INFO pegaflow_server::registry: registry.rs:217 IPC import timing: device_id=4 size_bytes=533725184 import_ms=2.95 (perf-t1)
2026-08-19T02:08:09.761368+00:00   INFO pegaflow_server::registry: registry.rs:217 IPC import timing: device_id=4 size_bytes=533725184 import_ms=2.90 (perf-t1)
2026-08-19T02:08:09.765083+00:00   INFO pegaflow_server::registry: registry.rs:217 IPC import timing: device_id=4 size_bytes=533725184 import_ms=3.17 (perf-t1)
2026-08-19T02:08:09.768577+00:00   INFO pegaflow_server::registry: registry.rs:217 IPC import timing: device_id=4 size_bytes=533725184 import_ms=2.97 (perf-t1)
2026-08-19T02:08:09.771962+00:00   INFO pegaflow_server::registry: registry.rs:217 IPC import timing: device_id=4 size_bytes=533725184 import_ms=2.83 (perf-t1)
2026-08-19T02:08:09.775243+00:00   INFO pegaflow_server::registry: registry.rs:217 IPC import timing: device_id=4 size_bytes=533725184 import_ms=2.71 (perf-t1)
2026-08-19T02:08:09.778666+00:00   INFO pegaflow_server::registry: registry.rs:217 IPC import timing: device_id=4 size_bytes=533725184 import_ms=2.89 (perf-t1)
2026-08-19T02:08:09.782314+00:00   INFO pegaflow_server::registry: registry.rs:217 IPC import timing: device_id=4 size_bytes=533725184 import_ms=3.07 (perf-t1)
2026-08-19T02:08:09.785776+00:00   INFO pegaflow_server::registry: registry.rs:217 IPC import timing: device_id=4 size_bytes=533725184 import_ms=2.92 (perf-t1)
2026-08-19T02:08:09.789308+00:00   INFO pegaflow_server::registry: registry.rs:217 IPC import timing: device_id=4 size_bytes=533725184 import_ms=2.98 (perf-t1)
2026-08-19T02:08:09.792717+00:00   INFO pegaflow_server::registry: registry.rs:217 IPC import timing: device_id=4 size_bytes=533725184 import_ms=2.85 (perf-t1)
2026-08-19T02:08:09.796147+00:00   INFO pegaflow_server::registry: registry.rs:217 IPC import timing: device_id=4 size_bytes=533725184 import_ms=2.90 (perf-t1)
2026-08-19T02:08:09.802297+00:00   INFO pegaflow_server::registry: registry.rs:217 IPC import timing: device_id=4 size_bytes=533725184 import_ms=5.59 (perf-t1)
2026-08-19T02:08:09.805794+00:00   INFO pegaflow_server::registry: registry.rs:217 IPC import timing: device_id=4 size_bytes=533725184 import_ms=2.92 (perf-t1)
2026-08-19T02:08:09.809198+00:00   INFO pegaflow_server::registry: registry.rs:217 IPC import timing: device_id=4 size_bytes=533725184 import_ms=2.86 (perf-t1)
2026-08-19T02:08:09.812640+00:00   INFO pegaflow_server::registry: registry.rs:217 IPC import timing: device_id=4 size_bytes=533725184 import_ms=2.90 (perf-t1)
2026-08-19T02:08:09.816007+00:00   INFO pegaflow_server::registry: registry.rs:217 IPC import timing: device_id=4 size_bytes=533725184 import_ms=2.78 (perf-t1)
2026-08-19T02:08:09.819534+00:00   INFO pegaflow_server::registry: registry.rs:217 IPC import timing: device_id=4 size_bytes=533725184 import_ms=2.97 (perf-t1)
2026-08-19T02:08:09.822896+00:00   INFO pegaflow_server::registry: registry.rs:217 IPC import timing: device_id=4 size_bytes=533725184 import_ms=2.80 (perf-t1)
2026-08-19T02:08:09.830644+00:00   INFO pegaflow_server::registry: registry.rs:217 IPC import timing: device_id=4 size_bytes=533725184 import_ms=7.12 (perf-t1)
2026-08-19T02:08:09.834519+00:00   INFO pegaflow_server::registry: registry.rs:217 IPC import timing: device_id=4 size_bytes=533725184 import_ms=3.25 (perf-t1)
2026-08-19T02:08:09.837926+00:00   INFO pegaflow_server::registry: registry.rs:217 IPC import timing: device_id=4 size_bytes=533725184 import_ms=2.83 (perf-t1)
2026-08-19T02:08:09.841539+00:00   INFO pegaflow_server::registry: registry.rs:217 IPC import timing: device_id=4 size_bytes=533725184 import_ms=3.02 (perf-t1)
2026-08-19T02:08:09.844901+00:00   INFO pegaflow_server::registry: registry.rs:217 IPC import timing: device_id=4 size_bytes=533725184 import_ms=2.80 (perf-t1)
2026-08-19T02:08:09.850476+00:00   INFO pegaflow_server::registry: registry.rs:217 IPC import timing: device_id=4 size_bytes=533725184 import_ms=5.03 (perf-t1)
2026-08-19T02:08:09.854187+00:00   INFO pegaflow_server::registry: registry.rs:217 IPC import timing: device_id=4 size_bytes=533725184 import_ms=3.12 (perf-t1)
2026-08-19T02:08:09.857612+00:00   INFO pegaflow_server::registry: registry.rs:217 IPC import timing: device_id=4 size_bytes=533725184 import_ms=2.89 (perf-t1)
2026-08-19T02:08:09.860994+00:00   INFO pegaflow_server::registry: registry.rs:217 IPC import timing: device_id=4 size_bytes=533725184 import_ms=2.85 (perf-t1)
2026-08-19T02:08:09.864366+00:00   INFO pegaflow_server::registry: registry.rs:217 IPC import timing: device_id=4 size_bytes=533725184 import_ms=2.82 (perf-t1)
2026-08-19T02:08:09.867745+00:00   INFO pegaflow_server::registry: registry.rs:217 IPC import timing: device_id=4 size_bytes=533725184 import_ms=2.80 (perf-t1)
2026-08-19T02:08:09.908235+00:00   INFO pegaflow_server::registry: registry.rs:217 IPC import timing: device_id=4 size_bytes=533725184 import_ms=39.95 (perf-t1)
2026-08-19T02:08:09.948097+00:00   INFO pegaflow_server::registry: registry.rs:217 IPC import timing: device_id=4 size_bytes=533725184 import_ms=39.26 (perf-t1)
2026-08-19T02:08:09.959340+00:00   INFO pegaflow_server::registry: registry.rs:217 IPC import timing: device_id=4 size_bytes=533725184 import_ms=10.57 (perf-t1)
2026-08-19T02:08:10.006542+00:00   INFO pegaflow_server::registry: registry.rs:217 IPC import timing: device_id=4 size_bytes=533725184 import_ms=46.61 (perf-t1)
2026-08-19T02:08:10.044041+00:00   INFO pegaflow_server::registry: registry.rs:217 IPC import timing: device_id=4 size_bytes=533725184 import_ms=36.81 (perf-t1)
2026-08-19T02:08:10.049009+00:00   INFO pegaflow_server::registry: registry.rs:217 IPC import timing: device_id=4 size_bytes=533725184 import_ms=4.12 (perf-t1)
2026-08-19T02:08:10.096714+00:00   INFO pegaflow_server::registry: registry.rs:217 IPC import timing: device_id=4 size_bytes=533725184 import_ms=47.12 (perf-t1)
2026-08-19T02:08:10.111119+00:00   INFO pegaflow_server::registry: registry.rs:217 IPC import timing: device_id=4 size_bytes=533725184 import_ms=13.67 (perf-t1)
2026-08-19T02:08:10.161243+00:00   INFO pegaflow_server::registry: registry.rs:217 IPC import timing: device_id=4 size_bytes=533725184 import_ms=49.53 (perf-t1)
2026-08-19T02:08:10.197977+00:00   INFO pegaflow_server::registry: registry.rs:217 IPC import timing: device_id=4 size_bytes=533725184 import_ms=36.07 (perf-t1)
2026-08-19T02:08:10.202794+00:00   INFO pegaflow_server::registry: registry.rs:217 IPC import timing: device_id=4 size_bytes=533725184 import_ms=4.22 (perf-t1)
2026-08-19T02:08:10.243441+00:00   INFO pegaflow_server::registry: registry.rs:217 IPC import timing: device_id=4 size_bytes=533725184 import_ms=40.12 (perf-t1)
2026-08-19T02:08:10.247055+00:00   INFO pegaflow_server::registry: registry.rs:217 IPC import timing: device_id=4 size_bytes=533725184 import_ms=3.01 (perf-t1)
2026-08-19T02:08:10.291651+00:00   INFO pegaflow_server::registry: registry.rs:217 IPC import timing: device_id=4 size_bytes=533725184 import_ms=44.00 (perf-t1)
2026-08-19T02:08:10.295361+00:00   INFO pegaflow_server::registry: registry.rs:217 IPC import timing: device_id=4 size_bytes=533725184 import_ms=3.09 (perf-t1)
2026-08-19T02:08:10.335629+00:00   INFO pegaflow_server::registry: registry.rs:217 IPC import timing: device_id=4 size_bytes=533725184 import_ms=39.74 (perf-t1)
2026-08-19T02:08:10.339550+00:00   INFO pegaflow_server::registry: registry.rs:217 IPC import timing: device_id=4 size_bytes=533725184 import_ms=3.31 (perf-t1)
2026-08-19T02:08:10.383393+00:00   INFO pegaflow_server::registry: registry.rs:217 IPC import timing: device_id=4 size_bytes=533725184 import_ms=43.21 (perf-t1)
2026-08-19T02:08:10.387083+00:00   INFO pegaflow_server::registry: registry.rs:217 IPC import timing: device_id=4 size_bytes=533725184 import_ms=3.12 (perf-t1)
2026-08-19T02:08:10.390743+00:00   INFO pegaflow_server::registry: registry.rs:217 IPC import timing: device_id=4 size_bytes=533725184 import_ms=3.03 (perf-t1)
2026-08-19T02:08:10.436884+00:00   INFO pegaflow_server::registry: registry.rs:217 IPC import timing: device_id=4 size_bytes=533725184 import_ms=45.62 (perf-t1)
2026-08-19T02:08:10.480343+00:00   INFO pegaflow_server::registry: registry.rs:217 IPC import timing: device_id=4 size_bytes=533725184 import_ms=42.77 (perf-t1)
2026-08-19T02:08:10.484219+00:00   INFO pegaflow_server::registry: registry.rs:217 IPC import timing: device_id=4 size_bytes=533725184 import_ms=3.26 (perf-t1)
2026-08-19T02:08:10.527644+00:00   INFO pegaflow_server::registry: registry.rs:217 IPC import timing: device_id=4 size_bytes=533725184 import_ms=42.90 (perf-t1)
2026-08-19T02:08:10.531139+00:00   INFO pegaflow_server::registry: registry.rs:217 IPC import timing: device_id=4 size_bytes=533725184 import_ms=2.89 (perf-t1)
2026-08-19T02:08:10.575333+00:00   INFO pegaflow_server::registry: registry.rs:217 IPC import timing: device_id=4 size_bytes=533725184 import_ms=43.62 (perf-t1)
2026-08-19T02:08:10.581620+00:00   INFO pegaflow_server::registry: registry.rs:217 IPC import timing: device_id=4 size_bytes=533725184 import_ms=5.74 (perf-t1)
2026-08-19T02:08:10.623320+00:00   INFO pegaflow_server::registry: registry.rs:217 IPC import timing: device_id=4 size_bytes=533725184 import_ms=41.19 (perf-t1)
2026-08-19T02:08:10.626857+00:00   INFO pegaflow_server::registry: registry.rs:217 IPC import timing: device_id=4 size_bytes=533725184 import_ms=2.93 (perf-t1)
2026-08-19T02:08:10.671394+00:00   INFO pegaflow_server::registry: registry.rs:217 IPC import timing: device_id=4 size_bytes=533725184 import_ms=43.95 (perf-t1)
2026-08-19T02:08:10.674913+00:00   INFO pegaflow_server::registry: registry.rs:217 IPC import timing: device_id=4 size_bytes=533725184 import_ms=2.92 (perf-t1)
2026-08-19T02:08:10.678419+00:00   INFO pegaflow_server::registry: registry.rs:217 IPC import timing: device_id=4 size_bytes=533725184 import_ms=2.92 (perf-t1)
2026-08-19T02:08:10.683047+00:00   INFO pegaflow_core::gpu_worker: gpu_worker.rs:338 GPU worker initialized: device=4 backend=ascend_batch device_id=4
2026-08-19T02:08:10.683643+00:00   INFO pegaflow_core::gpu_worker: gpu_worker.rs:338 GPU worker initialized: device=4 backend=ascend_batch device_id=4
2026-08-19T02:08:10.683911+00:00   INFO pegaflow_core::gpu_worker: gpu_worker.rs:200 GPU worker pool started: device=4, numa_node=NUMA4, transfer_mode=AscendDirect
2026-08-19T02:08:10.684650+00:00   INFO pegaflow_core::instance: instance.rs:706 Sealed instance topology: instance=a38eed3e-eab6-4fc9-a3e6-9d0f2871aea6-8cdb8708b49e4ecd996d50f61ac25dea, num_layers=72, tp_size=1, world_size=1, total_slots=72
2026-08-19T02:08:10.684717+00:00   INFO pegaflow_core::instance: instance.rs:719 Initialized GPU context: device_id=4, numa_node=NUMA4
2026-08-19T02:08:10.684749+00:00   INFO pegaflow_core: lib.rs:452 Registered context batch: instance=a38eed3e-eab6-4fc9-a3e6-9d0f2871aea6-8cdb8708b49e4ecd996d50f61ac25dea, namespace=perf-t3-h50-iso-c1-4, device=4, layers=72, tp_rank=0/1, pp_rank=0
2026-08-19T02:08:11.660343+00:00   INFO pegaflow_server::registry: registry.rs:217 IPC import timing: device_id=0 size_bytes=533725184 import_ms=3.42 (perf-t1)
2026-08-19T02:08:11.664166+00:00   INFO pegaflow_server::registry: registry.rs:217 IPC import timing: device_id=0 size_bytes=533725184 import_ms=2.97 (perf-t1)
2026-08-19T02:08:11.667945+00:00   INFO pegaflow_server::registry: registry.rs:217 IPC import timing: device_id=0 size_bytes=533725184 import_ms=3.15 (perf-t1)
2026-08-19T02:08:11.671503+00:00   INFO pegaflow_server::registry: registry.rs:217 IPC import timing: device_id=0 size_bytes=533725184 import_ms=3.02 (perf-t1)
2026-08-19T02:08:11.674950+00:00   INFO pegaflow_server::registry: registry.rs:217 IPC import timing: device_id=0 size_bytes=533725184 import_ms=2.92 (perf-t1)
2026-08-19T02:08:11.678370+00:00   INFO pegaflow_server::registry: registry.rs:217 IPC import timing: device_id=0 size_bytes=533725184 import_ms=2.88 (perf-t1)
2026-08-19T02:08:11.681802+00:00   INFO pegaflow_server::registry: registry.rs:217 IPC import timing: device_id=0 size_bytes=533725184 import_ms=2.90 (perf-t1)
2026-08-19T02:08:11.685202+00:00   INFO pegaflow_server::registry: registry.rs:217 IPC import timing: device_id=0 size_bytes=533725184 import_ms=2.90 (perf-t1)
2026-08-19T02:08:11.688956+00:00   INFO pegaflow_server::registry: registry.rs:217 IPC import timing: device_id=0 size_bytes=533725184 import_ms=3.21 (perf-t1)
2026-08-19T02:08:11.692564+00:00   INFO pegaflow_server::registry: registry.rs:217 IPC import timing: device_id=0 size_bytes=533725184 import_ms=3.05 (perf-t1)
2026-08-19T02:08:11.695983+00:00   INFO pegaflow_server::registry: registry.rs:217 IPC import timing: device_id=0 size_bytes=533725184 import_ms=2.90 (perf-t1)
2026-08-19T02:08:11.699495+00:00   INFO pegaflow_server::registry: registry.rs:217 IPC import timing: device_id=0 size_bytes=533725184 import_ms=2.98 (perf-t1)
2026-08-19T02:08:11.703027+00:00   INFO pegaflow_server::registry: registry.rs:217 IPC import timing: device_id=0 size_bytes=533725184 import_ms=3.00 (perf-t1)
2026-08-19T02:08:11.706373+00:00   INFO pegaflow_server::registry: registry.rs:217 IPC import timing: device_id=0 size_bytes=533725184 import_ms=2.84 (perf-t1)
2026-08-19T02:08:11.709985+00:00   INFO pegaflow_server::registry: registry.rs:217 IPC import timing: device_id=0 size_bytes=533725184 import_ms=3.09 (perf-t1)
2026-08-19T02:08:11.713400+00:00   INFO pegaflow_server::registry: registry.rs:217 IPC import timing: device_id=0 size_bytes=533725184 import_ms=2.85 (perf-t1)
2026-08-19T02:08:11.716851+00:00   INFO pegaflow_server::registry: registry.rs:217 IPC import timing: device_id=0 size_bytes=533725184 import_ms=2.94 (perf-t1)
2026-08-19T02:08:11.720118+00:00   INFO pegaflow_server::registry: registry.rs:217 IPC import timing: device_id=0 size_bytes=533725184 import_ms=2.73 (perf-t1)
2026-08-19T02:08:11.723468+00:00   INFO pegaflow_server::registry: registry.rs:217 IPC import timing: device_id=0 size_bytes=533725184 import_ms=2.82 (perf-t1)
2026-08-19T02:08:11.726842+00:00   INFO pegaflow_server::registry: registry.rs:217 IPC import timing: device_id=0 size_bytes=533725184 import_ms=2.86 (perf-t1)
2026-08-19T02:08:11.730119+00:00   INFO pegaflow_server::registry: registry.rs:217 IPC import timing: device_id=0 size_bytes=533725184 import_ms=2.77 (perf-t1)
2026-08-19T02:08:11.733574+00:00   INFO pegaflow_server::registry: registry.rs:217 IPC import timing: device_id=0 size_bytes=533725184 import_ms=2.91 (perf-t1)
2026-08-19T02:08:11.736881+00:00   INFO pegaflow_server::registry: registry.rs:217 IPC import timing: device_id=0 size_bytes=533725184 import_ms=2.78 (perf-t1)
2026-08-19T02:08:11.740454+00:00   INFO pegaflow_server::registry: registry.rs:217 IPC import timing: device_id=0 size_bytes=533725184 import_ms=2.88 (perf-t1)
2026-08-19T02:08:11.743805+00:00   INFO pegaflow_server::registry: registry.rs:217 IPC import timing: device_id=0 size_bytes=533725184 import_ms=2.81 (perf-t1)
2026-08-19T02:08:11.747306+00:00   INFO pegaflow_server::registry: registry.rs:217 IPC import timing: device_id=0 size_bytes=533725184 import_ms=3.00 (perf-t1)
2026-08-19T02:08:11.750599+00:00   INFO pegaflow_server::registry: registry.rs:217 IPC import timing: device_id=0 size_bytes=533725184 import_ms=2.78 (perf-t1)
2026-08-19T02:08:11.754455+00:00   INFO pegaflow_server::registry: registry.rs:217 IPC import timing: device_id=0 size_bytes=533725184 import_ms=3.31 (perf-t1)
2026-08-19T02:08:11.757725+00:00   INFO pegaflow_server::registry: registry.rs:217 IPC import timing: device_id=0 size_bytes=533725184 import_ms=2.77 (perf-t1)
2026-08-19T02:08:11.762497+00:00   INFO pegaflow_server::registry: registry.rs:217 IPC import timing: device_id=0 size_bytes=533725184 import_ms=4.23 (perf-t1)
2026-08-19T02:08:11.766158+00:00   INFO pegaflow_server::registry: registry.rs:217 IPC import timing: device_id=0 size_bytes=533725184 import_ms=3.13 (perf-t1)
2026-08-19T02:08:11.769410+00:00   INFO pegaflow_server::registry: registry.rs:217 IPC import timing: device_id=0 size_bytes=533725184 import_ms=2.75 (perf-t1)
2026-08-19T02:08:11.772778+00:00   INFO pegaflow_server::registry: registry.rs:217 IPC import timing: device_id=0 size_bytes=533725184 import_ms=2.86 (perf-t1)
2026-08-19T02:08:11.776252+00:00   INFO pegaflow_server::registry: registry.rs:217 IPC import timing: device_id=0 size_bytes=533725184 import_ms=2.94 (perf-t1)
2026-08-19T02:08:11.779610+00:00   INFO pegaflow_server::registry: registry.rs:217 IPC import timing: device_id=0 size_bytes=533725184 import_ms=2.82 (perf-t1)
2026-08-19T02:08:11.782916+00:00   INFO pegaflow_server::registry: registry.rs:217 IPC import timing: device_id=0 size_bytes=533725184 import_ms=2.81 (perf-t1)
2026-08-19T02:08:11.786282+00:00   INFO pegaflow_server::registry: registry.rs:217 IPC import timing: device_id=0 size_bytes=533725184 import_ms=2.84 (perf-t1)
2026-08-19T02:08:11.793486+00:00   INFO pegaflow_server::registry: registry.rs:217 IPC import timing: device_id=0 size_bytes=533725184 import_ms=6.66 (perf-t1)
2026-08-19T02:08:11.796844+00:00   INFO pegaflow_server::registry: registry.rs:217 IPC import timing: device_id=0 size_bytes=533725184 import_ms=2.85 (perf-t1)
2026-08-19T02:08:11.802423+00:00   INFO pegaflow_server::registry: registry.rs:217 IPC import timing: device_id=0 size_bytes=533725184 import_ms=5.04 (perf-t1)
2026-08-19T02:08:11.805863+00:00   INFO pegaflow_server::registry: registry.rs:217 IPC import timing: device_id=0 size_bytes=533725184 import_ms=2.93 (perf-t1)
2026-08-19T02:08:11.809109+00:00   INFO pegaflow_server::registry: registry.rs:217 IPC import timing: device_id=0 size_bytes=533725184 import_ms=2.74 (perf-t1)
2026-08-19T02:08:11.812415+00:00   INFO pegaflow_server::registry: registry.rs:217 IPC import timing: device_id=0 size_bytes=533725184 import_ms=2.78 (perf-t1)
2026-08-19T02:08:11.815713+00:00   INFO pegaflow_server::registry: registry.rs:217 IPC import timing: device_id=0 size_bytes=533725184 import_ms=2.80 (perf-t1)
2026-08-19T02:08:11.818990+00:00   INFO pegaflow_server::registry: registry.rs:217 IPC import timing: device_id=0 size_bytes=533725184 import_ms=2.78 (perf-t1)
2026-08-19T02:08:11.823370+00:00   INFO pegaflow_server::registry: registry.rs:217 IPC import timing: device_id=0 size_bytes=533725184 import_ms=3.86 (perf-t1)
2026-08-19T02:08:11.829940+00:00   INFO pegaflow_server::registry: registry.rs:217 IPC import timing: device_id=0 size_bytes=533725184 import_ms=6.07 (perf-t1)
2026-08-19T02:08:11.833402+00:00   INFO pegaflow_server::registry: registry.rs:217 IPC import timing: device_id=0 size_bytes=533725184 import_ms=2.93 (perf-t1)
2026-08-19T02:08:11.836935+00:00   INFO pegaflow_server::registry: registry.rs:217 IPC import timing: device_id=0 size_bytes=533725184 import_ms=2.91 (perf-t1)
2026-08-19T02:08:11.840374+00:00   INFO pegaflow_server::registry: registry.rs:217 IPC import timing: device_id=0 size_bytes=533725184 import_ms=2.89 (perf-t1)
2026-08-19T02:08:11.845026+00:00   INFO pegaflow_server::registry: registry.rs:217 IPC import timing: device_id=0 size_bytes=533725184 import_ms=4.13 (perf-t1)
2026-08-19T02:08:11.851096+00:00   INFO pegaflow_server::registry: registry.rs:217 IPC import timing: device_id=0 size_bytes=533725184 import_ms=5.52 (perf-t1)
2026-08-19T02:08:11.855329+00:00   INFO pegaflow_server::registry: registry.rs:217 IPC import timing: device_id=0 size_bytes=533725184 import_ms=3.71 (perf-t1)
2026-08-19T02:08:11.860241+00:00   INFO pegaflow_server::registry: registry.rs:217 IPC import timing: device_id=0 size_bytes=533725184 import_ms=4.40 (perf-t1)
2026-08-19T02:08:11.863664+00:00   INFO pegaflow_server::registry: registry.rs:217 IPC import timing: device_id=0 size_bytes=533725184 import_ms=2.84 (perf-t1)
2026-08-19T02:08:11.867051+00:00   INFO pegaflow_server::registry: registry.rs:217 IPC import timing: device_id=0 size_bytes=533725184 import_ms=2.88 (perf-t1)
2026-08-19T02:08:11.870458+00:00   INFO pegaflow_server::registry: registry.rs:217 IPC import timing: device_id=0 size_bytes=533725184 import_ms=2.89 (perf-t1)
2026-08-19T02:08:11.873874+00:00   INFO pegaflow_server::registry: registry.rs:217 IPC import timing: device_id=0 size_bytes=533725184 import_ms=2.76 (perf-t1)
2026-08-19T02:08:11.879392+00:00   INFO pegaflow_server::registry: registry.rs:217 IPC import timing: device_id=0 size_bytes=533725184 import_ms=5.02 (perf-t1)
2026-08-19T02:08:11.882632+00:00   INFO pegaflow_server::registry: registry.rs:217 IPC import timing: device_id=0 size_bytes=533725184 import_ms=2.74 (perf-t1)
2026-08-19T02:08:11.885984+00:00   INFO pegaflow_server::registry: registry.rs:217 IPC import timing: device_id=0 size_bytes=533725184 import_ms=2.82 (perf-t1)
2026-08-19T02:08:11.890081+00:00   INFO pegaflow_server::registry: registry.rs:217 IPC import timing: device_id=0 size_bytes=533725184 import_ms=3.60 (perf-t1)
2026-08-19T02:08:11.893875+00:00   INFO pegaflow_server::registry: registry.rs:217 IPC import timing: device_id=0 size_bytes=533725184 import_ms=3.28 (perf-t1)
2026-08-19T02:08:11.900503+00:00   INFO pegaflow_server::registry: registry.rs:217 IPC import timing: device_id=0 size_bytes=533725184 import_ms=6.10 (perf-t1)
2026-08-19T02:08:11.903746+00:00   INFO pegaflow_server::registry: registry.rs:217 IPC import timing: device_id=0 size_bytes=533725184 import_ms=2.73 (perf-t1)
2026-08-19T02:08:11.907120+00:00   INFO pegaflow_server::registry: registry.rs:217 IPC import timing: device_id=0 size_bytes=533725184 import_ms=2.88 (perf-t1)
2026-08-19T02:08:11.910524+00:00   INFO pegaflow_server::registry: registry.rs:217 IPC import timing: device_id=0 size_bytes=533725184 import_ms=2.87 (perf-t1)
2026-08-19T02:08:11.914075+00:00   INFO pegaflow_server::registry: registry.rs:217 IPC import timing: device_id=0 size_bytes=533725184 import_ms=2.92 (perf-t1)
2026-08-19T02:08:11.917503+00:00   INFO pegaflow_server::registry: registry.rs:217 IPC import timing: device_id=0 size_bytes=533725184 import_ms=2.88 (perf-t1)
2026-08-19T02:08:11.920900+00:00   INFO pegaflow_server::registry: registry.rs:217 IPC import timing: device_id=0 size_bytes=533725184 import_ms=2.84 (perf-t1)
2026-08-19T02:08:11.924181+00:00   INFO pegaflow_server::registry: registry.rs:217 IPC import timing: device_id=0 size_bytes=533725184 import_ms=2.75 (perf-t1)
2026-08-19T02:08:11.927506+00:00   INFO pegaflow_server::registry: registry.rs:217 IPC import timing: device_id=0 size_bytes=533725184 import_ms=2.78 (perf-t1)
2026-08-19T02:08:11.931469+00:00   INFO pegaflow_core::gpu_worker: gpu_worker.rs:338 GPU worker initialized: device=0 backend=ascend_batch device_id=0
2026-08-19T02:08:11.931654+00:00   INFO pegaflow_core::gpu_worker: gpu_worker.rs:338 GPU worker initialized: device=0 backend=ascend_batch device_id=0
2026-08-19T02:08:11.931967+00:00   INFO pegaflow_core::gpu_worker: gpu_worker.rs:200 GPU worker pool started: device=0, numa_node=NUMA6, transfer_mode=AscendDirect
2026-08-19T02:08:11.932684+00:00   INFO pegaflow_core::instance: instance.rs:706 Sealed instance topology: instance=17126def-0bc6-4766-ae79-d8f13b26eac0-3361284f6370417398f752f2cef9a9e8, num_layers=72, tp_size=1, world_size=1, total_slots=72
2026-08-19T02:08:11.932750+00:00   INFO pegaflow_core::instance: instance.rs:719 Initialized GPU context: device_id=0, numa_node=NUMA6
2026-08-19T02:08:11.932783+00:00   INFO pegaflow_core: lib.rs:452 Registered context batch: instance=17126def-0bc6-4766-ae79-d8f13b26eac0-3361284f6370417398f752f2cef9a9e8, namespace=perf-t3-h50-iso-c1-0, device=0, layers=72, tp_rank=0/1, pp_rank=0
2026-08-19T02:08:23.975816+00:00   INFO pegaflow_server::service: service.rs:931 Session opened: instance_id=6205d00d-6653-4694-9b18-4d05f433863e-31bab7ca8a984b9d95c1728cdd1f1083 namespace=perf-t3-h50-iso-c1-2 tp_size=1 world_size=1 token=1
2026-08-19T02:08:26.832702+00:00   INFO pegaflow_server::service: service.rs:931 Session opened: instance_id=36c7db89-02a3-4f91-b5f0-5aa4e513bc3d-aa4890b128a4435490af01803b022529 namespace=perf-t3-h50-iso-c1-1 tp_size=1 world_size=1 token=2
2026-08-19T02:08:28.508191+00:00   INFO pegaflow_server::service: service.rs:931 Session opened: instance_id=a38eed3e-eab6-4fc9-a3e6-9d0f2871aea6-8cdb8708b49e4ecd996d50f61ac25dea namespace=perf-t3-h50-iso-c1-4 tp_size=1 world_size=1 token=3
2026-08-19T02:08:31.904280+00:00   INFO pegaflow_server::service: service.rs:931 Session opened: instance_id=ebea9f21-c492-49cb-aa27-f8a184bea92f-d2cc8fcbc89e4c718943ea3a3de194ac namespace=perf-t3-h50-iso-c1-3 tp_size=1 world_size=1 token=4
2026-08-19T02:08:36.306490+00:00   INFO pegaflow_server::service: service.rs:931 Session opened: instance_id=eb4d291b-3a92-45c4-98d1-c3d397aa990d-8bc521a9a62d47d7805242eeacca678c namespace=perf-t3-h50-iso-c1-7 tp_size=1 world_size=1 token=5
2026-08-19T02:08:39.341788+00:00   INFO pegaflow_server::service: service.rs:931 Session opened: instance_id=17126def-0bc6-4766-ae79-d8f13b26eac0-3361284f6370417398f752f2cef9a9e8 namespace=perf-t3-h50-iso-c1-0 tp_size=1 world_size=1 token=6
2026-08-19T02:08:39.563139+00:00   INFO pegaflow_server::service: service.rs:931 Session opened: instance_id=78026312-4209-4e80-9610-4370747c37fd-7e784754821b441a86ce16f9d8bc7436 namespace=perf-t3-h50-iso-c1-5 tp_size=1 world_size=1 token=7
2026-08-19T02:08:42.892903+00:00   INFO pegaflow_server::service: service.rs:931 Session opened: instance_id=d4459320-8fc3-4b90-ba52-bd8a9d819c84-c86e89f350bf44a0afc774abd1598500 namespace=perf-t3-h50-iso-c1-6 tp_size=1 world_size=1 token=8
2026-08-19T02:08:50.762290+00:00   INFO pegaflow_core::storage::prefetch: prefetch.rs:316 Prefetch local-hit timing: req_id=cmpl-perf-d8d3c059bf33-0-ad5d1d82 total_keys=76 hit=0 missing=76 key_build=90.032µs cache_scan=20.84µs task_schedule=7.761µs total=226.535µs
2026-08-19T02:09:22.805927+00:00   INFO pegaflow_core::storage::prefetch: prefetch.rs:316 Prefetch local-hit timing: req_id=cmpl-perf-18c365fdc96d-0-817dbf33 total_keys=61 hit=0 missing=61 key_build=54.831µs cache_scan=23.811µs task_schedule=7.42µs total=127.273µs
2026-08-19T02:09:25.318243+00:00   INFO pegaflow_core::storage::prefetch: prefetch.rs:316 Prefetch local-hit timing: req_id=cmpl-perf-527210c5fe0d-0-872f6b29 total_keys=99 hit=0 missing=99 key_build=67.802µs cache_scan=10.08µs task_schedule=4.8µs total=100.623µs
2026-08-19T02:09:28.243804+00:00   INFO pegaflow_core::storage::prefetch: prefetch.rs:316 Prefetch local-hit timing: req_id=cmpl-perf-c42dad6bfaa9-0-8aba9fe9 total_keys=99 hit=0 missing=99 key_build=69.341µs cache_scan=16.221µs task_schedule=6.54µs total=120.242µs
2026-08-19T02:09:31.166844+00:00   INFO pegaflow_core::storage::prefetch: prefetch.rs:316 Prefetch local-hit timing: req_id=cmpl-perf-6d4085b6f735-0-863ebe0f total_keys=99 hit=0 missing=99 key_build=68.811µs cache_scan=14.631µs task_schedule=5.88µs total=115.682µs
2026-08-19T02:09:34.116051+00:00   INFO pegaflow_core::storage::prefetch: prefetch.rs:316 Prefetch local-hit timing: req_id=cmpl-perf-e78df17dd90d-0-b0e4d9b5 total_keys=99 hit=0 missing=99 key_build=64.941µs cache_scan=21.661µs task_schedule=6.82µs total=129.273µs
2026-08-19T02:09:37.054322+00:00   INFO pegaflow_core::storage::prefetch: prefetch.rs:316 Prefetch local-hit timing: req_id=cmpl-perf-e4ae14fa27b9-0-8fde02f6 total_keys=99 hit=0 missing=99 key_build=58.041µs cache_scan=8.791µs task_schedule=6.16µs total=88.932µs
2026-08-19T02:09:40.006139+00:00   INFO pegaflow_core::storage::prefetch: prefetch.rs:316 Prefetch local-hit timing: req_id=cmpl-perf-fce49093ad15-0-b51c7740 total_keys=99 hit=0 missing=99 key_build=60.851µs cache_scan=7.421µs task_schedule=3.48µs total=87.252µs
2026-08-19T02:09:42.922694+00:00   INFO pegaflow_core::storage::prefetch: prefetch.rs:316 Prefetch local-hit timing: req_id=cmpl-perf-600e2ffa54a4-0-9037237d total_keys=99 hit=0 missing=99 key_build=82.222µs cache_scan=35.551µs task_schedule=7.05µs total=145.613µs
2026-08-19T02:09:47.589789+00:00   INFO pegaflow_core::storage::prefetch: prefetch.rs:316 Prefetch local-hit timing: req_id=cmpl-perf-cc559f767a6f-0-94ef029f total_keys=38 hit=0 missing=38 key_build=47.111µs cache_scan=7.75µs task_schedule=5.611µs total=75.722µs
2026-08-19T02:09:49.753415+00:00   INFO pegaflow_core::storage::prefetch: prefetch.rs:316 Prefetch local-hit timing: req_id=cmpl-perf-79d85ae86c6c-0-a15dc138 total_keys=38 hit=0 missing=38 key_build=49.081µs cache_scan=12.5µs task_schedule=2.99µs total=85.311µs
2026-08-19T02:09:51.913578+00:00   INFO pegaflow_core::storage::prefetch: prefetch.rs:316 Prefetch local-hit timing: req_id=cmpl-perf-fbb20ea1b978-0-8fa54629 total_keys=38 hit=0 missing=38 key_build=84.812µs cache_scan=14.171µs task_schedule=5.59µs total=134.763µs
2026-08-19T02:09:54.083291+00:00   INFO pegaflow_core::storage::prefetch: prefetch.rs:316 Prefetch local-hit timing: req_id=cmpl-perf-f87e0342bbd9-0-909de39a total_keys=38 hit=0 missing=38 key_build=85.852µs cache_scan=18.84µs task_schedule=6.9µs total=145.023µs
2026-08-19T02:09:56.244824+00:00   INFO pegaflow_core::storage::prefetch: prefetch.rs:316 Prefetch local-hit timing: req_id=cmpl-perf-b4a4cc500251-0-8cb85fed total_keys=38 hit=0 missing=38 key_build=24.85µs cache_scan=6.13µs task_schedule=4.67µs total=49.491µs
2026-08-19T02:09:58.409921+00:00   INFO pegaflow_core::storage::prefetch: prefetch.rs:316 Prefetch local-hit timing: req_id=cmpl-perf-2ff10e6a3ab5-0-ab4afbfa total_keys=38 hit=0 missing=38 key_build=95.162µs cache_scan=12.49µs task_schedule=5.54µs total=138.872µs
2026-08-19T02:10:00.566691+00:00   INFO pegaflow_core::storage::prefetch: prefetch.rs:316 Prefetch local-hit timing: req_id=cmpl-perf-27bc078154fe-0-81f3136d total_keys=38 hit=0 missing=38 key_build=34.291µs cache_scan=7.54µs task_schedule=3.05µs total=59.031µs
2026-08-19T02:10:02.727909+00:00   INFO pegaflow_core::storage::prefetch: prefetch.rs:316 Prefetch local-hit timing: req_id=cmpl-perf-79a153e50766-0-a165648d total_keys=1 hit=0 missing=1 key_build=6.98µs cache_scan=8.811µs task_schedule=2.98µs total=35.841µs
2026-08-19T02:10:04.499257+00:00   INFO pegaflow_core::storage::prefetch: prefetch.rs:316 Prefetch local-hit timing: req_id=cmpl-perf-83803b20783c-0-86f33b8d total_keys=1 hit=0 missing=1 key_build=5.25µs cache_scan=6.73µs task_schedule=2.17µs total=25.98µs
2026-08-19T02:10:06.275763+00:00   INFO pegaflow_core::storage::prefetch: prefetch.rs:316 Prefetch local-hit timing: req_id=cmpl-perf-0dfe83cb9adb-0-bd131536 total_keys=1 hit=0 missing=1 key_build=5.81µs cache_scan=5.701µs task_schedule=2.77µs total=27.241µs
2026-08-19T02:10:08.047197+00:00   INFO pegaflow_core::storage::prefetch: prefetch.rs:316 Prefetch local-hit timing: req_id=cmpl-perf-bab2a9f5c6b8-0-9482c13b total_keys=1 hit=0 missing=1 key_build=9.35µs cache_scan=12.301µs task_schedule=5.77µs total=52.671µs
2026-08-19T02:10:09.826551+00:00   INFO pegaflow_core::storage::prefetch: prefetch.rs:316 Prefetch local-hit timing: req_id=cmpl-perf-b81ec5373171-0-82de275a total_keys=1 hit=0 missing=1 key_build=12.93µs cache_scan=36.211µs task_schedule=6.8µs total=96.232µs
2026-08-19T02:10:11.612127+00:00   INFO pegaflow_core::storage::prefetch: prefetch.rs:316 Prefetch local-hit timing: req_id=cmpl-perf-cbe62c3d58a2-0-b67a5e6e total_keys=1 hit=0 missing=1 key_build=7.19µs cache_scan=6.74µs task_schedule=4.17µs total=30.93µs
2026-08-19T02:10:13.400091+00:00   INFO pegaflow_core::storage::prefetch: prefetch.rs:316 Prefetch local-hit timing: req_id=cmpl-perf-c2c288feb47b-0-834565a7 total_keys=1 hit=0 missing=1 key_build=9.75µs cache_scan=11.811µs task_schedule=4.79µs total=49.961µs
2026-08-19T02:10:15.171106+00:00   INFO pegaflow_core::storage::prefetch: prefetch.rs:316 Prefetch local-hit timing: req_id=cmpl-perf-41dc6cf28c13-0-a3fde52c total_keys=1 hit=0 missing=1 key_build=6.4µs cache_scan=8.591µs task_schedule=3.47µs total=34.521µs
2026-08-19T02:10:20.049967+00:00   INFO pegaflow_server::service: service.rs:955 Session closed: instance_id=6205d00d-6653-4694-9b18-4d05f433863e-31bab7ca8a984b9d95c1728cdd1f1083 token=1 — running cleanup
2026-08-19T02:10:20.673437+00:00   INFO pegaflow_core: lib.rs:471 Unregistered instance: 6205d00d-6653-4694-9b18-4d05f433863e-31bab7ca8a984b9d95c1728cdd1f1083
2026-08-19T02:10:21.263651+00:00   INFO pegaflow_server::service: service.rs:955 Session closed: instance_id=36c7db89-02a3-4f91-b5f0-5aa4e513bc3d-aa4890b128a4435490af01803b022529 token=2 — running cleanup
2026-08-19T02:10:21.821757+00:00   INFO pegaflow_server::service: service.rs:59 Session cleanup (stream closed): dropped 72 device tensors for instance 36c7db89-02a3-4f91-b5f0-5aa4e513bc3d-aa4890b128a4435490af01803b022529
2026-08-19T02:10:21.822038+00:00   INFO pegaflow_core: lib.rs:471 Unregistered instance: 36c7db89-02a3-4f91-b5f0-5aa4e513bc3d-aa4890b128a4435490af01803b022529
2026-08-19T02:10:22.479638+00:00   INFO pegaflow_server::service: service.rs:955 Session closed: instance_id=a38eed3e-eab6-4fc9-a3e6-9d0f2871aea6-8cdb8708b49e4ecd996d50f61ac25dea token=3 — running cleanup
2026-08-19T02:10:23.143062+00:00   INFO pegaflow_server::service: service.rs:59 Session cleanup (stream closed): dropped 72 device tensors for instance a38eed3e-eab6-4fc9-a3e6-9d0f2871aea6-8cdb8708b49e4ecd996d50f61ac25dea
2026-08-19T02:10:23.143362+00:00   INFO pegaflow_core: lib.rs:471 Unregistered instance: a38eed3e-eab6-4fc9-a3e6-9d0f2871aea6-8cdb8708b49e4ecd996d50f61ac25dea
2026-08-19T02:10:23.795345+00:00   INFO pegaflow_server::service: service.rs:955 Session closed: instance_id=ebea9f21-c492-49cb-aa27-f8a184bea92f-d2cc8fcbc89e4c718943ea3a3de194ac token=4 — running cleanup
2026-08-19T02:10:24.372597+00:00   INFO pegaflow_core: lib.rs:471 Unregistered instance: ebea9f21-c492-49cb-aa27-f8a184bea92f-d2cc8fcbc89e4c718943ea3a3de194ac
2026-08-19T02:10:25.060897+00:00   INFO pegaflow_server::service: service.rs:955 Session closed: instance_id=eb4d291b-3a92-45c4-98d1-c3d397aa990d-8bc521a9a62d47d7805242eeacca678c token=5 — running cleanup
2026-08-19T02:10:25.686057+00:00   INFO pegaflow_server::service: service.rs:59 Session cleanup (stream closed): dropped 72 device tensors for instance eb4d291b-3a92-45c4-98d1-c3d397aa990d-8bc521a9a62d47d7805242eeacca678c
2026-08-19T02:10:25.686331+00:00   INFO pegaflow_core: lib.rs:471 Unregistered instance: eb4d291b-3a92-45c4-98d1-c3d397aa990d-8bc521a9a62d47d7805242eeacca678c
2026-08-19T02:10:26.525576+00:00   INFO pegaflow_server::service: service.rs:955 Session closed: instance_id=78026312-4209-4e80-9610-4370747c37fd-7e784754821b441a86ce16f9d8bc7436 token=7 — running cleanup
2026-08-19T02:10:27.158669+00:00   INFO pegaflow_server::service: service.rs:59 Session cleanup (stream closed): dropped 72 device tensors for instance 78026312-4209-4e80-9610-4370747c37fd-7e784754821b441a86ce16f9d8bc7436
2026-08-19T02:10:27.158952+00:00   INFO pegaflow_core: lib.rs:471 Unregistered instance: 78026312-4209-4e80-9610-4370747c37fd-7e784754821b441a86ce16f9d8bc7436
2026-08-19T02:10:27.892588+00:00   INFO pegaflow_server::service: service.rs:955 Session closed: instance_id=17126def-0bc6-4766-ae79-d8f13b26eac0-3361284f6370417398f752f2cef9a9e8 token=6 — running cleanup
2026-08-19T02:10:28.523169+00:00   INFO pegaflow_server::service: service.rs:59 Session cleanup (stream closed): dropped 72 device tensors for instance 17126def-0bc6-4766-ae79-d8f13b26eac0-3361284f6370417398f752f2cef9a9e8
2026-08-19T02:10:28.523457+00:00   INFO pegaflow_core: lib.rs:471 Unregistered instance: 17126def-0bc6-4766-ae79-d8f13b26eac0-3361284f6370417398f752f2cef9a9e8
2026-08-19T02:10:29.207859+00:00   INFO pegaflow_server::service: service.rs:955 Session closed: instance_id=d4459320-8fc3-4b90-ba52-bd8a9d819c84-c86e89f350bf44a0afc774abd1598500 token=8 — running cleanup
2026-08-19T02:10:29.850379+00:00   INFO pegaflow_server::service: service.rs:59 Session cleanup (stream closed): dropped 72 device tensors for instance d4459320-8fc3-4b90-ba52-bd8a9d819c84-c86e89f350bf44a0afc774abd1598500
2026-08-19T02:10:29.850648+00:00   INFO pegaflow_core: lib.rs:471 Unregistered instance: d4459320-8fc3-4b90-ba52-bd8a9d819c84-c86e89f350bf44a0afc774abd1598500
