2026-08-18T14:45:55.302029+00:00   INFO pegaflow_server: lib.rs:480 Starting pega-engine-server v0.23.3
2026-08-18T14:45:56.136025+00:00   INFO pegaflow_server: lib.rs:319 Ascend ACL runtime initialized, device 0 set as current
2026-08-18T14:45:56.136253+00:00   INFO pegaflow_server::check_ascend_version: check_ascend_version.rs:40 Ascend preflight: minimum required version 1.16.0
2026-08-18T14:45:56.136349+00:00   INFO pegaflow_server::check_ascend_version: check_ascend_version.rs:52 Ascend preflight: runtime version 1.17.0 detected
2026-08-18T14:45:56.136404+00:00   INFO pegaflow_server: lib.rs:498 Using specified device(s): [0, 1, 2, 3, 4, 5, 6, 7]
2026-08-18T14:46:05.187206+00:00   INFO pegaflow_server: lib.rs:397 Initialized context for device 0 in 0.01s
2026-08-18T14:46:05.923524+00:00   INFO pegaflow_server: lib.rs:397 Initialized context for device 1 in 0.74s
2026-08-18T14:46:06.664629+00:00   INFO pegaflow_server: lib.rs:397 Initialized context for device 2 in 0.74s
2026-08-18T14:46:07.418232+00:00   INFO pegaflow_server: lib.rs:397 Initialized context for device 3 in 0.75s
2026-08-18T14:46:08.165652+00:00   INFO pegaflow_server: lib.rs:397 Initialized context for device 4 in 0.75s
2026-08-18T14:46:08.910387+00:00   INFO pegaflow_server: lib.rs:397 Initialized context for device 5 in 0.74s
2026-08-18T14:46:09.710792+00:00   INFO pegaflow_server: lib.rs:397 Initialized context for device 6 in 0.80s
2026-08-18T14:46:10.452870+00:00   INFO pegaflow_server: lib.rs:397 Initialized context for device 7 in 0.74s
2026-08-18T14:46:10.453128+00:00   INFO pegaflow_server: lib.rs:507 Device runtime initialized for 8 device(s): [0, 1, 2, 3, 4, 5, 6, 7]
2026-08-18T14:46:10.453474+00:00   INFO pegaflow_server: lib.rs:528 Creating PegaEngine with pinned memory pool: 16.00 GiB (17179869184 bytes), hugepages=false
2026-08-18T14:46:10.480211+00:00   INFO pegaflow_server: lib.rs:446 Prometheus metrics exporter enabled
2026-08-18T14:46:10.480610+00:00   INFO opentelemetry: metrics.rs:29  name="MeterProvider.GlobalSet" message=Global meter provider is set. Meters can now be created using global::meter() or global::meter_with_scope().
2026-08-18T14:46:15.897844+00:00   INFO pegaflow_common::numa: numa.rs:650 === Device-NUMA Topology ===
2026-08-18T14:46:15.898008+00:00   INFO pegaflow_common::numa: numa.rs:651 NUMA nodes: 8
2026-08-18T14:46:15.898060+00:00   INFO pegaflow_common::numa: numa.rs:659   Device 0 -> NUMA6
2026-08-18T14:46:15.898087+00:00   INFO pegaflow_common::numa: numa.rs:659   Device 1 -> NUMA0
2026-08-18T14:46:15.898108+00:00   INFO pegaflow_common::numa: numa.rs:659   Device 2 -> NUMA6
2026-08-18T14:46:15.898128+00:00   INFO pegaflow_common::numa: numa.rs:659   Device 3 -> NUMA0
2026-08-18T14:46:15.898148+00:00   INFO pegaflow_common::numa: numa.rs:659   Device 4 -> NUMA4
2026-08-18T14:46:15.898168+00:00   INFO pegaflow_common::numa: numa.rs:659   Device 5 -> NUMA2
2026-08-18T14:46:15.898187+00:00   INFO pegaflow_common::numa: numa.rs:659   Device 6 -> NUMA4
2026-08-18T14:46:15.898207+00:00   INFO pegaflow_common::numa: numa.rs:659   Device 7 -> NUMA2
2026-08-18T14:46:15.898268+00:00   INFO pegaflow_core: lib.rs:163 Auto-enabling NUMA-aware memory allocation for 4 GPU-local NUMA nodes (8 CPU NUMA nodes detected)
2026-08-18T14:46:15.898296+00:00   INFO pegaflow_core::storage: mod.rs:150 Creating NUMA-aware pinned pools for 4 nodes
2026-08-18T14:46:15.898334+00:00   INFO pegaflow_core::pinned_pool: pinned_pool.rs:547 Creating NUMA-aware pools: total=16.0 GiB, nodes=4, per_node=4.0 GiB, shards_per_node=1
2026-08-18T14:46:15.899905+00:00   INFO pegaflow_core::pinned_pool: pinned_pool.rs:203 Allocating pinned memory pool with aclrtMallocHost mapped pages
2026-08-18T14:46:15.900098+00:00   INFO pegaflow_core::pinned_pool: pinned_pool.rs:262 Ascend pinned pool on NUMA node NUMA0 → using device 1
2026-08-18T14:46:16.072548+00:00   INFO pegaflow_core::pinned_pool: pinned_pool.rs:213 Pinned pool: backing_size=4.0 GiB, unit_size=512 B, max_units=8388608, allocatable_size=4.0 GiB
2026-08-18T14:46:16.420679+00:00   INFO pegaflow_core::pinned_pool: pinned_pool.rs:580 Created pinned pool on NUMA0: capacity=4.0 GiB
2026-08-18T14:46:16.421954+00:00   INFO pegaflow_core::pinned_pool: pinned_pool.rs:203 Allocating pinned memory pool with aclrtMallocHost mapped pages
2026-08-18T14:46:16.422106+00:00   INFO pegaflow_core::pinned_pool: pinned_pool.rs:262 Ascend pinned pool on NUMA node NUMA2 → using device 5
2026-08-18T14:46:16.592653+00:00   INFO pegaflow_core::pinned_pool: pinned_pool.rs:213 Pinned pool: backing_size=4.0 GiB, unit_size=512 B, max_units=8388608, allocatable_size=4.0 GiB
2026-08-18T14:46:16.934022+00:00   INFO pegaflow_core::pinned_pool: pinned_pool.rs:580 Created pinned pool on NUMA2: capacity=4.0 GiB
2026-08-18T14:46:16.935379+00:00   INFO pegaflow_core::pinned_pool: pinned_pool.rs:203 Allocating pinned memory pool with aclrtMallocHost mapped pages
2026-08-18T14:46:16.935563+00:00   INFO pegaflow_core::pinned_pool: pinned_pool.rs:262 Ascend pinned pool on NUMA node NUMA4 → using device 6
2026-08-18T14:46:17.105767+00:00   INFO pegaflow_core::pinned_pool: pinned_pool.rs:213 Pinned pool: backing_size=4.0 GiB, unit_size=512 B, max_units=8388608, allocatable_size=4.0 GiB
2026-08-18T14:46:17.443723+00:00   INFO pegaflow_core::pinned_pool: pinned_pool.rs:580 Created pinned pool on NUMA4: capacity=4.0 GiB
2026-08-18T14:46:17.444719+00:00   INFO pegaflow_core::pinned_pool: pinned_pool.rs:203 Allocating pinned memory pool with aclrtMallocHost mapped pages
2026-08-18T14:46:17.444921+00:00   INFO pegaflow_core::pinned_pool: pinned_pool.rs:262 Ascend pinned pool on NUMA node NUMA6 → using device 2
2026-08-18T14:46:17.647227+00:00   INFO pegaflow_core::pinned_pool: pinned_pool.rs:213 Pinned pool: backing_size=4.0 GiB, unit_size=512 B, max_units=8388608, allocatable_size=4.0 GiB
2026-08-18T14:46:17.980703+00:00   INFO pegaflow_core::pinned_pool: pinned_pool.rs:580 Created pinned pool on NUMA6: capacity=4.0 GiB
2026-08-18T14:46:17.981625+00:00   INFO pegaflow_server: lib.rs:688 Background GC task started (interval=60s, inflight_max_age=5m, failed_remote_max_age=5m)
2026-08-18T14:46:17.982160+00:00   INFO pegaflow_server::http_server: http_server.rs:187 Starting HTTP server on 0.0.0.0:9091 (/health, /metrics, /instances, /instances/cleanup, /cache/memory/cleanup)
2026-08-18T14:46:17.982299+00:00   INFO pegaflow_server: lib.rs:716 PegaEngine gRPC server listening on 0.0.0.0:50080
2026-08-18T14:48:24.189878+00:00   INFO pegaflow_server::registry: registry.rs:217 IPC import timing: device_id=4 size_bytes=533725184 import_ms=26.38 (perf-t1)
2026-08-18T14:48:24.240839+00:00   INFO pegaflow_server::registry: registry.rs:217 IPC import timing: device_id=4 size_bytes=533725184 import_ms=48.98 (perf-t1)
2026-08-18T14:48:24.286229+00:00   INFO pegaflow_server::registry: registry.rs:217 IPC import timing: device_id=4 size_bytes=533725184 import_ms=44.81 (perf-t1)
2026-08-18T14:48:24.289748+00:00   INFO pegaflow_server::registry: registry.rs:217 IPC import timing: device_id=4 size_bytes=533725184 import_ms=2.98 (perf-t1)
2026-08-18T14:48:24.295527+00:00   INFO pegaflow_server::registry: registry.rs:217 IPC import timing: device_id=4 size_bytes=533725184 import_ms=5.21 (perf-t1)
2026-08-18T14:48:24.334204+00:00   INFO pegaflow_server::registry: registry.rs:217 IPC import timing: device_id=4 size_bytes=533725184 import_ms=38.16 (perf-t1)
2026-08-18T14:48:24.338028+00:00   INFO pegaflow_server::registry: registry.rs:217 IPC import timing: device_id=4 size_bytes=533725184 import_ms=2.87 (perf-t1)
2026-08-18T14:48:24.382846+00:00   INFO pegaflow_server::registry: registry.rs:217 IPC import timing: device_id=4 size_bytes=533725184 import_ms=44.23 (perf-t1)
2026-08-18T14:48:24.386399+00:00   INFO pegaflow_server::registry: registry.rs:217 IPC import timing: device_id=4 size_bytes=533725184 import_ms=2.99 (perf-t1)
2026-08-18T14:48:24.430232+00:00   INFO pegaflow_server::registry: registry.rs:217 IPC import timing: device_id=4 size_bytes=533725184 import_ms=43.31 (perf-t1)
2026-08-18T14:48:24.433801+00:00   INFO pegaflow_server::registry: registry.rs:217 IPC import timing: device_id=4 size_bytes=533725184 import_ms=3.01 (perf-t1)
2026-08-18T14:48:24.478519+00:00   INFO pegaflow_server::registry: registry.rs:217 IPC import timing: device_id=4 size_bytes=533725184 import_ms=44.20 (perf-t1)
2026-08-18T14:48:24.481985+00:00   INFO pegaflow_server::registry: registry.rs:217 IPC import timing: device_id=4 size_bytes=533725184 import_ms=2.94 (perf-t1)
2026-08-18T14:48:24.526070+00:00   INFO pegaflow_server::registry: registry.rs:217 IPC import timing: device_id=4 size_bytes=533725184 import_ms=43.54 (perf-t1)
2026-08-18T14:48:24.529438+00:00   INFO pegaflow_server::registry: registry.rs:217 IPC import timing: device_id=4 size_bytes=533725184 import_ms=2.82 (perf-t1)
2026-08-18T14:48:24.581141+00:00   INFO pegaflow_server::registry: registry.rs:217 IPC import timing: device_id=4 size_bytes=533725184 import_ms=51.08 (perf-t1)
2026-08-18T14:48:24.622102+00:00   INFO pegaflow_server::registry: registry.rs:217 IPC import timing: device_id=4 size_bytes=533725184 import_ms=40.39 (perf-t1)
2026-08-18T14:48:24.625356+00:00   INFO pegaflow_server::registry: registry.rs:217 IPC import timing: device_id=4 size_bytes=533725184 import_ms=2.73 (perf-t1)
2026-08-18T14:48:24.670094+00:00   INFO pegaflow_server::registry: registry.rs:217 IPC import timing: device_id=4 size_bytes=533725184 import_ms=44.23 (perf-t1)
2026-08-18T14:48:24.673532+00:00   INFO pegaflow_server::registry: registry.rs:217 IPC import timing: device_id=4 size_bytes=533725184 import_ms=2.87 (perf-t1)
2026-08-18T14:48:24.718046+00:00   INFO pegaflow_server::registry: registry.rs:217 IPC import timing: device_id=4 size_bytes=533725184 import_ms=43.99 (perf-t1)
2026-08-18T14:48:24.721495+00:00   INFO pegaflow_server::registry: registry.rs:217 IPC import timing: device_id=4 size_bytes=533725184 import_ms=2.89 (perf-t1)
2026-08-18T14:48:24.765969+00:00   INFO pegaflow_server::registry: registry.rs:217 IPC import timing: device_id=4 size_bytes=533725184 import_ms=43.92 (perf-t1)
2026-08-18T14:48:24.769422+00:00   INFO pegaflow_server::registry: registry.rs:217 IPC import timing: device_id=4 size_bytes=533725184 import_ms=2.89 (perf-t1)
2026-08-18T14:48:24.813969+00:00   INFO pegaflow_server::registry: registry.rs:217 IPC import timing: device_id=4 size_bytes=533725184 import_ms=44.00 (perf-t1)
2026-08-18T14:48:24.817678+00:00   INFO pegaflow_server::registry: registry.rs:217 IPC import timing: device_id=4 size_bytes=533725184 import_ms=3.15 (perf-t1)
2026-08-18T14:48:24.873708+00:00   INFO pegaflow_server::registry: registry.rs:217 IPC import timing: device_id=4 size_bytes=533725184 import_ms=55.51 (perf-t1)
2026-08-18T14:48:24.913100+00:00   INFO pegaflow_server::registry: registry.rs:217 IPC import timing: device_id=4 size_bytes=533725184 import_ms=38.88 (perf-t1)
2026-08-18T14:48:24.916544+00:00   INFO pegaflow_server::registry: registry.rs:217 IPC import timing: device_id=4 size_bytes=533725184 import_ms=2.88 (perf-t1)
2026-08-18T14:48:24.959010+00:00   INFO pegaflow_server::registry: registry.rs:217 IPC import timing: device_id=4 size_bytes=533725184 import_ms=41.79 (perf-t1)
2026-08-18T14:48:24.962780+00:00   INFO pegaflow_server::registry: registry.rs:217 IPC import timing: device_id=4 size_bytes=533725184 import_ms=3.19 (perf-t1)
2026-08-18T14:48:25.006817+00:00   INFO pegaflow_server::registry: registry.rs:217 IPC import timing: device_id=4 size_bytes=533725184 import_ms=43.43 (perf-t1)
2026-08-18T14:48:25.054006+00:00   INFO pegaflow_server::registry: registry.rs:217 IPC import timing: device_id=4 size_bytes=533725184 import_ms=46.64 (perf-t1)
2026-08-18T14:48:25.057338+00:00   INFO pegaflow_server::registry: registry.rs:217 IPC import timing: device_id=4 size_bytes=533725184 import_ms=2.79 (perf-t1)
2026-08-18T14:48:25.102718+00:00   INFO pegaflow_server::registry: registry.rs:217 IPC import timing: device_id=4 size_bytes=533725184 import_ms=44.81 (perf-t1)
2026-08-18T14:48:25.106125+00:00   INFO pegaflow_server::registry: registry.rs:217 IPC import timing: device_id=4 size_bytes=533725184 import_ms=2.89 (perf-t1)
2026-08-18T14:48:25.110570+00:00   INFO pegaflow_server::registry: registry.rs:217 IPC import timing: device_id=4 size_bytes=533725184 import_ms=3.92 (perf-t1)
2026-08-18T14:48:25.113956+00:00   INFO pegaflow_server::registry: registry.rs:217 IPC import timing: device_id=4 size_bytes=533725184 import_ms=2.82 (perf-t1)
2026-08-18T14:48:25.117383+00:00   INFO pegaflow_server::registry: registry.rs:217 IPC import timing: device_id=4 size_bytes=533725184 import_ms=2.89 (perf-t1)
2026-08-18T14:48:25.120663+00:00   INFO pegaflow_server::registry: registry.rs:217 IPC import timing: device_id=4 size_bytes=533725184 import_ms=2.76 (perf-t1)
2026-08-18T14:48:25.124003+00:00   INFO pegaflow_server::registry: registry.rs:217 IPC import timing: device_id=4 size_bytes=533725184 import_ms=2.78 (perf-t1)
2026-08-18T14:48:25.127318+00:00   INFO pegaflow_server::registry: registry.rs:217 IPC import timing: device_id=4 size_bytes=533725184 import_ms=2.74 (perf-t1)
2026-08-18T14:48:25.130681+00:00   INFO pegaflow_server::registry: registry.rs:217 IPC import timing: device_id=4 size_bytes=533725184 import_ms=2.78 (perf-t1)
2026-08-18T14:48:25.134104+00:00   INFO pegaflow_server::registry: registry.rs:217 IPC import timing: device_id=4 size_bytes=533725184 import_ms=2.86 (perf-t1)
2026-08-18T14:48:25.137347+00:00   INFO pegaflow_server::registry: registry.rs:217 IPC import timing: device_id=4 size_bytes=533725184 import_ms=2.72 (perf-t1)
2026-08-18T14:48:25.141645+00:00   INFO pegaflow_server::registry: registry.rs:217 IPC import timing: device_id=4 size_bytes=533725184 import_ms=3.77 (perf-t1)
2026-08-18T14:48:25.145311+00:00   INFO pegaflow_server::registry: registry.rs:217 IPC import timing: device_id=4 size_bytes=533725184 import_ms=3.09 (perf-t1)
2026-08-18T14:48:25.149373+00:00   INFO pegaflow_server::registry: registry.rs:217 IPC import timing: device_id=4 size_bytes=533725184 import_ms=3.54 (perf-t1)
2026-08-18T14:48:25.166101+00:00   INFO pegaflow_server::registry: registry.rs:217 IPC import timing: device_id=4 size_bytes=533725184 import_ms=16.22 (perf-t1)
2026-08-18T14:48:25.169539+00:00   INFO pegaflow_server::registry: registry.rs:217 IPC import timing: device_id=4 size_bytes=533725184 import_ms=2.88 (perf-t1)
2026-08-18T14:48:25.172742+00:00   INFO pegaflow_server::registry: registry.rs:217 IPC import timing: device_id=4 size_bytes=533725184 import_ms=2.68 (perf-t1)
2026-08-18T14:48:25.176184+00:00   INFO pegaflow_server::registry: registry.rs:217 IPC import timing: device_id=4 size_bytes=533725184 import_ms=2.90 (perf-t1)
2026-08-18T14:48:25.179560+00:00   INFO pegaflow_server::registry: registry.rs:217 IPC import timing: device_id=4 size_bytes=533725184 import_ms=2.80 (perf-t1)
2026-08-18T14:48:25.182847+00:00   INFO pegaflow_server::registry: registry.rs:217 IPC import timing: device_id=4 size_bytes=533725184 import_ms=2.77 (perf-t1)
2026-08-18T14:48:25.186247+00:00   INFO pegaflow_server::registry: registry.rs:217 IPC import timing: device_id=4 size_bytes=533725184 import_ms=2.88 (perf-t1)
2026-08-18T14:48:25.189673+00:00   INFO pegaflow_server::registry: registry.rs:217 IPC import timing: device_id=4 size_bytes=533725184 import_ms=2.88 (perf-t1)
2026-08-18T14:48:25.193089+00:00   INFO pegaflow_server::registry: registry.rs:217 IPC import timing: device_id=4 size_bytes=533725184 import_ms=2.90 (perf-t1)
2026-08-18T14:48:25.196496+00:00   INFO pegaflow_server::registry: registry.rs:217 IPC import timing: device_id=4 size_bytes=533725184 import_ms=2.71 (perf-t1)
2026-08-18T14:48:25.199861+00:00   INFO pegaflow_server::registry: registry.rs:217 IPC import timing: device_id=4 size_bytes=533725184 import_ms=2.80 (perf-t1)
2026-08-18T14:48:25.203138+00:00   INFO pegaflow_server::registry: registry.rs:217 IPC import timing: device_id=4 size_bytes=533725184 import_ms=2.75 (perf-t1)
2026-08-18T14:48:25.206692+00:00   INFO pegaflow_server::registry: registry.rs:217 IPC import timing: device_id=4 size_bytes=533725184 import_ms=3.05 (perf-t1)
2026-08-18T14:48:25.213549+00:00   INFO pegaflow_server::registry: registry.rs:217 IPC import timing: device_id=4 size_bytes=533725184 import_ms=6.32 (perf-t1)
2026-08-18T14:48:25.217167+00:00   INFO pegaflow_server::registry: registry.rs:217 IPC import timing: device_id=4 size_bytes=533725184 import_ms=3.05 (perf-t1)
2026-08-18T14:48:25.220524+00:00   INFO pegaflow_server::registry: registry.rs:217 IPC import timing: device_id=4 size_bytes=533725184 import_ms=2.84 (perf-t1)
2026-08-18T14:48:25.223919+00:00   INFO pegaflow_server::registry: registry.rs:217 IPC import timing: device_id=4 size_bytes=533725184 import_ms=2.85 (perf-t1)
2026-08-18T14:48:25.227309+00:00   INFO pegaflow_server::registry: registry.rs:217 IPC import timing: device_id=4 size_bytes=533725184 import_ms=2.81 (perf-t1)
2026-08-18T14:48:25.230610+00:00   INFO pegaflow_server::registry: registry.rs:217 IPC import timing: device_id=4 size_bytes=533725184 import_ms=2.78 (perf-t1)
2026-08-18T14:48:25.233912+00:00   INFO pegaflow_server::registry: registry.rs:217 IPC import timing: device_id=4 size_bytes=533725184 import_ms=2.80 (perf-t1)
2026-08-18T14:48:25.240925+00:00   INFO pegaflow_server::registry: registry.rs:217 IPC import timing: device_id=4 size_bytes=533725184 import_ms=6.44 (perf-t1)
2026-08-18T14:48:25.244361+00:00   INFO pegaflow_server::registry: registry.rs:217 IPC import timing: device_id=4 size_bytes=533725184 import_ms=2.90 (perf-t1)
2026-08-18T14:48:25.247668+00:00   INFO pegaflow_server::registry: registry.rs:217 IPC import timing: device_id=4 size_bytes=533725184 import_ms=2.78 (perf-t1)
2026-08-18T14:48:25.251042+00:00   INFO pegaflow_server::registry: registry.rs:217 IPC import timing: device_id=4 size_bytes=533725184 import_ms=2.79 (perf-t1)
2026-08-18T14:48:25.255739+00:00   INFO pegaflow_core::gpu_worker: gpu_worker.rs:338 GPU worker initialized: device=4 backend=ascend_batch device_id=4
2026-08-18T14:48:25.258143+00:00   INFO pegaflow_core::gpu_worker: gpu_worker.rs:338 GPU worker initialized: device=4 backend=ascend_batch device_id=4
2026-08-18T14:48:25.258331+00:00   INFO pegaflow_core::gpu_worker: gpu_worker.rs:200 GPU worker pool started: device=4, numa_node=NUMA4, transfer_mode=AscendDirect
2026-08-18T14:48:25.259082+00:00   INFO pegaflow_core::instance: instance.rs:706 Sealed instance topology: instance=2b38a58e-387a-4893-9e19-8a96d60b78fb-563d3e820d584a30ab6c51e46a376bdc, num_layers=72, tp_size=1, world_size=1, total_slots=72
2026-08-18T14:48:25.259135+00:00   INFO pegaflow_core::instance: instance.rs:719 Initialized GPU context: device_id=4, numa_node=NUMA4
2026-08-18T14:48:25.259168+00:00   INFO pegaflow_core: lib.rs:452 Registered context batch: instance=2b38a58e-387a-4893-9e19-8a96d60b78fb-563d3e820d584a30ab6c51e46a376bdc, namespace=perf-t2-c4-i200-shared-c3, device=4, layers=72, tp_rank=0/1, pp_rank=0
2026-08-18T14:48:25.260288+00:00   INFO pegaflow_server::registry: registry.rs:217 IPC import timing: device_id=3 size_bytes=533725184 import_ms=5.01 (perf-t1)
2026-08-18T14:48:25.264236+00:00   INFO pegaflow_server::registry: registry.rs:217 IPC import timing: device_id=3 size_bytes=533725184 import_ms=3.38 (perf-t1)
2026-08-18T14:48:25.267619+00:00   INFO pegaflow_server::registry: registry.rs:217 IPC import timing: device_id=3 size_bytes=533725184 import_ms=2.80 (perf-t1)
2026-08-18T14:48:25.271013+00:00   INFO pegaflow_server::registry: registry.rs:217 IPC import timing: device_id=3 size_bytes=533725184 import_ms=2.88 (perf-t1)
2026-08-18T14:48:25.276029+00:00   INFO pegaflow_server::registry: registry.rs:217 IPC import timing: device_id=3 size_bytes=533725184 import_ms=4.47 (perf-t1)
2026-08-18T14:48:25.280186+00:00   INFO pegaflow_server::registry: registry.rs:217 IPC import timing: device_id=3 size_bytes=533725184 import_ms=3.31 (perf-t1)
2026-08-18T14:48:25.283841+00:00   INFO pegaflow_server::registry: registry.rs:217 IPC import timing: device_id=3 size_bytes=533725184 import_ms=2.94 (perf-t1)
2026-08-18T14:48:25.289748+00:00   INFO pegaflow_server::registry: registry.rs:217 IPC import timing: device_id=3 size_bytes=533725184 import_ms=5.32 (perf-t1)
2026-08-18T14:48:25.298264+00:00   INFO pegaflow_server::registry: registry.rs:217 IPC import timing: device_id=3 size_bytes=533725184 import_ms=3.03 (perf-t1)
2026-08-18T14:48:25.301956+00:00   INFO pegaflow_server::registry: registry.rs:217 IPC import timing: device_id=3 size_bytes=533725184 import_ms=3.04 (perf-t1)
2026-08-18T14:48:25.309416+00:00   INFO pegaflow_server::registry: registry.rs:217 IPC import timing: device_id=3 size_bytes=533725184 import_ms=6.91 (perf-t1)
2026-08-18T14:48:25.313386+00:00   INFO pegaflow_server::registry: registry.rs:217 IPC import timing: device_id=3 size_bytes=533725184 import_ms=3.40 (perf-t1)
2026-08-18T14:48:25.316988+00:00   INFO pegaflow_server::registry: registry.rs:217 IPC import timing: device_id=3 size_bytes=533725184 import_ms=3.05 (perf-t1)
2026-08-18T14:48:25.320507+00:00   INFO pegaflow_server::registry: registry.rs:217 IPC import timing: device_id=3 size_bytes=533725184 import_ms=2.97 (perf-t1)
2026-08-18T14:48:25.323919+00:00   INFO pegaflow_server::registry: registry.rs:217 IPC import timing: device_id=3 size_bytes=533725184 import_ms=2.84 (perf-t1)
2026-08-18T14:48:25.327278+00:00   INFO pegaflow_server::registry: registry.rs:217 IPC import timing: device_id=3 size_bytes=533725184 import_ms=2.80 (perf-t1)
2026-08-18T14:48:25.330662+00:00   INFO pegaflow_server::registry: registry.rs:217 IPC import timing: device_id=3 size_bytes=533725184 import_ms=2.82 (perf-t1)
2026-08-18T14:48:25.334065+00:00   INFO pegaflow_server::registry: registry.rs:217 IPC import timing: device_id=3 size_bytes=533725184 import_ms=2.76 (perf-t1)
2026-08-18T14:48:25.337484+00:00   INFO pegaflow_server::registry: registry.rs:217 IPC import timing: device_id=3 size_bytes=533725184 import_ms=2.86 (perf-t1)
2026-08-18T14:48:25.340846+00:00   INFO pegaflow_server::registry: registry.rs:217 IPC import timing: device_id=3 size_bytes=533725184 import_ms=2.81 (perf-t1)
2026-08-18T14:48:25.344121+00:00   INFO pegaflow_server::registry: registry.rs:217 IPC import timing: device_id=3 size_bytes=533725184 import_ms=2.72 (perf-t1)
2026-08-18T14:48:25.347486+00:00   INFO pegaflow_server::registry: registry.rs:217 IPC import timing: device_id=3 size_bytes=533725184 import_ms=2.82 (perf-t1)
2026-08-18T14:48:25.390314+00:00   INFO pegaflow_server::registry: registry.rs:217 IPC import timing: device_id=3 size_bytes=533725184 import_ms=42.28 (perf-t1)
2026-08-18T14:48:25.393803+00:00   INFO pegaflow_server::registry: registry.rs:217 IPC import timing: device_id=3 size_bytes=533725184 import_ms=2.91 (perf-t1)
2026-08-18T14:48:25.397145+00:00   INFO pegaflow_server::registry: registry.rs:217 IPC import timing: device_id=3 size_bytes=533725184 import_ms=2.78 (perf-t1)
2026-08-18T14:48:25.400640+00:00   INFO pegaflow_server::registry: registry.rs:217 IPC import timing: device_id=3 size_bytes=533725184 import_ms=2.97 (perf-t1)
2026-08-18T14:48:25.403906+00:00   INFO pegaflow_server::registry: registry.rs:217 IPC import timing: device_id=3 size_bytes=533725184 import_ms=2.71 (perf-t1)
2026-08-18T14:48:25.407303+00:00   INFO pegaflow_server::registry: registry.rs:217 IPC import timing: device_id=3 size_bytes=533725184 import_ms=2.84 (perf-t1)
2026-08-18T14:48:25.412618+00:00   INFO pegaflow_server::registry: registry.rs:217 IPC import timing: device_id=3 size_bytes=533725184 import_ms=4.76 (perf-t1)
2026-08-18T14:48:25.417550+00:00   INFO pegaflow_server::registry: registry.rs:217 IPC import timing: device_id=3 size_bytes=533725184 import_ms=4.29 (perf-t1)
2026-08-18T14:48:25.421264+00:00   INFO pegaflow_server::registry: registry.rs:217 IPC import timing: device_id=3 size_bytes=533725184 import_ms=3.17 (perf-t1)
2026-08-18T14:48:25.424594+00:00   INFO pegaflow_server::registry: registry.rs:217 IPC import timing: device_id=3 size_bytes=533725184 import_ms=2.76 (perf-t1)
2026-08-18T14:48:25.427980+00:00   INFO pegaflow_server::registry: registry.rs:217 IPC import timing: device_id=3 size_bytes=533725184 import_ms=2.81 (perf-t1)
2026-08-18T14:48:25.431273+00:00   INFO pegaflow_server::registry: registry.rs:217 IPC import timing: device_id=3 size_bytes=533725184 import_ms=2.72 (perf-t1)
2026-08-18T14:48:25.434639+00:00   INFO pegaflow_server::registry: registry.rs:217 IPC import timing: device_id=3 size_bytes=533725184 import_ms=2.83 (perf-t1)
2026-08-18T14:48:25.440391+00:00   INFO pegaflow_server::registry: registry.rs:217 IPC import timing: device_id=3 size_bytes=533725184 import_ms=5.19 (perf-t1)
2026-08-18T14:48:25.443774+00:00   INFO pegaflow_server::registry: registry.rs:217 IPC import timing: device_id=3 size_bytes=533725184 import_ms=2.84 (perf-t1)
2026-08-18T14:48:25.446977+00:00   INFO pegaflow_server::registry: registry.rs:217 IPC import timing: device_id=3 size_bytes=533725184 import_ms=2.70 (perf-t1)
2026-08-18T14:48:25.450365+00:00   INFO pegaflow_server::registry: registry.rs:217 IPC import timing: device_id=3 size_bytes=533725184 import_ms=2.82 (perf-t1)
2026-08-18T14:48:25.454780+00:00   INFO pegaflow_server::registry: registry.rs:217 IPC import timing: device_id=3 size_bytes=533725184 import_ms=3.86 (perf-t1)
2026-08-18T14:48:25.460354+00:00   INFO pegaflow_server::registry: registry.rs:217 IPC import timing: device_id=3 size_bytes=533725184 import_ms=5.05 (perf-t1)
2026-08-18T14:48:25.463968+00:00   INFO pegaflow_server::registry: registry.rs:217 IPC import timing: device_id=3 size_bytes=533725184 import_ms=3.05 (perf-t1)
2026-08-18T14:48:25.467300+00:00   INFO pegaflow_server::registry: registry.rs:217 IPC import timing: device_id=3 size_bytes=533725184 import_ms=2.71 (perf-t1)
2026-08-18T14:48:25.470647+00:00   INFO pegaflow_server::registry: registry.rs:217 IPC import timing: device_id=3 size_bytes=533725184 import_ms=2.81 (perf-t1)
2026-08-18T14:48:25.475196+00:00   INFO pegaflow_server::registry: registry.rs:217 IPC import timing: device_id=3 size_bytes=533725184 import_ms=3.97 (perf-t1)
2026-08-18T14:48:25.479374+00:00   INFO pegaflow_server::registry: registry.rs:217 IPC import timing: device_id=3 size_bytes=533725184 import_ms=3.65 (perf-t1)
2026-08-18T14:48:25.483181+00:00   INFO pegaflow_server::registry: registry.rs:217 IPC import timing: device_id=3 size_bytes=533725184 import_ms=3.27 (perf-t1)
2026-08-18T14:48:25.486513+00:00   INFO pegaflow_server::registry: registry.rs:217 IPC import timing: device_id=3 size_bytes=533725184 import_ms=2.77 (perf-t1)
2026-08-18T14:48:25.489949+00:00   INFO pegaflow_server::registry: registry.rs:217 IPC import timing: device_id=3 size_bytes=533725184 import_ms=2.90 (perf-t1)
2026-08-18T14:48:25.493369+00:00   INFO pegaflow_server::registry: registry.rs:217 IPC import timing: device_id=3 size_bytes=533725184 import_ms=2.86 (perf-t1)
2026-08-18T14:48:25.499310+00:00   INFO pegaflow_server::registry: registry.rs:217 IPC import timing: device_id=3 size_bytes=533725184 import_ms=5.38 (perf-t1)
2026-08-18T14:48:25.502583+00:00   INFO pegaflow_server::registry: registry.rs:217 IPC import timing: device_id=3 size_bytes=533725184 import_ms=2.75 (perf-t1)
2026-08-18T14:48:25.510664+00:00   INFO pegaflow_server::registry: registry.rs:217 IPC import timing: device_id=3 size_bytes=533725184 import_ms=7.53 (perf-t1)
2026-08-18T14:48:25.513997+00:00   INFO pegaflow_server::registry: registry.rs:217 IPC import timing: device_id=3 size_bytes=533725184 import_ms=2.77 (perf-t1)
2026-08-18T14:48:25.517509+00:00   INFO pegaflow_server::registry: registry.rs:217 IPC import timing: device_id=3 size_bytes=533725184 import_ms=2.98 (perf-t1)
2026-08-18T14:48:25.521201+00:00   INFO pegaflow_server::registry: registry.rs:217 IPC import timing: device_id=3 size_bytes=533725184 import_ms=3.17 (perf-t1)
2026-08-18T14:48:25.524696+00:00   INFO pegaflow_server::registry: registry.rs:217 IPC import timing: device_id=3 size_bytes=533725184 import_ms=2.96 (perf-t1)
2026-08-18T14:48:25.528158+00:00   INFO pegaflow_server::registry: registry.rs:217 IPC import timing: device_id=3 size_bytes=533725184 import_ms=2.80 (perf-t1)
2026-08-18T14:48:25.531698+00:00   INFO pegaflow_server::registry: registry.rs:217 IPC import timing: device_id=3 size_bytes=533725184 import_ms=2.80 (perf-t1)
2026-08-18T14:48:25.535058+00:00   INFO pegaflow_server::registry: registry.rs:217 IPC import timing: device_id=3 size_bytes=533725184 import_ms=2.78 (perf-t1)
2026-08-18T14:48:25.538572+00:00   INFO pegaflow_server::registry: registry.rs:217 IPC import timing: device_id=3 size_bytes=533725184 import_ms=2.94 (perf-t1)
2026-08-18T14:48:25.542856+00:00   INFO pegaflow_server::registry: registry.rs:217 IPC import timing: device_id=3 size_bytes=533725184 import_ms=3.76 (perf-t1)
2026-08-18T14:48:25.546621+00:00   INFO pegaflow_server::registry: registry.rs:217 IPC import timing: device_id=3 size_bytes=533725184 import_ms=3.24 (perf-t1)
2026-08-18T14:48:25.550015+00:00   INFO pegaflow_server::registry: registry.rs:217 IPC import timing: device_id=3 size_bytes=533725184 import_ms=2.84 (perf-t1)
2026-08-18T14:48:25.553298+00:00   INFO pegaflow_server::registry: registry.rs:217 IPC import timing: device_id=3 size_bytes=533725184 import_ms=2.76 (perf-t1)
2026-08-18T14:48:25.556613+00:00   INFO pegaflow_server::registry: registry.rs:217 IPC import timing: device_id=3 size_bytes=533725184 import_ms=2.80 (perf-t1)
2026-08-18T14:48:25.559872+00:00   INFO pegaflow_server::registry: registry.rs:217 IPC import timing: device_id=3 size_bytes=533725184 import_ms=2.70 (perf-t1)
2026-08-18T14:48:25.563233+00:00   INFO pegaflow_server::registry: registry.rs:217 IPC import timing: device_id=3 size_bytes=533725184 import_ms=2.81 (perf-t1)
2026-08-18T14:48:25.566492+00:00   INFO pegaflow_server::registry: registry.rs:217 IPC import timing: device_id=3 size_bytes=533725184 import_ms=2.73 (perf-t1)
2026-08-18T14:48:25.570046+00:00   INFO pegaflow_server::registry: registry.rs:217 IPC import timing: device_id=3 size_bytes=533725184 import_ms=2.98 (perf-t1)
2026-08-18T14:48:25.573374+00:00   INFO pegaflow_server::registry: registry.rs:217 IPC import timing: device_id=3 size_bytes=533725184 import_ms=2.80 (perf-t1)
2026-08-18T14:48:25.578328+00:00   INFO pegaflow_server::registry: registry.rs:217 IPC import timing: device_id=3 size_bytes=533725184 import_ms=4.43 (perf-t1)
2026-08-18T14:48:25.582938+00:00   INFO pegaflow_core::gpu_worker: gpu_worker.rs:338 GPU worker initialized: device=3 backend=ascend_batch device_id=3
2026-08-18T14:48:25.583562+00:00   INFO pegaflow_core::gpu_worker: gpu_worker.rs:338 GPU worker initialized: device=3 backend=ascend_batch device_id=3
2026-08-18T14:48:25.583768+00:00   INFO pegaflow_core::gpu_worker: gpu_worker.rs:200 GPU worker pool started: device=3, numa_node=NUMA0, transfer_mode=AscendDirect
2026-08-18T14:48:25.584494+00:00   INFO pegaflow_core::instance: instance.rs:706 Sealed instance topology: instance=e522c545-a05a-4de8-853c-9993b5942964-7bda62c6488248798886f6aef6d859f2, num_layers=72, tp_size=1, world_size=1, total_slots=72
2026-08-18T14:48:25.584556+00:00   INFO pegaflow_core::instance: instance.rs:719 Initialized GPU context: device_id=3, numa_node=NUMA0
2026-08-18T14:48:25.584587+00:00   INFO pegaflow_core: lib.rs:452 Registered context batch: instance=e522c545-a05a-4de8-853c-9993b5942964-7bda62c6488248798886f6aef6d859f2, namespace=perf-t2-c4-i200-shared-c3, device=3, layers=72, tp_rank=0/1, pp_rank=0
2026-08-18T14:48:26.919998+00:00   INFO pegaflow_server::registry: registry.rs:217 IPC import timing: device_id=5 size_bytes=304087040 import_ms=2.45 (perf-t1)
2026-08-18T14:48:26.922975+00:00   INFO pegaflow_server::registry: registry.rs:217 IPC import timing: device_id=5 size_bytes=304087040 import_ms=2.07 (perf-t1)
2026-08-18T14:48:26.925923+00:00   INFO pegaflow_server::registry: registry.rs:217 IPC import timing: device_id=5 size_bytes=304087040 import_ms=2.36 (perf-t1)
2026-08-18T14:48:26.928559+00:00   INFO pegaflow_server::registry: registry.rs:217 IPC import timing: device_id=5 size_bytes=304087040 import_ms=2.02 (perf-t1)
2026-08-18T14:48:26.931115+00:00   INFO pegaflow_server::registry: registry.rs:217 IPC import timing: device_id=5 size_bytes=304087040 import_ms=2.01 (perf-t1)
2026-08-18T14:48:26.933592+00:00   INFO pegaflow_server::registry: registry.rs:217 IPC import timing: device_id=5 size_bytes=304087040 import_ms=1.97 (perf-t1)
2026-08-18T14:48:26.936287+00:00   INFO pegaflow_server::registry: registry.rs:217 IPC import timing: device_id=5 size_bytes=304087040 import_ms=2.07 (perf-t1)
2026-08-18T14:48:26.938804+00:00   INFO pegaflow_server::registry: registry.rs:217 IPC import timing: device_id=5 size_bytes=304087040 import_ms=1.92 (perf-t1)
2026-08-18T14:48:26.941412+00:00   INFO pegaflow_server::registry: registry.rs:217 IPC import timing: device_id=5 size_bytes=304087040 import_ms=2.06 (perf-t1)
2026-08-18T14:48:26.943924+00:00   INFO pegaflow_server::registry: registry.rs:217 IPC import timing: device_id=5 size_bytes=304087040 import_ms=1.95 (perf-t1)
2026-08-18T14:48:26.948204+00:00   INFO pegaflow_server::registry: registry.rs:217 IPC import timing: device_id=5 size_bytes=304087040 import_ms=3.74 (perf-t1)
2026-08-18T14:48:26.960348+00:00   INFO pegaflow_server::registry: registry.rs:217 IPC import timing: device_id=5 size_bytes=304087040 import_ms=11.60 (perf-t1)
2026-08-18T14:48:26.963075+00:00   INFO pegaflow_server::registry: registry.rs:217 IPC import timing: device_id=5 size_bytes=304087040 import_ms=2.08 (perf-t1)
2026-08-18T14:48:26.965624+00:00   INFO pegaflow_server::registry: registry.rs:217 IPC import timing: device_id=5 size_bytes=304087040 import_ms=2.02 (perf-t1)
2026-08-18T14:48:26.968047+00:00   INFO pegaflow_server::registry: registry.rs:217 IPC import timing: device_id=5 size_bytes=304087040 import_ms=1.89 (perf-t1)
2026-08-18T14:48:26.970462+00:00   INFO pegaflow_server::registry: registry.rs:217 IPC import timing: device_id=5 size_bytes=304087040 import_ms=1.81 (perf-t1)
2026-08-18T14:48:26.972931+00:00   INFO pegaflow_server::registry: registry.rs:217 IPC import timing: device_id=5 size_bytes=304087040 import_ms=1.93 (perf-t1)
2026-08-18T14:48:26.975286+00:00   INFO pegaflow_server::registry: registry.rs:217 IPC import timing: device_id=5 size_bytes=304087040 import_ms=1.83 (perf-t1)
2026-08-18T14:48:26.977799+00:00   INFO pegaflow_server::registry: registry.rs:217 IPC import timing: device_id=5 size_bytes=304087040 import_ms=1.97 (perf-t1)
2026-08-18T14:48:26.980153+00:00   INFO pegaflow_server::registry: registry.rs:217 IPC import timing: device_id=5 size_bytes=304087040 import_ms=1.84 (perf-t1)
2026-08-18T14:48:26.982618+00:00   INFO pegaflow_server::registry: registry.rs:217 IPC import timing: device_id=5 size_bytes=304087040 import_ms=1.91 (perf-t1)
2026-08-18T14:48:26.985050+00:00   INFO pegaflow_server::registry: registry.rs:217 IPC import timing: device_id=5 size_bytes=304087040 import_ms=1.88 (perf-t1)
2026-08-18T14:48:26.987495+00:00   INFO pegaflow_server::registry: registry.rs:217 IPC import timing: device_id=5 size_bytes=304087040 import_ms=1.91 (perf-t1)
2026-08-18T14:48:26.990109+00:00   INFO pegaflow_server::registry: registry.rs:217 IPC import timing: device_id=5 size_bytes=304087040 import_ms=2.09 (perf-t1)
2026-08-18T14:48:26.992759+00:00   INFO pegaflow_server::registry: registry.rs:217 IPC import timing: device_id=5 size_bytes=304087040 import_ms=2.08 (perf-t1)
2026-08-18T14:48:26.995203+00:00   INFO pegaflow_server::registry: registry.rs:217 IPC import timing: device_id=5 size_bytes=304087040 import_ms=1.92 (perf-t1)
2026-08-18T14:48:26.997640+00:00   INFO pegaflow_server::registry: registry.rs:217 IPC import timing: device_id=5 size_bytes=304087040 import_ms=1.92 (perf-t1)
2026-08-18T14:48:27.000058+00:00   INFO pegaflow_server::registry: registry.rs:217 IPC import timing: device_id=5 size_bytes=304087040 import_ms=1.87 (perf-t1)
2026-08-18T14:48:27.002559+00:00   INFO pegaflow_server::registry: registry.rs:217 IPC import timing: device_id=5 size_bytes=304087040 import_ms=1.97 (perf-t1)
2026-08-18T14:48:27.005609+00:00   INFO pegaflow_server::registry: registry.rs:217 IPC import timing: device_id=5 size_bytes=304087040 import_ms=2.50 (perf-t1)
2026-08-18T14:48:27.008775+00:00   INFO pegaflow_server::registry: registry.rs:217 IPC import timing: device_id=5 size_bytes=304087040 import_ms=2.62 (perf-t1)
2026-08-18T14:48:27.011633+00:00   INFO pegaflow_server::registry: registry.rs:217 IPC import timing: device_id=5 size_bytes=304087040 import_ms=2.33 (perf-t1)
2026-08-18T14:48:27.014198+00:00   INFO pegaflow_server::registry: registry.rs:217 IPC import timing: device_id=5 size_bytes=304087040 import_ms=2.04 (perf-t1)
2026-08-18T14:48:27.016627+00:00   INFO pegaflow_server::registry: registry.rs:217 IPC import timing: device_id=5 size_bytes=304087040 import_ms=1.86 (perf-t1)
2026-08-18T14:48:27.019117+00:00   INFO pegaflow_server::registry: registry.rs:217 IPC import timing: device_id=5 size_bytes=304087040 import_ms=1.98 (perf-t1)
2026-08-18T14:48:27.021862+00:00   INFO pegaflow_server::registry: registry.rs:217 IPC import timing: device_id=5 size_bytes=304087040 import_ms=2.03 (perf-t1)
2026-08-18T14:48:27.024422+00:00   INFO pegaflow_server::registry: registry.rs:217 IPC import timing: device_id=5 size_bytes=304087040 import_ms=2.01 (perf-t1)
2026-08-18T14:48:27.026782+00:00   INFO pegaflow_server::registry: registry.rs:217 IPC import timing: device_id=5 size_bytes=304087040 import_ms=1.84 (perf-t1)
2026-08-18T14:48:27.029367+00:00   INFO pegaflow_server::registry: registry.rs:217 IPC import timing: device_id=5 size_bytes=304087040 import_ms=2.08 (perf-t1)
2026-08-18T14:48:27.031749+00:00   INFO pegaflow_server::registry: registry.rs:217 IPC import timing: device_id=5 size_bytes=304087040 import_ms=1.84 (perf-t1)
2026-08-18T14:48:27.034191+00:00   INFO pegaflow_server::registry: registry.rs:217 IPC import timing: device_id=5 size_bytes=304087040 import_ms=1.94 (perf-t1)
2026-08-18T14:48:27.038793+00:00   INFO pegaflow_server::registry: registry.rs:217 IPC import timing: device_id=5 size_bytes=304087040 import_ms=4.09 (perf-t1)
2026-08-18T14:48:27.041333+00:00   INFO pegaflow_server::registry: registry.rs:217 IPC import timing: device_id=5 size_bytes=304087040 import_ms=1.97 (perf-t1)
2026-08-18T14:48:27.043722+00:00   INFO pegaflow_server::registry: registry.rs:217 IPC import timing: device_id=5 size_bytes=304087040 import_ms=1.87 (perf-t1)
2026-08-18T14:48:27.046202+00:00   INFO pegaflow_server::registry: registry.rs:217 IPC import timing: device_id=5 size_bytes=304087040 import_ms=1.97 (perf-t1)
2026-08-18T14:48:27.049255+00:00   INFO pegaflow_server::registry: registry.rs:217 IPC import timing: device_id=5 size_bytes=304087040 import_ms=2.49 (perf-t1)
2026-08-18T14:48:27.054972+00:00   INFO pegaflow_server::registry: registry.rs:217 IPC import timing: device_id=5 size_bytes=304087040 import_ms=5.17 (perf-t1)
2026-08-18T14:48:27.059421+00:00   INFO pegaflow_server::registry: registry.rs:217 IPC import timing: device_id=5 size_bytes=304087040 import_ms=3.92 (perf-t1)
2026-08-18T14:48:27.063506+00:00   INFO pegaflow_server::registry: registry.rs:217 IPC import timing: device_id=5 size_bytes=304087040 import_ms=3.51 (perf-t1)
2026-08-18T14:48:27.065910+00:00   INFO pegaflow_server::registry: registry.rs:217 IPC import timing: device_id=5 size_bytes=304087040 import_ms=1.87 (perf-t1)
2026-08-18T14:48:27.068438+00:00   INFO pegaflow_server::registry: registry.rs:217 IPC import timing: device_id=5 size_bytes=304087040 import_ms=2.00 (perf-t1)
2026-08-18T14:48:27.070912+00:00   INFO pegaflow_server::registry: registry.rs:217 IPC import timing: device_id=5 size_bytes=304087040 import_ms=1.94 (perf-t1)
2026-08-18T14:48:27.073475+00:00   INFO pegaflow_server::registry: registry.rs:217 IPC import timing: device_id=5 size_bytes=304087040 import_ms=1.96 (perf-t1)
2026-08-18T14:48:27.075802+00:00   INFO pegaflow_server::registry: registry.rs:217 IPC import timing: device_id=5 size_bytes=304087040 import_ms=1.81 (perf-t1)
2026-08-18T14:48:27.078309+00:00   INFO pegaflow_server::registry: registry.rs:217 IPC import timing: device_id=5 size_bytes=304087040 import_ms=1.99 (perf-t1)
2026-08-18T14:48:27.080729+00:00   INFO pegaflow_server::registry: registry.rs:217 IPC import timing: device_id=5 size_bytes=304087040 import_ms=1.84 (perf-t1)
2026-08-18T14:48:27.083202+00:00   INFO pegaflow_server::registry: registry.rs:217 IPC import timing: device_id=5 size_bytes=304087040 import_ms=1.93 (perf-t1)
2026-08-18T14:48:27.088560+00:00   INFO pegaflow_server::registry: registry.rs:217 IPC import timing: device_id=5 size_bytes=304087040 import_ms=4.73 (perf-t1)
2026-08-18T14:48:27.091090+00:00   INFO pegaflow_server::registry: registry.rs:217 IPC import timing: device_id=5 size_bytes=304087040 import_ms=1.95 (perf-t1)
2026-08-18T14:48:27.093676+00:00   INFO pegaflow_server::registry: registry.rs:217 IPC import timing: device_id=5 size_bytes=304087040 import_ms=2.07 (perf-t1)
2026-08-18T14:48:27.097049+00:00   INFO pegaflow_server::registry: registry.rs:217 IPC import timing: device_id=5 size_bytes=304087040 import_ms=2.84 (perf-t1)
2026-08-18T14:48:27.102756+00:00   INFO pegaflow_server::registry: registry.rs:217 IPC import timing: device_id=5 size_bytes=304087040 import_ms=5.13 (perf-t1)
2026-08-18T14:48:27.127031+00:00   INFO pegaflow_server::registry: registry.rs:217 IPC import timing: device_id=5 size_bytes=304087040 import_ms=23.72 (perf-t1)
2026-08-18T14:48:27.129641+00:00   INFO pegaflow_server::registry: registry.rs:217 IPC import timing: device_id=5 size_bytes=304087040 import_ms=1.99 (perf-t1)
2026-08-18T14:48:27.132208+00:00   INFO pegaflow_server::registry: registry.rs:217 IPC import timing: device_id=5 size_bytes=304087040 import_ms=1.95 (perf-t1)
2026-08-18T14:48:27.134582+00:00   INFO pegaflow_server::registry: registry.rs:217 IPC import timing: device_id=5 size_bytes=304087040 import_ms=1.84 (perf-t1)
2026-08-18T14:48:27.137510+00:00   INFO pegaflow_server::registry: registry.rs:217 IPC import timing: device_id=5 size_bytes=304087040 import_ms=2.31 (perf-t1)
2026-08-18T14:48:27.140118+00:00   INFO pegaflow_server::registry: registry.rs:217 IPC import timing: device_id=5 size_bytes=304087040 import_ms=2.02 (perf-t1)
2026-08-18T14:48:27.142686+00:00   INFO pegaflow_server::registry: registry.rs:217 IPC import timing: device_id=5 size_bytes=304087040 import_ms=2.01 (perf-t1)
2026-08-18T14:48:27.145094+00:00   INFO pegaflow_server::registry: registry.rs:217 IPC import timing: device_id=5 size_bytes=304087040 import_ms=1.88 (perf-t1)
2026-08-18T14:48:27.147525+00:00   INFO pegaflow_server::registry: registry.rs:217 IPC import timing: device_id=5 size_bytes=304087040 import_ms=1.88 (perf-t1)
2026-08-18T14:48:27.150093+00:00   INFO pegaflow_server::registry: registry.rs:217 IPC import timing: device_id=5 size_bytes=304087040 import_ms=2.06 (perf-t1)
2026-08-18T14:48:27.154003+00:00   INFO pegaflow_core::gpu_worker: gpu_worker.rs:338 GPU worker initialized: device=5 backend=ascend_batch device_id=5
2026-08-18T14:48:27.154144+00:00   INFO pegaflow_core::gpu_worker: gpu_worker.rs:338 GPU worker initialized: device=5 backend=ascend_batch device_id=5
2026-08-18T14:48:27.154460+00:00   INFO pegaflow_core::gpu_worker: gpu_worker.rs:200 GPU worker pool started: device=5, numa_node=NUMA2, transfer_mode=AscendDirect
2026-08-18T14:48:27.155231+00:00   INFO pegaflow_core::instance: instance.rs:706 Sealed instance topology: instance=af698b5f-fc4f-4270-be8a-5a6dff1232a7-60a94f7956924eb08d36aaa2eb0c7ccd, num_layers=72, tp_size=1, world_size=1, total_slots=72
2026-08-18T14:48:27.155288+00:00   INFO pegaflow_core::instance: instance.rs:719 Initialized GPU context: device_id=5, numa_node=NUMA2
2026-08-18T14:48:27.155320+00:00   INFO pegaflow_core: lib.rs:452 Registered context batch: instance=af698b5f-fc4f-4270-be8a-5a6dff1232a7-60a94f7956924eb08d36aaa2eb0c7ccd, namespace=perf-t2-c4-i200-shared-c3, device=5, layers=72, tp_rank=0/1, pp_rank=0
2026-08-18T14:48:28.969860+00:00   INFO pegaflow_server::registry: registry.rs:217 IPC import timing: device_id=7 size_bytes=297271296 import_ms=2.49 (perf-t1)
2026-08-18T14:48:28.973864+00:00   INFO pegaflow_server::registry: registry.rs:217 IPC import timing: device_id=7 size_bytes=297271296 import_ms=3.10 (perf-t1)
2026-08-18T14:48:28.976656+00:00   INFO pegaflow_server::registry: registry.rs:217 IPC import timing: device_id=7 size_bytes=297271296 import_ms=2.21 (perf-t1)
2026-08-18T14:48:28.979159+00:00   INFO pegaflow_server::registry: registry.rs:217 IPC import timing: device_id=7 size_bytes=297271296 import_ms=2.00 (perf-t1)
2026-08-18T14:48:28.981697+00:00   INFO pegaflow_server::registry: registry.rs:217 IPC import timing: device_id=7 size_bytes=297271296 import_ms=1.98 (perf-t1)
2026-08-18T14:48:28.984364+00:00   INFO pegaflow_server::registry: registry.rs:217 IPC import timing: device_id=7 size_bytes=297271296 import_ms=2.13 (perf-t1)
2026-08-18T14:48:28.986853+00:00   INFO pegaflow_server::registry: registry.rs:217 IPC import timing: device_id=7 size_bytes=297271296 import_ms=1.97 (perf-t1)
2026-08-18T14:48:28.989415+00:00   INFO pegaflow_server::registry: registry.rs:217 IPC import timing: device_id=7 size_bytes=297271296 import_ms=2.02 (perf-t1)
2026-08-18T14:48:28.992624+00:00   INFO pegaflow_server::registry: registry.rs:217 IPC import timing: device_id=7 size_bytes=297271296 import_ms=2.67 (perf-t1)
2026-08-18T14:48:28.995275+00:00   INFO pegaflow_server::registry: registry.rs:217 IPC import timing: device_id=7 size_bytes=297271296 import_ms=2.14 (perf-t1)
2026-08-18T14:48:28.997806+00:00   INFO pegaflow_server::registry: registry.rs:217 IPC import timing: device_id=7 size_bytes=297271296 import_ms=2.00 (perf-t1)
2026-08-18T14:48:29.000271+00:00   INFO pegaflow_server::registry: registry.rs:217 IPC import timing: device_id=7 size_bytes=297271296 import_ms=1.96 (perf-t1)
2026-08-18T14:48:29.002784+00:00   INFO pegaflow_server::registry: registry.rs:217 IPC import timing: device_id=7 size_bytes=297271296 import_ms=1.99 (perf-t1)
2026-08-18T14:48:29.005202+00:00   INFO pegaflow_server::registry: registry.rs:217 IPC import timing: device_id=7 size_bytes=297271296 import_ms=1.87 (perf-t1)
2026-08-18T14:48:29.007725+00:00   INFO pegaflow_server::registry: registry.rs:217 IPC import timing: device_id=7 size_bytes=297271296 import_ms=1.94 (perf-t1)
2026-08-18T14:48:29.011988+00:00   INFO pegaflow_server::registry: registry.rs:217 IPC import timing: device_id=7 size_bytes=297271296 import_ms=3.75 (perf-t1)
2026-08-18T14:48:29.014447+00:00   INFO pegaflow_server::registry: registry.rs:217 IPC import timing: device_id=7 size_bytes=297271296 import_ms=1.91 (perf-t1)
2026-08-18T14:48:29.016839+00:00   INFO pegaflow_server::registry: registry.rs:217 IPC import timing: device_id=7 size_bytes=297271296 import_ms=1.89 (perf-t1)
2026-08-18T14:48:29.019197+00:00   INFO pegaflow_server::registry: registry.rs:217 IPC import timing: device_id=7 size_bytes=297271296 import_ms=1.86 (perf-t1)
2026-08-18T14:48:29.021662+00:00   INFO pegaflow_server::registry: registry.rs:217 IPC import timing: device_id=7 size_bytes=297271296 import_ms=1.95 (perf-t1)
2026-08-18T14:48:29.024045+00:00   INFO pegaflow_server::registry: registry.rs:217 IPC import timing: device_id=7 size_bytes=297271296 import_ms=1.88 (perf-t1)
2026-08-18T14:48:29.026378+00:00   INFO pegaflow_server::registry: registry.rs:217 IPC import timing: device_id=7 size_bytes=297271296 import_ms=1.81 (perf-t1)
2026-08-18T14:48:29.028743+00:00   INFO pegaflow_server::registry: registry.rs:217 IPC import timing: device_id=7 size_bytes=297271296 import_ms=1.82 (perf-t1)
2026-08-18T14:48:29.031165+00:00   INFO pegaflow_server::registry: registry.rs:217 IPC import timing: device_id=7 size_bytes=297271296 import_ms=1.91 (perf-t1)
2026-08-18T14:48:29.033489+00:00   INFO pegaflow_server::registry: registry.rs:217 IPC import timing: device_id=7 size_bytes=297271296 import_ms=1.83 (perf-t1)
2026-08-18T14:48:29.035940+00:00   INFO pegaflow_server::registry: registry.rs:217 IPC import timing: device_id=7 size_bytes=297271296 import_ms=1.92 (perf-t1)
2026-08-18T14:48:29.038732+00:00   INFO pegaflow_server::registry: registry.rs:217 IPC import timing: device_id=7 size_bytes=297271296 import_ms=2.28 (perf-t1)
2026-08-18T14:48:29.041111+00:00   INFO pegaflow_server::registry: registry.rs:217 IPC import timing: device_id=7 size_bytes=297271296 import_ms=1.86 (perf-t1)
2026-08-18T14:48:29.044066+00:00   INFO pegaflow_server::registry: registry.rs:217 IPC import timing: device_id=7 size_bytes=297271296 import_ms=2.42 (perf-t1)
2026-08-18T14:48:29.047113+00:00   INFO pegaflow_server::registry: registry.rs:217 IPC import timing: device_id=7 size_bytes=297271296 import_ms=2.50 (perf-t1)
2026-08-18T14:48:29.067469+00:00   INFO pegaflow_server::registry: registry.rs:217 IPC import timing: device_id=7 size_bytes=297271296 import_ms=19.85 (perf-t1)
2026-08-18T14:48:29.070004+00:00   INFO pegaflow_server::registry: registry.rs:217 IPC import timing: device_id=7 size_bytes=297271296 import_ms=1.98 (perf-t1)
2026-08-18T14:48:29.072534+00:00   INFO pegaflow_server::registry: registry.rs:217 IPC import timing: device_id=7 size_bytes=297271296 import_ms=2.02 (perf-t1)
2026-08-18T14:48:29.074988+00:00   INFO pegaflow_server::registry: registry.rs:217 IPC import timing: device_id=7 size_bytes=297271296 import_ms=1.95 (perf-t1)
2026-08-18T14:48:29.077413+00:00   INFO pegaflow_server::registry: registry.rs:217 IPC import timing: device_id=7 size_bytes=297271296 import_ms=1.90 (perf-t1)
2026-08-18T14:48:29.079674+00:00   INFO pegaflow_server::registry: registry.rs:217 IPC import timing: device_id=7 size_bytes=297271296 import_ms=1.76 (perf-t1)
2026-08-18T14:48:29.082101+00:00   INFO pegaflow_server::registry: registry.rs:217 IPC import timing: device_id=7 size_bytes=297271296 import_ms=1.92 (perf-t1)
2026-08-18T14:48:29.087630+00:00   INFO pegaflow_server::registry: registry.rs:217 IPC import timing: device_id=7 size_bytes=297271296 import_ms=5.00 (perf-t1)
2026-08-18T14:48:29.089967+00:00   INFO pegaflow_server::registry: registry.rs:217 IPC import timing: device_id=7 size_bytes=297271296 import_ms=1.83 (perf-t1)
2026-08-18T14:48:29.092422+00:00   INFO pegaflow_server::registry: registry.rs:217 IPC import timing: device_id=7 size_bytes=297271296 import_ms=1.95 (perf-t1)
2026-08-18T14:48:29.095053+00:00   INFO pegaflow_server::registry: registry.rs:217 IPC import timing: device_id=7 size_bytes=297271296 import_ms=2.10 (perf-t1)
2026-08-18T14:48:29.097837+00:00   INFO pegaflow_server::registry: registry.rs:217 IPC import timing: device_id=7 size_bytes=297271296 import_ms=2.28 (perf-t1)
2026-08-18T14:48:29.100305+00:00   INFO pegaflow_server::registry: registry.rs:217 IPC import timing: device_id=7 size_bytes=297271296 import_ms=1.97 (perf-t1)
2026-08-18T14:48:29.102777+00:00   INFO pegaflow_server::registry: registry.rs:217 IPC import timing: device_id=7 size_bytes=297271296 import_ms=1.90 (perf-t1)
2026-08-18T14:48:29.105948+00:00   INFO pegaflow_server::registry: registry.rs:217 IPC import timing: device_id=7 size_bytes=297271296 import_ms=2.67 (perf-t1)
2026-08-18T14:48:29.110559+00:00   INFO pegaflow_server::registry: registry.rs:217 IPC import timing: device_id=7 size_bytes=297271296 import_ms=4.09 (perf-t1)
2026-08-18T14:48:29.113040+00:00   INFO pegaflow_server::registry: registry.rs:217 IPC import timing: device_id=7 size_bytes=297271296 import_ms=1.98 (perf-t1)
2026-08-18T14:48:29.115446+00:00   INFO pegaflow_server::registry: registry.rs:217 IPC import timing: device_id=7 size_bytes=297271296 import_ms=1.87 (perf-t1)
2026-08-18T14:48:29.121467+00:00   INFO pegaflow_server::registry: registry.rs:217 IPC import timing: device_id=7 size_bytes=297271296 import_ms=5.52 (perf-t1)
2026-08-18T14:48:29.124192+00:00   INFO pegaflow_server::registry: registry.rs:217 IPC import timing: device_id=7 size_bytes=297271296 import_ms=2.20 (perf-t1)
2026-08-18T14:48:29.126573+00:00   INFO pegaflow_server::registry: registry.rs:217 IPC import timing: device_id=7 size_bytes=297271296 import_ms=1.83 (perf-t1)
2026-08-18T14:48:29.129039+00:00   INFO pegaflow_server::registry: registry.rs:217 IPC import timing: device_id=7 size_bytes=297271296 import_ms=1.96 (perf-t1)
2026-08-18T14:48:29.131358+00:00   INFO pegaflow_server::registry: registry.rs:217 IPC import timing: device_id=7 size_bytes=297271296 import_ms=1.81 (perf-t1)
2026-08-18T14:48:29.133808+00:00   INFO pegaflow_server::registry: registry.rs:217 IPC import timing: device_id=7 size_bytes=297271296 import_ms=1.92 (perf-t1)
2026-08-18T14:48:29.136169+00:00   INFO pegaflow_server::registry: registry.rs:217 IPC import timing: device_id=7 size_bytes=297271296 import_ms=1.86 (perf-t1)
2026-08-18T14:48:29.138517+00:00   INFO pegaflow_server::registry: registry.rs:217 IPC import timing: device_id=7 size_bytes=297271296 import_ms=1.83 (perf-t1)
2026-08-18T14:48:29.140928+00:00   INFO pegaflow_server::registry: registry.rs:217 IPC import timing: device_id=7 size_bytes=297271296 import_ms=1.87 (perf-t1)
2026-08-18T14:48:29.143527+00:00   INFO pegaflow_server::registry: registry.rs:217 IPC import timing: device_id=7 size_bytes=297271296 import_ms=1.85 (perf-t1)
2026-08-18T14:48:29.146070+00:00   INFO pegaflow_server::registry: registry.rs:217 IPC import timing: device_id=7 size_bytes=297271296 import_ms=1.99 (perf-t1)
2026-08-18T14:48:29.148583+00:00   INFO pegaflow_server::registry: registry.rs:217 IPC import timing: device_id=7 size_bytes=297271296 import_ms=1.97 (perf-t1)
2026-08-18T14:48:29.151521+00:00   INFO pegaflow_server::registry: registry.rs:217 IPC import timing: device_id=7 size_bytes=297271296 import_ms=2.39 (perf-t1)
2026-08-18T14:48:29.154500+00:00   INFO pegaflow_server::registry: registry.rs:217 IPC import timing: device_id=7 size_bytes=297271296 import_ms=2.46 (perf-t1)
2026-08-18T14:48:29.157559+00:00   INFO pegaflow_server::registry: registry.rs:217 IPC import timing: device_id=7 size_bytes=297271296 import_ms=2.52 (perf-t1)
2026-08-18T14:48:29.159887+00:00   INFO pegaflow_server::registry: registry.rs:217 IPC import timing: device_id=7 size_bytes=297271296 import_ms=1.83 (perf-t1)
2026-08-18T14:48:29.162229+00:00   INFO pegaflow_server::registry: registry.rs:217 IPC import timing: device_id=7 size_bytes=297271296 import_ms=1.82 (perf-t1)
2026-08-18T14:48:29.164814+00:00   INFO pegaflow_server::registry: registry.rs:217 IPC import timing: device_id=7 size_bytes=297271296 import_ms=2.05 (perf-t1)
2026-08-18T14:48:29.167154+00:00   INFO pegaflow_server::registry: registry.rs:217 IPC import timing: device_id=7 size_bytes=297271296 import_ms=1.83 (perf-t1)
2026-08-18T14:48:29.169502+00:00   INFO pegaflow_server::registry: registry.rs:217 IPC import timing: device_id=7 size_bytes=297271296 import_ms=1.86 (perf-t1)
2026-08-18T14:48:29.171869+00:00   INFO pegaflow_server::registry: registry.rs:217 IPC import timing: device_id=7 size_bytes=297271296 import_ms=1.84 (perf-t1)
2026-08-18T14:48:29.174217+00:00   INFO pegaflow_server::registry: registry.rs:217 IPC import timing: device_id=7 size_bytes=297271296 import_ms=1.81 (perf-t1)
2026-08-18T14:48:29.176640+00:00   INFO pegaflow_server::registry: registry.rs:217 IPC import timing: device_id=7 size_bytes=297271296 import_ms=1.91 (perf-t1)
2026-08-18T14:48:29.179101+00:00   INFO pegaflow_server::registry: registry.rs:217 IPC import timing: device_id=7 size_bytes=297271296 import_ms=1.93 (perf-t1)
2026-08-18T14:48:29.183022+00:00   INFO pegaflow_core::gpu_worker: gpu_worker.rs:338 GPU worker initialized: device=7 backend=ascend_batch device_id=7
2026-08-18T14:48:29.183350+00:00   INFO pegaflow_core::gpu_worker: gpu_worker.rs:338 GPU worker initialized: device=7 backend=ascend_batch device_id=7
2026-08-18T14:48:29.183630+00:00   INFO pegaflow_core::gpu_worker: gpu_worker.rs:200 GPU worker pool started: device=7, numa_node=NUMA2, transfer_mode=AscendDirect
2026-08-18T14:48:29.184361+00:00   INFO pegaflow_core::instance: instance.rs:706 Sealed instance topology: instance=ea197146-03b6-4c6c-aa1e-7dc6175fa5a2-3e4e6d06d5d149a08914d3799afcd8e0, num_layers=72, tp_size=1, world_size=1, total_slots=72
2026-08-18T14:48:29.184428+00:00   INFO pegaflow_core::instance: instance.rs:719 Initialized GPU context: device_id=7, numa_node=NUMA2
2026-08-18T14:48:29.184459+00:00   INFO pegaflow_core: lib.rs:452 Registered context batch: instance=ea197146-03b6-4c6c-aa1e-7dc6175fa5a2-3e4e6d06d5d149a08914d3799afcd8e0, namespace=perf-t2-c4-i200-shared-c1, device=7, layers=72, tp_rank=0/1, pp_rank=0
2026-08-18T14:48:32.777791+00:00   INFO pegaflow_server::registry: registry.rs:217 IPC import timing: device_id=0 size_bytes=94896128 import_ms=60.45 (perf-t1)
2026-08-18T14:48:32.780010+00:00   INFO pegaflow_server::registry: registry.rs:217 IPC import timing: device_id=0 size_bytes=94896128 import_ms=1.31 (perf-t1)
2026-08-18T14:48:32.781920+00:00   INFO pegaflow_server::registry: registry.rs:217 IPC import timing: device_id=0 size_bytes=94896128 import_ms=1.25 (perf-t1)
2026-08-18T14:48:32.783605+00:00   INFO pegaflow_server::registry: registry.rs:217 IPC import timing: device_id=0 size_bytes=94896128 import_ms=1.14 (perf-t1)
2026-08-18T14:48:32.825673+00:00   INFO pegaflow_server::registry: registry.rs:217 IPC import timing: device_id=0 size_bytes=94896128 import_ms=41.52 (perf-t1)
2026-08-18T14:48:32.827415+00:00   INFO pegaflow_server::registry: registry.rs:217 IPC import timing: device_id=0 size_bytes=94896128 import_ms=1.15 (perf-t1)
2026-08-18T14:48:32.829235+00:00   INFO pegaflow_server::registry: registry.rs:217 IPC import timing: device_id=0 size_bytes=94896128 import_ms=1.28 (perf-t1)
2026-08-18T14:48:32.830790+00:00   INFO pegaflow_server::registry: registry.rs:217 IPC import timing: device_id=0 size_bytes=94896128 import_ms=1.01 (perf-t1)
2026-08-18T14:48:32.875249+00:00   INFO pegaflow_server::registry: registry.rs:217 IPC import timing: device_id=0 size_bytes=94896128 import_ms=43.89 (perf-t1)
2026-08-18T14:48:32.877582+00:00   INFO pegaflow_server::registry: registry.rs:217 IPC import timing: device_id=0 size_bytes=94896128 import_ms=1.79 (perf-t1)
2026-08-18T14:48:32.879299+00:00   INFO pegaflow_server::registry: registry.rs:217 IPC import timing: device_id=0 size_bytes=94896128 import_ms=1.19 (perf-t1)
2026-08-18T14:48:32.880863+00:00   INFO pegaflow_server::registry: registry.rs:217 IPC import timing: device_id=0 size_bytes=94896128 import_ms=1.01 (perf-t1)
2026-08-18T14:48:32.921570+00:00   INFO pegaflow_server::registry: registry.rs:217 IPC import timing: device_id=0 size_bytes=94896128 import_ms=40.18 (perf-t1)
2026-08-18T14:48:32.923229+00:00   INFO pegaflow_server::registry: registry.rs:217 IPC import timing: device_id=0 size_bytes=94896128 import_ms=1.11 (perf-t1)
2026-08-18T14:48:32.924875+00:00   INFO pegaflow_server::registry: registry.rs:217 IPC import timing: device_id=0 size_bytes=94896128 import_ms=1.09 (perf-t1)
2026-08-18T14:48:32.926438+00:00   INFO pegaflow_server::registry: registry.rs:217 IPC import timing: device_id=0 size_bytes=94896128 import_ms=1.00 (perf-t1)
2026-08-18T14:48:32.969516+00:00   INFO pegaflow_server::registry: registry.rs:217 IPC import timing: device_id=0 size_bytes=94896128 import_ms=42.56 (perf-t1)
2026-08-18T14:48:32.971331+00:00   INFO pegaflow_server::registry: registry.rs:217 IPC import timing: device_id=0 size_bytes=94896128 import_ms=1.17 (perf-t1)
2026-08-18T14:48:32.973041+00:00   INFO pegaflow_server::registry: registry.rs:217 IPC import timing: device_id=0 size_bytes=94896128 import_ms=1.15 (perf-t1)
2026-08-18T14:48:32.974673+00:00   INFO pegaflow_server::registry: registry.rs:217 IPC import timing: device_id=0 size_bytes=94896128 import_ms=1.09 (perf-t1)
2026-08-18T14:48:33.017457+00:00   INFO pegaflow_server::registry: registry.rs:217 IPC import timing: device_id=0 size_bytes=94896128 import_ms=42.23 (perf-t1)
2026-08-18T14:48:33.019357+00:00   INFO pegaflow_server::registry: registry.rs:217 IPC import timing: device_id=0 size_bytes=94896128 import_ms=1.25 (perf-t1)
2026-08-18T14:48:33.020855+00:00   INFO pegaflow_server::registry: registry.rs:217 IPC import timing: device_id=0 size_bytes=94896128 import_ms=0.97 (perf-t1)
2026-08-18T14:48:33.022452+00:00   INFO pegaflow_server::registry: registry.rs:217 IPC import timing: device_id=0 size_bytes=94896128 import_ms=1.04 (perf-t1)
2026-08-18T14:48:33.065435+00:00   INFO pegaflow_server::registry: registry.rs:217 IPC import timing: device_id=0 size_bytes=94896128 import_ms=42.47 (perf-t1)
2026-08-18T14:48:33.067353+00:00   INFO pegaflow_server::registry: registry.rs:217 IPC import timing: device_id=0 size_bytes=94896128 import_ms=1.22 (perf-t1)
2026-08-18T14:48:33.068997+00:00   INFO pegaflow_server::registry: registry.rs:217 IPC import timing: device_id=0 size_bytes=94896128 import_ms=1.06 (perf-t1)
2026-08-18T14:48:33.070661+00:00   INFO pegaflow_server::registry: registry.rs:217 IPC import timing: device_id=0 size_bytes=94896128 import_ms=1.14 (perf-t1)
2026-08-18T14:48:33.118267+00:00   INFO pegaflow_server::registry: registry.rs:217 IPC import timing: device_id=0 size_bytes=94896128 import_ms=47.08 (perf-t1)
2026-08-18T14:48:33.120112+00:00   INFO pegaflow_server::registry: registry.rs:217 IPC import timing: device_id=0 size_bytes=94896128 import_ms=1.19 (perf-t1)
2026-08-18T14:48:33.121731+00:00   INFO pegaflow_server::registry: registry.rs:217 IPC import timing: device_id=0 size_bytes=94896128 import_ms=1.06 (perf-t1)
2026-08-18T14:48:33.123494+00:00   INFO pegaflow_server::registry: registry.rs:217 IPC import timing: device_id=0 size_bytes=94896128 import_ms=1.25 (perf-t1)
2026-08-18T14:48:33.165423+00:00   INFO pegaflow_server::registry: registry.rs:217 IPC import timing: device_id=0 size_bytes=94896128 import_ms=41.38 (perf-t1)
2026-08-18T14:48:33.167229+00:00   INFO pegaflow_server::registry: registry.rs:217 IPC import timing: device_id=0 size_bytes=94896128 import_ms=1.11 (perf-t1)
2026-08-18T14:48:33.168853+00:00   INFO pegaflow_server::registry: registry.rs:217 IPC import timing: device_id=0 size_bytes=94896128 import_ms=1.08 (perf-t1)
2026-08-18T14:48:33.170487+00:00   INFO pegaflow_server::registry: registry.rs:217 IPC import timing: device_id=0 size_bytes=94896128 import_ms=1.08 (perf-t1)
2026-08-18T14:48:33.213552+00:00   INFO pegaflow_server::registry: registry.rs:217 IPC import timing: device_id=0 size_bytes=94896128 import_ms=42.56 (perf-t1)
2026-08-18T14:48:33.215255+00:00   INFO pegaflow_server::registry: registry.rs:217 IPC import timing: device_id=0 size_bytes=94896128 import_ms=1.17 (perf-t1)
2026-08-18T14:48:33.216991+00:00   INFO pegaflow_server::registry: registry.rs:217 IPC import timing: device_id=0 size_bytes=94896128 import_ms=1.18 (perf-t1)
2026-08-18T14:48:33.218391+00:00   INFO pegaflow_server::registry: registry.rs:217 IPC import timing: device_id=0 size_bytes=94896128 import_ms=0.89 (perf-t1)
2026-08-18T14:48:33.258703+00:00   INFO pegaflow_server::registry: registry.rs:217 IPC import timing: device_id=0 size_bytes=94896128 import_ms=39.81 (perf-t1)
2026-08-18T14:48:33.260184+00:00   INFO pegaflow_server::registry: registry.rs:217 IPC import timing: device_id=0 size_bytes=94896128 import_ms=0.94 (perf-t1)
2026-08-18T14:48:33.261819+00:00   INFO pegaflow_server::registry: registry.rs:217 IPC import timing: device_id=0 size_bytes=94896128 import_ms=1.05 (perf-t1)
2026-08-18T14:48:33.263316+00:00   INFO pegaflow_server::registry: registry.rs:217 IPC import timing: device_id=0 size_bytes=94896128 import_ms=0.98 (perf-t1)
2026-08-18T14:48:33.302035+00:00   INFO pegaflow_server::registry: registry.rs:217 IPC import timing: device_id=0 size_bytes=94896128 import_ms=38.22 (perf-t1)
2026-08-18T14:48:33.303914+00:00   INFO pegaflow_server::registry: registry.rs:217 IPC import timing: device_id=0 size_bytes=94896128 import_ms=1.27 (perf-t1)
2026-08-18T14:48:33.305841+00:00   INFO pegaflow_server::registry: registry.rs:217 IPC import timing: device_id=0 size_bytes=94896128 import_ms=1.37 (perf-t1)
2026-08-18T14:48:33.307407+00:00   INFO pegaflow_server::registry: registry.rs:217 IPC import timing: device_id=0 size_bytes=94896128 import_ms=1.04 (perf-t1)
2026-08-18T14:48:33.339279+00:00   INFO pegaflow_server::registry: registry.rs:217 IPC import timing: device_id=0 size_bytes=94896128 import_ms=31.32 (perf-t1)
2026-08-18T14:48:33.340887+00:00   INFO pegaflow_server::registry: registry.rs:217 IPC import timing: device_id=0 size_bytes=94896128 import_ms=1.00 (perf-t1)
2026-08-18T14:48:33.342525+00:00   INFO pegaflow_server::registry: registry.rs:217 IPC import timing: device_id=0 size_bytes=94896128 import_ms=1.09 (perf-t1)
2026-08-18T14:48:33.344081+00:00   INFO pegaflow_server::registry: registry.rs:217 IPC import timing: device_id=0 size_bytes=94896128 import_ms=1.00 (perf-t1)
2026-08-18T14:48:33.379719+00:00   INFO pegaflow_server::registry: registry.rs:217 IPC import timing: device_id=0 size_bytes=94896128 import_ms=35.08 (perf-t1)
2026-08-18T14:48:33.381694+00:00   INFO pegaflow_server::registry: registry.rs:217 IPC import timing: device_id=0 size_bytes=94896128 import_ms=1.20 (perf-t1)
2026-08-18T14:48:33.383503+00:00   INFO pegaflow_server::registry: registry.rs:217 IPC import timing: device_id=0 size_bytes=94896128 import_ms=1.19 (perf-t1)
2026-08-18T14:48:33.385039+00:00   INFO pegaflow_server::registry: registry.rs:217 IPC import timing: device_id=0 size_bytes=94896128 import_ms=0.99 (perf-t1)
2026-08-18T14:48:33.423687+00:00   INFO pegaflow_server::registry: registry.rs:217 IPC import timing: device_id=0 size_bytes=94896128 import_ms=38.11 (perf-t1)
2026-08-18T14:48:33.425669+00:00   INFO pegaflow_server::registry: registry.rs:217 IPC import timing: device_id=0 size_bytes=94896128 import_ms=1.21 (perf-t1)
2026-08-18T14:48:33.427177+00:00   INFO pegaflow_server::registry: registry.rs:217 IPC import timing: device_id=0 size_bytes=94896128 import_ms=0.97 (perf-t1)
2026-08-18T14:48:33.428821+00:00   INFO pegaflow_server::registry: registry.rs:217 IPC import timing: device_id=0 size_bytes=94896128 import_ms=1.12 (perf-t1)
2026-08-18T14:48:33.431079+00:00   INFO pegaflow_server::registry: registry.rs:217 IPC import timing: device_id=0 size_bytes=94896128 import_ms=1.70 (perf-t1)
2026-08-18T14:48:33.432855+00:00   INFO pegaflow_server::registry: registry.rs:217 IPC import timing: device_id=0 size_bytes=94896128 import_ms=1.25 (perf-t1)
2026-08-18T14:48:33.434550+00:00   INFO pegaflow_server::registry: registry.rs:217 IPC import timing: device_id=0 size_bytes=94896128 import_ms=1.17 (perf-t1)
2026-08-18T14:48:33.436202+00:00   INFO pegaflow_server::registry: registry.rs:217 IPC import timing: device_id=0 size_bytes=94896128 import_ms=1.10 (perf-t1)
2026-08-18T14:48:33.438011+00:00   INFO pegaflow_server::registry: registry.rs:217 IPC import timing: device_id=0 size_bytes=94896128 import_ms=1.24 (perf-t1)
2026-08-18T14:48:33.439692+00:00   INFO pegaflow_server::registry: registry.rs:217 IPC import timing: device_id=0 size_bytes=94896128 import_ms=1.10 (perf-t1)
2026-08-18T14:48:33.441264+00:00   INFO pegaflow_server::registry: registry.rs:217 IPC import timing: device_id=0 size_bytes=94896128 import_ms=0.99 (perf-t1)
2026-08-18T14:48:33.442973+00:00   INFO pegaflow_server::registry: registry.rs:217 IPC import timing: device_id=0 size_bytes=94896128 import_ms=1.14 (perf-t1)
2026-08-18T14:48:33.444708+00:00   INFO pegaflow_server::registry: registry.rs:217 IPC import timing: device_id=0 size_bytes=94896128 import_ms=1.22 (perf-t1)
2026-08-18T14:48:33.446398+00:00   INFO pegaflow_server::registry: registry.rs:217 IPC import timing: device_id=0 size_bytes=94896128 import_ms=1.13 (perf-t1)
2026-08-18T14:48:33.447846+00:00   INFO pegaflow_server::registry: registry.rs:217 IPC import timing: device_id=0 size_bytes=94896128 import_ms=0.95 (perf-t1)
2026-08-18T14:48:33.449536+00:00   INFO pegaflow_server::registry: registry.rs:217 IPC import timing: device_id=0 size_bytes=94896128 import_ms=1.17 (perf-t1)
2026-08-18T14:48:33.453528+00:00   INFO pegaflow_core::gpu_worker: gpu_worker.rs:338 GPU worker initialized: device=0 backend=ascend_batch device_id=0
2026-08-18T14:48:33.453735+00:00   INFO pegaflow_core::gpu_worker: gpu_worker.rs:338 GPU worker initialized: device=0 backend=ascend_batch device_id=0
2026-08-18T14:48:33.454000+00:00   INFO pegaflow_core::gpu_worker: gpu_worker.rs:200 GPU worker pool started: device=0, numa_node=NUMA6, transfer_mode=AscendDirect
2026-08-18T14:48:33.454471+00:00   INFO pegaflow_server::registry: registry.rs:217 IPC import timing: device_id=0 size_bytes=298844160 import_ms=4.21 (perf-t1)
2026-08-18T14:48:33.454669+00:00   INFO pegaflow_core::instance: instance.rs:706 Sealed instance topology: instance=8c498a12-b7d9-4e44-80cd-a5656d3b4827-114332cb152c4db195d93b049d7150e2, num_layers=72, tp_size=1, world_size=1, total_slots=72
2026-08-18T14:48:33.454718+00:00   INFO pegaflow_core::instance: instance.rs:719 Initialized GPU context: device_id=0, numa_node=NUMA6
2026-08-18T14:48:33.454747+00:00   INFO pegaflow_core: lib.rs:452 Registered context batch: instance=8c498a12-b7d9-4e44-80cd-a5656d3b4827-114332cb152c4db195d93b049d7150e2, namespace=perf-t2-c4-i200-shared-c3, device=0, layers=72, tp_rank=0/1, pp_rank=0
2026-08-18T14:48:33.460632+00:00   INFO pegaflow_server::registry: registry.rs:217 IPC import timing: device_id=0 size_bytes=298844160 import_ms=5.62 (perf-t1)
2026-08-18T14:48:33.463717+00:00   INFO pegaflow_server::registry: registry.rs:217 IPC import timing: device_id=0 size_bytes=298844160 import_ms=2.56 (perf-t1)
2026-08-18T14:48:33.466556+00:00   INFO pegaflow_server::registry: registry.rs:217 IPC import timing: device_id=0 size_bytes=298844160 import_ms=2.29 (perf-t1)
2026-08-18T14:48:33.469489+00:00   INFO pegaflow_server::registry: registry.rs:217 IPC import timing: device_id=0 size_bytes=298844160 import_ms=2.40 (perf-t1)
2026-08-18T14:48:33.472240+00:00   INFO pegaflow_server::registry: registry.rs:217 IPC import timing: device_id=0 size_bytes=298844160 import_ms=2.24 (perf-t1)
2026-08-18T14:48:33.475159+00:00   INFO pegaflow_server::registry: registry.rs:217 IPC import timing: device_id=0 size_bytes=298844160 import_ms=2.37 (perf-t1)
2026-08-18T14:48:33.477850+00:00   INFO pegaflow_server::registry: registry.rs:217 IPC import timing: device_id=0 size_bytes=298844160 import_ms=2.18 (perf-t1)
2026-08-18T14:48:33.480735+00:00   INFO pegaflow_server::registry: registry.rs:217 IPC import timing: device_id=0 size_bytes=298844160 import_ms=2.36 (perf-t1)
2026-08-18T14:48:33.484240+00:00   INFO pegaflow_server::registry: registry.rs:217 IPC import timing: device_id=0 size_bytes=298844160 import_ms=2.96 (perf-t1)
2026-08-18T14:48:33.488733+00:00   INFO pegaflow_server::registry: registry.rs:217 IPC import timing: device_id=0 size_bytes=298844160 import_ms=3.97 (perf-t1)
2026-08-18T14:48:33.492461+00:00   INFO pegaflow_server::registry: registry.rs:217 IPC import timing: device_id=0 size_bytes=298844160 import_ms=3.19 (perf-t1)
2026-08-18T14:48:33.495670+00:00   INFO pegaflow_server::registry: registry.rs:217 IPC import timing: device_id=0 size_bytes=298844160 import_ms=2.65 (perf-t1)
2026-08-18T14:48:33.499052+00:00   INFO pegaflow_server::registry: registry.rs:217 IPC import timing: device_id=0 size_bytes=298844160 import_ms=2.87 (perf-t1)
2026-08-18T14:48:33.501738+00:00   INFO pegaflow_server::registry: registry.rs:217 IPC import timing: device_id=0 size_bytes=298844160 import_ms=2.18 (perf-t1)
2026-08-18T14:48:33.504832+00:00   INFO pegaflow_server::registry: registry.rs:217 IPC import timing: device_id=0 size_bytes=298844160 import_ms=2.53 (perf-t1)
2026-08-18T14:48:33.509712+00:00   INFO pegaflow_server::registry: registry.rs:217 IPC import timing: device_id=0 size_bytes=298844160 import_ms=4.36 (perf-t1)
2026-08-18T14:48:34.465725+00:00   INFO pegaflow_server::registry: registry.rs:217 IPC import timing: device_id=0 size_bytes=298844160 import_ms=955.49 (perf-t1)
2026-08-18T14:48:35.297748+00:00   INFO pegaflow_server::registry: registry.rs:217 IPC import timing: device_id=0 size_bytes=298844160 import_ms=830.92 (perf-t1)
2026-08-18T14:48:35.339970+00:00   INFO pegaflow_server::registry: registry.rs:217 IPC import timing: device_id=0 size_bytes=298844160 import_ms=41.20 (perf-t1)
2026-08-18T14:48:36.961049+00:00   INFO pegaflow_server::registry: registry.rs:217 IPC import timing: device_id=0 size_bytes=298844160 import_ms=1620.43 (perf-t1)
2026-08-18T14:48:36.965056+00:00   INFO pegaflow_server::registry: registry.rs:217 IPC import timing: device_id=0 size_bytes=298844160 import_ms=2.45 (perf-t1)
2026-08-18T14:48:36.968184+00:00   INFO pegaflow_server::registry: registry.rs:217 IPC import timing: device_id=0 size_bytes=298844160 import_ms=2.03 (perf-t1)
2026-08-18T14:48:36.970707+00:00   INFO pegaflow_server::registry: registry.rs:217 IPC import timing: device_id=0 size_bytes=298844160 import_ms=1.90 (perf-t1)
2026-08-18T14:48:36.973241+00:00   INFO pegaflow_server::registry: registry.rs:217 IPC import timing: device_id=0 size_bytes=298844160 import_ms=1.95 (perf-t1)
2026-08-18T14:48:36.975816+00:00   INFO pegaflow_server::registry: registry.rs:217 IPC import timing: device_id=0 size_bytes=298844160 import_ms=2.02 (perf-t1)
2026-08-18T14:48:36.978324+00:00   INFO pegaflow_server::registry: registry.rs:217 IPC import timing: device_id=0 size_bytes=298844160 import_ms=1.95 (perf-t1)
2026-08-18T14:48:36.981058+00:00   INFO pegaflow_server::registry: registry.rs:217 IPC import timing: device_id=0 size_bytes=298844160 import_ms=2.14 (perf-t1)
2026-08-18T14:48:36.986789+00:00   INFO pegaflow_server::registry: registry.rs:217 IPC import timing: device_id=0 size_bytes=298844160 import_ms=5.13 (perf-t1)
2026-08-18T14:48:36.989579+00:00   INFO pegaflow_server::registry: registry.rs:217 IPC import timing: device_id=0 size_bytes=298844160 import_ms=2.19 (perf-t1)
2026-08-18T14:48:36.992290+00:00   INFO pegaflow_server::registry: registry.rs:217 IPC import timing: device_id=0 size_bytes=298844160 import_ms=2.13 (perf-t1)
2026-08-18T14:48:36.994939+00:00   INFO pegaflow_server::registry: registry.rs:217 IPC import timing: device_id=0 size_bytes=298844160 import_ms=2.10 (perf-t1)
2026-08-18T14:48:36.997637+00:00   INFO pegaflow_server::registry: registry.rs:217 IPC import timing: device_id=0 size_bytes=298844160 import_ms=2.17 (perf-t1)
2026-08-18T14:48:37.000998+00:00   INFO pegaflow_server::registry: registry.rs:217 IPC import timing: device_id=0 size_bytes=298844160 import_ms=2.79 (perf-t1)
2026-08-18T14:48:37.004206+00:00   INFO pegaflow_server::registry: registry.rs:217 IPC import timing: device_id=0 size_bytes=298844160 import_ms=2.64 (perf-t1)
2026-08-18T14:48:37.006884+00:00   INFO pegaflow_server::registry: registry.rs:217 IPC import timing: device_id=0 size_bytes=298844160 import_ms=2.12 (perf-t1)
2026-08-18T14:48:37.012055+00:00   INFO pegaflow_server::registry: registry.rs:217 IPC import timing: device_id=0 size_bytes=298844160 import_ms=4.65 (perf-t1)
2026-08-18T14:48:37.014847+00:00   INFO pegaflow_server::registry: registry.rs:217 IPC import timing: device_id=0 size_bytes=298844160 import_ms=2.21 (perf-t1)
2026-08-18T14:48:37.017447+00:00   INFO pegaflow_server::registry: registry.rs:217 IPC import timing: device_id=0 size_bytes=298844160 import_ms=2.08 (perf-t1)
2026-08-18T14:48:37.020073+00:00   INFO pegaflow_server::registry: registry.rs:217 IPC import timing: device_id=0 size_bytes=298844160 import_ms=2.09 (perf-t1)
2026-08-18T14:48:37.022670+00:00   INFO pegaflow_server::registry: registry.rs:217 IPC import timing: device_id=0 size_bytes=298844160 import_ms=2.04 (perf-t1)
2026-08-18T14:48:37.027733+00:00   INFO pegaflow_server::registry: registry.rs:217 IPC import timing: device_id=0 size_bytes=298844160 import_ms=4.54 (perf-t1)
2026-08-18T14:48:37.030324+00:00   INFO pegaflow_server::registry: registry.rs:217 IPC import timing: device_id=0 size_bytes=298844160 import_ms=2.07 (perf-t1)
2026-08-18T14:48:37.033171+00:00   INFO pegaflow_server::registry: registry.rs:217 IPC import timing: device_id=0 size_bytes=298844160 import_ms=2.29 (perf-t1)
2026-08-18T14:48:37.035830+00:00   INFO pegaflow_server::registry: registry.rs:217 IPC import timing: device_id=0 size_bytes=298844160 import_ms=2.14 (perf-t1)
2026-08-18T14:48:37.038848+00:00   INFO pegaflow_server::registry: registry.rs:217 IPC import timing: device_id=0 size_bytes=298844160 import_ms=2.48 (perf-t1)
2026-08-18T14:48:37.041449+00:00   INFO pegaflow_server::registry: registry.rs:217 IPC import timing: device_id=0 size_bytes=298844160 import_ms=2.05 (perf-t1)
2026-08-18T14:48:37.044090+00:00   INFO pegaflow_server::registry: registry.rs:217 IPC import timing: device_id=0 size_bytes=298844160 import_ms=2.11 (perf-t1)
2026-08-18T14:48:37.047008+00:00   INFO pegaflow_server::registry: registry.rs:217 IPC import timing: device_id=0 size_bytes=298844160 import_ms=2.38 (perf-t1)
2026-08-18T14:48:37.050535+00:00   INFO pegaflow_server::registry: registry.rs:217 IPC import timing: device_id=0 size_bytes=298844160 import_ms=2.92 (perf-t1)
2026-08-18T14:48:37.054549+00:00   INFO pegaflow_server::registry: registry.rs:217 IPC import timing: device_id=0 size_bytes=298844160 import_ms=3.49 (perf-t1)
2026-08-18T14:48:37.060145+00:00   INFO pegaflow_server::registry: registry.rs:217 IPC import timing: device_id=0 size_bytes=298844160 import_ms=5.08 (perf-t1)
2026-08-18T14:48:37.063352+00:00   INFO pegaflow_server::registry: registry.rs:217 IPC import timing: device_id=0 size_bytes=298844160 import_ms=2.63 (perf-t1)
2026-08-18T14:48:37.066087+00:00   INFO pegaflow_server::registry: registry.rs:217 IPC import timing: device_id=0 size_bytes=298844160 import_ms=2.19 (perf-t1)
2026-08-18T14:48:37.068720+00:00   INFO pegaflow_server::registry: registry.rs:217 IPC import timing: device_id=0 size_bytes=298844160 import_ms=2.11 (perf-t1)
2026-08-18T14:48:37.071313+00:00   INFO pegaflow_server::registry: registry.rs:217 IPC import timing: device_id=0 size_bytes=298844160 import_ms=2.05 (perf-t1)
2026-08-18T14:48:37.073856+00:00   INFO pegaflow_server::registry: registry.rs:217 IPC import timing: device_id=0 size_bytes=298844160 import_ms=2.03 (perf-t1)
2026-08-18T14:48:37.076776+00:00   INFO pegaflow_server::registry: registry.rs:217 IPC import timing: device_id=0 size_bytes=298844160 import_ms=2.29 (perf-t1)
2026-08-18T14:48:37.079512+00:00   INFO pegaflow_server::registry: registry.rs:217 IPC import timing: device_id=0 size_bytes=298844160 import_ms=2.18 (perf-t1)
2026-08-18T14:48:37.082164+00:00   INFO pegaflow_server::registry: registry.rs:217 IPC import timing: device_id=0 size_bytes=298844160 import_ms=2.14 (perf-t1)
2026-08-18T14:48:37.084789+00:00   INFO pegaflow_server::registry: registry.rs:217 IPC import timing: device_id=0 size_bytes=298844160 import_ms=2.08 (perf-t1)
2026-08-18T14:48:37.089522+00:00   INFO pegaflow_server::registry: registry.rs:217 IPC import timing: device_id=0 size_bytes=298844160 import_ms=2.52 (perf-t1)
2026-08-18T14:48:37.092082+00:00   INFO pegaflow_server::registry: registry.rs:217 IPC import timing: device_id=0 size_bytes=298844160 import_ms=2.03 (perf-t1)
2026-08-18T14:48:37.094713+00:00   INFO pegaflow_server::registry: registry.rs:217 IPC import timing: device_id=0 size_bytes=298844160 import_ms=2.08 (perf-t1)
2026-08-18T14:48:37.097310+00:00   INFO pegaflow_server::registry: registry.rs:217 IPC import timing: device_id=0 size_bytes=298844160 import_ms=2.03 (perf-t1)
2026-08-18T14:48:37.100745+00:00   INFO pegaflow_server::registry: registry.rs:217 IPC import timing: device_id=0 size_bytes=298844160 import_ms=2.90 (perf-t1)
2026-08-18T14:48:37.104124+00:00   INFO pegaflow_server::registry: registry.rs:217 IPC import timing: device_id=0 size_bytes=298844160 import_ms=2.84 (perf-t1)
2026-08-18T14:48:37.109819+00:00   INFO pegaflow_server::registry: registry.rs:217 IPC import timing: device_id=0 size_bytes=298844160 import_ms=5.13 (perf-t1)
2026-08-18T14:48:37.112439+00:00   INFO pegaflow_server::registry: registry.rs:217 IPC import timing: device_id=0 size_bytes=298844160 import_ms=2.10 (perf-t1)
2026-08-18T14:48:37.125606+00:00   INFO pegaflow_server::registry: registry.rs:217 IPC import timing: device_id=0 size_bytes=298844160 import_ms=12.64 (perf-t1)
2026-08-18T14:48:37.128675+00:00   INFO pegaflow_server::registry: registry.rs:217 IPC import timing: device_id=0 size_bytes=298844160 import_ms=2.51 (perf-t1)
2026-08-18T14:48:37.132138+00:00   INFO pegaflow_server::registry: registry.rs:217 IPC import timing: device_id=0 size_bytes=298844160 import_ms=2.92 (perf-t1)
2026-08-18T14:48:37.133859+00:00   INFO pegaflow_core::instance: instance.rs:706 Sealed instance topology: instance=43e7a4a0-7562-407c-9071-e2baab8402c2-9b7b21ffd71c4037a668b3bc1ede350a, num_layers=72, tp_size=1, world_size=1, total_slots=72
2026-08-18T14:48:37.133962+00:00   INFO pegaflow_core::instance: instance.rs:719 Initialized GPU context: device_id=0, numa_node=NUMA6
2026-08-18T14:48:37.134003+00:00   INFO pegaflow_core: lib.rs:452 Registered context batch: instance=43e7a4a0-7562-407c-9071-e2baab8402c2-9b7b21ffd71c4037a668b3bc1ede350a, namespace=perf-t2-c4-i200-shared-c1, device=0, layers=72, tp_rank=0/1, pp_rank=0
2026-08-18T14:48:37.134675+00:00   INFO pegaflow_server::registry: registry.rs:217 IPC import timing: device_id=2 size_bytes=59244544 import_ms=1.70 (perf-t1)
2026-08-18T14:48:37.136446+00:00   INFO pegaflow_server::registry: registry.rs:217 IPC import timing: device_id=2 size_bytes=59244544 import_ms=1.12 (perf-t1)
2026-08-18T14:48:37.138151+00:00   INFO pegaflow_server::registry: registry.rs:217 IPC import timing: device_id=2 size_bytes=59244544 import_ms=1.10 (perf-t1)
2026-08-18T14:48:37.139719+00:00   INFO pegaflow_server::registry: registry.rs:217 IPC import timing: device_id=2 size_bytes=59244544 import_ms=1.02 (perf-t1)
2026-08-18T14:48:37.141314+00:00   INFO pegaflow_server::registry: registry.rs:217 IPC import timing: device_id=2 size_bytes=59244544 import_ms=1.00 (perf-t1)
2026-08-18T14:48:37.142837+00:00   INFO pegaflow_server::registry: registry.rs:217 IPC import timing: device_id=2 size_bytes=59244544 import_ms=0.97 (perf-t1)
2026-08-18T14:48:37.145328+00:00   INFO pegaflow_server::registry: registry.rs:217 IPC import timing: device_id=2 size_bytes=59244544 import_ms=1.95 (perf-t1)
2026-08-18T14:48:37.146888+00:00   INFO pegaflow_server::registry: registry.rs:217 IPC import timing: device_id=2 size_bytes=59244544 import_ms=0.98 (perf-t1)
2026-08-18T14:48:37.148323+00:00   INFO pegaflow_server::registry: registry.rs:217 IPC import timing: device_id=2 size_bytes=59244544 import_ms=0.89 (perf-t1)
2026-08-18T14:48:37.150801+00:00   INFO pegaflow_server::registry: registry.rs:217 IPC import timing: device_id=2 size_bytes=59244544 import_ms=1.90 (perf-t1)
2026-08-18T14:48:37.152425+00:00   INFO pegaflow_server::registry: registry.rs:217 IPC import timing: device_id=2 size_bytes=59244544 import_ms=1.06 (perf-t1)
2026-08-18T14:48:37.153988+00:00   INFO pegaflow_server::registry: registry.rs:217 IPC import timing: device_id=2 size_bytes=59244544 import_ms=1.02 (perf-t1)
2026-08-18T14:48:37.156051+00:00   INFO pegaflow_server::registry: registry.rs:217 IPC import timing: device_id=2 size_bytes=59244544 import_ms=1.54 (perf-t1)
2026-08-18T14:48:37.157547+00:00   INFO pegaflow_server::registry: registry.rs:217 IPC import timing: device_id=2 size_bytes=59244544 import_ms=0.92 (perf-t1)
2026-08-18T14:48:37.158911+00:00   INFO pegaflow_server::registry: registry.rs:217 IPC import timing: device_id=2 size_bytes=59244544 import_ms=0.84 (perf-t1)
2026-08-18T14:48:37.160326+00:00   INFO pegaflow_server::registry: registry.rs:217 IPC import timing: device_id=2 size_bytes=59244544 import_ms=0.87 (perf-t1)
2026-08-18T14:48:37.162126+00:00   INFO pegaflow_server::registry: registry.rs:217 IPC import timing: device_id=2 size_bytes=59244544 import_ms=1.25 (perf-t1)
2026-08-18T14:48:37.163584+00:00   INFO pegaflow_server::registry: registry.rs:217 IPC import timing: device_id=2 size_bytes=59244544 import_ms=0.90 (perf-t1)
2026-08-18T14:48:37.165512+00:00   INFO pegaflow_server::registry: registry.rs:217 IPC import timing: device_id=2 size_bytes=59244544 import_ms=1.40 (perf-t1)
2026-08-18T14:48:37.167012+00:00   INFO pegaflow_server::registry: registry.rs:217 IPC import timing: device_id=2 size_bytes=59244544 import_ms=0.89 (perf-t1)
2026-08-18T14:48:37.168442+00:00   INFO pegaflow_server::registry: registry.rs:217 IPC import timing: device_id=2 size_bytes=59244544 import_ms=0.83 (perf-t1)
2026-08-18T14:48:37.169945+00:00   INFO pegaflow_server::registry: registry.rs:217 IPC import timing: device_id=2 size_bytes=59244544 import_ms=0.94 (perf-t1)
2026-08-18T14:48:37.171348+00:00   INFO pegaflow_server::registry: registry.rs:217 IPC import timing: device_id=2 size_bytes=59244544 import_ms=0.87 (perf-t1)
2026-08-18T14:48:37.172828+00:00   INFO pegaflow_server::registry: registry.rs:217 IPC import timing: device_id=2 size_bytes=59244544 import_ms=0.92 (perf-t1)
2026-08-18T14:48:37.174865+00:00   INFO pegaflow_server::registry: registry.rs:217 IPC import timing: device_id=2 size_bytes=59244544 import_ms=1.50 (perf-t1)
2026-08-18T14:48:37.176235+00:00   INFO pegaflow_server::registry: registry.rs:217 IPC import timing: device_id=2 size_bytes=59244544 import_ms=0.83 (perf-t1)
2026-08-18T14:48:37.177730+00:00   INFO pegaflow_server::registry: registry.rs:217 IPC import timing: device_id=2 size_bytes=59244544 import_ms=0.89 (perf-t1)
2026-08-18T14:48:37.179176+00:00   INFO pegaflow_server::registry: registry.rs:217 IPC import timing: device_id=2 size_bytes=59244544 import_ms=0.91 (perf-t1)
2026-08-18T14:48:37.180734+00:00   INFO pegaflow_server::registry: registry.rs:217 IPC import timing: device_id=2 size_bytes=59244544 import_ms=1.02 (perf-t1)
2026-08-18T14:48:37.182819+00:00   INFO pegaflow_server::registry: registry.rs:217 IPC import timing: device_id=2 size_bytes=59244544 import_ms=1.47 (perf-t1)
2026-08-18T14:48:37.184948+00:00   INFO pegaflow_server::registry: registry.rs:217 IPC import timing: device_id=2 size_bytes=59244544 import_ms=1.54 (perf-t1)
2026-08-18T14:48:37.186433+00:00   INFO pegaflow_server::registry: registry.rs:217 IPC import timing: device_id=2 size_bytes=59244544 import_ms=0.94 (perf-t1)
2026-08-18T14:48:37.187869+00:00   INFO pegaflow_server::registry: registry.rs:217 IPC import timing: device_id=2 size_bytes=59244544 import_ms=0.86 (perf-t1)
2026-08-18T14:48:37.189287+00:00   INFO pegaflow_server::registry: registry.rs:217 IPC import timing: device_id=2 size_bytes=59244544 import_ms=0.86 (perf-t1)
2026-08-18T14:48:37.190676+00:00   INFO pegaflow_server::registry: registry.rs:217 IPC import timing: device_id=2 size_bytes=59244544 import_ms=0.87 (perf-t1)
2026-08-18T14:48:37.192034+00:00   INFO pegaflow_server::registry: registry.rs:217 IPC import timing: device_id=2 size_bytes=59244544 import_ms=0.83 (perf-t1)
2026-08-18T14:48:37.193979+00:00   INFO pegaflow_server::registry: registry.rs:217 IPC import timing: device_id=2 size_bytes=59244544 import_ms=1.43 (perf-t1)
2026-08-18T14:48:37.195247+00:00   INFO pegaflow_server::registry: registry.rs:217 IPC import timing: device_id=2 size_bytes=59244544 import_ms=0.76 (perf-t1)
2026-08-18T14:48:37.196692+00:00   INFO pegaflow_server::registry: registry.rs:217 IPC import timing: device_id=2 size_bytes=59244544 import_ms=0.92 (perf-t1)
2026-08-18T14:48:37.198038+00:00   INFO pegaflow_server::registry: registry.rs:217 IPC import timing: device_id=2 size_bytes=59244544 import_ms=0.85 (perf-t1)
2026-08-18T14:48:37.199378+00:00   INFO pegaflow_server::registry: registry.rs:217 IPC import timing: device_id=2 size_bytes=59244544 import_ms=0.84 (perf-t1)
2026-08-18T14:48:37.200765+00:00   INFO pegaflow_server::registry: registry.rs:217 IPC import timing: device_id=2 size_bytes=59244544 import_ms=0.86 (perf-t1)
2026-08-18T14:48:37.202545+00:00   INFO pegaflow_server::registry: registry.rs:217 IPC import timing: device_id=2 size_bytes=59244544 import_ms=1.28 (perf-t1)
2026-08-18T14:48:37.203822+00:00   INFO pegaflow_server::registry: registry.rs:217 IPC import timing: device_id=2 size_bytes=59244544 import_ms=0.77 (perf-t1)
2026-08-18T14:48:37.205329+00:00   INFO pegaflow_server::registry: registry.rs:217 IPC import timing: device_id=2 size_bytes=59244544 import_ms=0.96 (perf-t1)
2026-08-18T14:48:37.206989+00:00   INFO pegaflow_server::registry: registry.rs:217 IPC import timing: device_id=2 size_bytes=59244544 import_ms=1.15 (perf-t1)
2026-08-18T14:48:37.208544+00:00   INFO pegaflow_server::registry: registry.rs:217 IPC import timing: device_id=2 size_bytes=59244544 import_ms=1.07 (perf-t1)
2026-08-18T14:48:37.210167+00:00   INFO pegaflow_server::registry: registry.rs:217 IPC import timing: device_id=2 size_bytes=59244544 import_ms=1.09 (perf-t1)
2026-08-18T14:48:37.211437+00:00   INFO pegaflow_server::registry: registry.rs:217 IPC import timing: device_id=2 size_bytes=59244544 import_ms=0.78 (perf-t1)
2026-08-18T14:48:37.213151+00:00   INFO pegaflow_server::registry: registry.rs:217 IPC import timing: device_id=2 size_bytes=59244544 import_ms=1.22 (perf-t1)
2026-08-18T14:48:37.214510+00:00   INFO pegaflow_server::registry: registry.rs:217 IPC import timing: device_id=2 size_bytes=59244544 import_ms=0.83 (perf-t1)
2026-08-18T14:48:37.215857+00:00   INFO pegaflow_server::registry: registry.rs:217 IPC import timing: device_id=2 size_bytes=59244544 import_ms=0.85 (perf-t1)
2026-08-18T14:48:37.217219+00:00   INFO pegaflow_server::registry: registry.rs:217 IPC import timing: device_id=2 size_bytes=59244544 import_ms=0.87 (perf-t1)
2026-08-18T14:48:37.218637+00:00   INFO pegaflow_server::registry: registry.rs:217 IPC import timing: device_id=2 size_bytes=59244544 import_ms=0.87 (perf-t1)
2026-08-18T14:48:37.219881+00:00   INFO pegaflow_server::registry: registry.rs:217 IPC import timing: device_id=2 size_bytes=59244544 import_ms=0.75 (perf-t1)
2026-08-18T14:48:37.221667+00:00   INFO pegaflow_server::registry: registry.rs:217 IPC import timing: device_id=2 size_bytes=59244544 import_ms=1.27 (perf-t1)
2026-08-18T14:48:37.223032+00:00   INFO pegaflow_server::registry: registry.rs:217 IPC import timing: device_id=2 size_bytes=59244544 import_ms=0.83 (perf-t1)
2026-08-18T14:48:37.224494+00:00   INFO pegaflow_server::registry: registry.rs:217 IPC import timing: device_id=2 size_bytes=59244544 import_ms=0.87 (perf-t1)
2026-08-18T14:48:37.225846+00:00   INFO pegaflow_server::registry: registry.rs:217 IPC import timing: device_id=2 size_bytes=59244544 import_ms=0.86 (perf-t1)
2026-08-18T14:48:37.227228+00:00   INFO pegaflow_server::registry: registry.rs:217 IPC import timing: device_id=2 size_bytes=59244544 import_ms=0.86 (perf-t1)
2026-08-18T14:48:37.228560+00:00   INFO pegaflow_server::registry: registry.rs:217 IPC import timing: device_id=2 size_bytes=59244544 import_ms=0.85 (perf-t1)
2026-08-18T14:48:37.230653+00:00   INFO pegaflow_server::registry: registry.rs:217 IPC import timing: device_id=2 size_bytes=59244544 import_ms=1.59 (perf-t1)
2026-08-18T14:48:37.232394+00:00   INFO pegaflow_server::registry: registry.rs:217 IPC import timing: device_id=2 size_bytes=59244544 import_ms=1.21 (perf-t1)
2026-08-18T14:48:37.234023+00:00   INFO pegaflow_server::registry: registry.rs:217 IPC import timing: device_id=2 size_bytes=59244544 import_ms=1.13 (perf-t1)
2026-08-18T14:48:37.235352+00:00   INFO pegaflow_server::registry: registry.rs:217 IPC import timing: device_id=2 size_bytes=59244544 import_ms=0.84 (perf-t1)
2026-08-18T14:48:37.236712+00:00   INFO pegaflow_server::registry: registry.rs:217 IPC import timing: device_id=2 size_bytes=59244544 import_ms=0.83 (perf-t1)
2026-08-18T14:48:37.237970+00:00   INFO pegaflow_server::registry: registry.rs:217 IPC import timing: device_id=2 size_bytes=59244544 import_ms=0.76 (perf-t1)
2026-08-18T14:48:37.239789+00:00   INFO pegaflow_server::registry: registry.rs:217 IPC import timing: device_id=2 size_bytes=59244544 import_ms=1.33 (perf-t1)
2026-08-18T14:48:37.241213+00:00   INFO pegaflow_server::registry: registry.rs:217 IPC import timing: device_id=2 size_bytes=59244544 import_ms=0.90 (perf-t1)
2026-08-18T14:48:37.242587+00:00   INFO pegaflow_server::registry: registry.rs:217 IPC import timing: device_id=2 size_bytes=59244544 import_ms=0.86 (perf-t1)
2026-08-18T14:48:37.243965+00:00   INFO pegaflow_server::registry: registry.rs:217 IPC import timing: device_id=2 size_bytes=59244544 import_ms=0.88 (perf-t1)
2026-08-18T14:48:37.245257+00:00   INFO pegaflow_server::registry: registry.rs:217 IPC import timing: device_id=2 size_bytes=59244544 import_ms=0.76 (perf-t1)
2026-08-18T14:48:37.248046+00:00   INFO pegaflow_server::registry: registry.rs:217 IPC import timing: device_id=2 size_bytes=299630592 import_ms=2.09 (perf-t1)
2026-08-18T14:48:37.248997+00:00   INFO pegaflow_core::gpu_worker: gpu_worker.rs:338 GPU worker initialized: device=2 backend=ascend_batch device_id=2
2026-08-18T14:48:37.248850+00:00   INFO pegaflow_core::gpu_worker: gpu_worker.rs:338 GPU worker initialized: device=2 backend=ascend_batch device_id=2
2026-08-18T14:48:37.249329+00:00   INFO pegaflow_core::gpu_worker: gpu_worker.rs:200 GPU worker pool started: device=2, numa_node=NUMA6, transfer_mode=AscendDirect
2026-08-18T14:48:37.250013+00:00   INFO pegaflow_core::instance: instance.rs:706 Sealed instance topology: instance=24f8bb50-e84d-4491-b5fa-1baf05972540-fe6b45737811455a89f8c170a36d4421, num_layers=72, tp_size=1, world_size=1, total_slots=72
2026-08-18T14:48:37.250064+00:00   INFO pegaflow_core::instance: instance.rs:719 Initialized GPU context: device_id=2, numa_node=NUMA6
2026-08-18T14:48:37.250094+00:00   INFO pegaflow_core: lib.rs:452 Registered context batch: instance=24f8bb50-e84d-4491-b5fa-1baf05972540-fe6b45737811455a89f8c170a36d4421, namespace=perf-t2-c4-i200-shared-c3, device=2, layers=72, tp_rank=0/1, pp_rank=0
2026-08-18T14:48:37.253915+00:00   INFO pegaflow_server::registry: registry.rs:217 IPC import timing: device_id=2 size_bytes=299630592 import_ms=5.33 (perf-t1)
2026-08-18T14:48:37.256728+00:00   INFO pegaflow_server::registry: registry.rs:217 IPC import timing: device_id=2 size_bytes=299630592 import_ms=2.27 (perf-t1)
2026-08-18T14:48:37.259873+00:00   INFO pegaflow_server::registry: registry.rs:217 IPC import timing: device_id=2 size_bytes=299630592 import_ms=2.60 (perf-t1)
2026-08-18T14:48:37.263413+00:00   INFO pegaflow_server::registry: registry.rs:217 IPC import timing: device_id=2 size_bytes=299630592 import_ms=3.02 (perf-t1)
2026-08-18T14:48:37.266289+00:00   INFO pegaflow_server::registry: registry.rs:217 IPC import timing: device_id=2 size_bytes=299630592 import_ms=2.37 (perf-t1)
2026-08-18T14:48:37.269979+00:00   INFO pegaflow_server::registry: registry.rs:217 IPC import timing: device_id=2 size_bytes=299630592 import_ms=3.15 (perf-t1)
2026-08-18T14:48:37.272732+00:00   INFO pegaflow_server::registry: registry.rs:217 IPC import timing: device_id=2 size_bytes=299630592 import_ms=2.25 (perf-t1)
2026-08-18T14:48:37.275913+00:00   INFO pegaflow_server::registry: registry.rs:217 IPC import timing: device_id=2 size_bytes=299630592 import_ms=2.66 (perf-t1)
2026-08-18T14:48:37.279577+00:00   INFO pegaflow_server::registry: registry.rs:217 IPC import timing: device_id=2 size_bytes=299630592 import_ms=3.11 (perf-t1)
2026-08-18T14:48:37.282453+00:00   INFO pegaflow_server::registry: registry.rs:217 IPC import timing: device_id=2 size_bytes=299630592 import_ms=2.37 (perf-t1)
2026-08-18T14:48:37.289190+00:00   INFO pegaflow_server::registry: registry.rs:217 IPC import timing: device_id=2 size_bytes=299630592 import_ms=6.23 (perf-t1)
2026-08-18T14:48:37.291973+00:00   INFO pegaflow_server::registry: registry.rs:217 IPC import timing: device_id=2 size_bytes=299630592 import_ms=2.24 (perf-t1)
2026-08-18T14:48:37.294769+00:00   INFO pegaflow_server::registry: registry.rs:217 IPC import timing: device_id=2 size_bytes=299630592 import_ms=2.25 (perf-t1)
2026-08-18T14:48:37.297414+00:00   INFO pegaflow_server::registry: registry.rs:217 IPC import timing: device_id=2 size_bytes=299630592 import_ms=2.14 (perf-t1)
2026-08-18T14:48:37.300184+00:00   INFO pegaflow_server::registry: registry.rs:217 IPC import timing: device_id=2 size_bytes=299630592 import_ms=2.21 (perf-t1)
2026-08-18T14:48:37.302733+00:00   INFO pegaflow_server::registry: registry.rs:217 IPC import timing: device_id=2 size_bytes=299630592 import_ms=2.03 (perf-t1)
2026-08-18T14:48:37.305813+00:00   INFO pegaflow_server::registry: registry.rs:217 IPC import timing: device_id=2 size_bytes=299630592 import_ms=2.58 (perf-t1)
2026-08-18T14:48:37.310120+00:00   INFO pegaflow_server::registry: registry.rs:217 IPC import timing: device_id=2 size_bytes=299630592 import_ms=3.77 (perf-t1)
2026-08-18T14:48:37.312620+00:00   INFO pegaflow_server::registry: registry.rs:217 IPC import timing: device_id=2 size_bytes=299630592 import_ms=2.00 (perf-t1)
2026-08-18T14:48:37.315059+00:00   INFO pegaflow_server::registry: registry.rs:217 IPC import timing: device_id=2 size_bytes=299630592 import_ms=1.94 (perf-t1)
2026-08-18T14:48:37.317599+00:00   INFO pegaflow_server::registry: registry.rs:217 IPC import timing: device_id=2 size_bytes=299630592 import_ms=2.01 (perf-t1)
2026-08-18T14:48:37.320109+00:00   INFO pegaflow_server::registry: registry.rs:217 IPC import timing: device_id=2 size_bytes=299630592 import_ms=2.00 (perf-t1)
2026-08-18T14:48:37.322725+00:00   INFO pegaflow_server::registry: registry.rs:217 IPC import timing: device_id=2 size_bytes=299630592 import_ms=1.91 (perf-t1)
2026-08-18T14:48:37.325226+00:00   INFO pegaflow_server::registry: registry.rs:217 IPC import timing: device_id=2 size_bytes=299630592 import_ms=1.97 (perf-t1)
2026-08-18T14:48:37.327791+00:00   INFO pegaflow_server::registry: registry.rs:217 IPC import timing: device_id=2 size_bytes=299630592 import_ms=2.05 (perf-t1)
2026-08-18T14:48:37.330213+00:00   INFO pegaflow_server::registry: registry.rs:217 IPC import timing: device_id=2 size_bytes=299630592 import_ms=1.92 (perf-t1)
2026-08-18T14:48:37.332678+00:00   INFO pegaflow_server::registry: registry.rs:217 IPC import timing: device_id=2 size_bytes=299630592 import_ms=1.93 (perf-t1)
2026-08-18T14:48:37.335147+00:00   INFO pegaflow_server::registry: registry.rs:217 IPC import timing: device_id=2 size_bytes=299630592 import_ms=1.96 (perf-t1)
2026-08-18T14:48:37.337665+00:00   INFO pegaflow_server::registry: registry.rs:217 IPC import timing: device_id=2 size_bytes=299630592 import_ms=1.99 (perf-t1)
2026-08-18T14:48:37.340045+00:00   INFO pegaflow_server::registry: registry.rs:217 IPC import timing: device_id=2 size_bytes=299630592 import_ms=1.84 (perf-t1)
2026-08-18T14:48:37.342517+00:00   INFO pegaflow_server::registry: registry.rs:217 IPC import timing: device_id=2 size_bytes=299630592 import_ms=1.95 (perf-t1)
2026-08-18T14:48:37.345955+00:00   INFO pegaflow_server::registry: registry.rs:217 IPC import timing: device_id=2 size_bytes=299630592 import_ms=2.94 (perf-t1)
2026-08-18T14:48:37.348989+00:00   INFO pegaflow_server::registry: registry.rs:217 IPC import timing: device_id=2 size_bytes=299630592 import_ms=2.49 (perf-t1)
2026-08-18T14:48:37.352127+00:00   INFO pegaflow_server::registry: registry.rs:217 IPC import timing: device_id=2 size_bytes=299630592 import_ms=2.63 (perf-t1)
2026-08-18T14:48:37.354644+00:00   INFO pegaflow_server::registry: registry.rs:217 IPC import timing: device_id=2 size_bytes=299630592 import_ms=2.00 (perf-t1)
2026-08-18T14:48:37.357327+00:00   INFO pegaflow_server::registry: registry.rs:217 IPC import timing: device_id=2 size_bytes=299630592 import_ms=2.15 (perf-t1)
2026-08-18T14:48:37.359855+00:00   INFO pegaflow_server::registry: registry.rs:217 IPC import timing: device_id=2 size_bytes=299630592 import_ms=2.01 (perf-t1)
2026-08-18T14:48:37.362432+00:00   INFO pegaflow_server::registry: registry.rs:217 IPC import timing: device_id=2 size_bytes=299630592 import_ms=2.04 (perf-t1)
2026-08-18T14:48:37.365058+00:00   INFO pegaflow_server::registry: registry.rs:217 IPC import timing: device_id=2 size_bytes=299630592 import_ms=2.09 (perf-t1)
2026-08-18T14:48:37.367569+00:00   INFO pegaflow_server::registry: registry.rs:217 IPC import timing: device_id=2 size_bytes=299630592 import_ms=1.93 (perf-t1)
2026-08-18T14:48:37.370212+00:00   INFO pegaflow_server::registry: registry.rs:217 IPC import timing: device_id=2 size_bytes=299630592 import_ms=2.04 (perf-t1)
2026-08-18T14:48:37.372718+00:00   INFO pegaflow_server::registry: registry.rs:217 IPC import timing: device_id=2 size_bytes=299630592 import_ms=1.93 (perf-t1)
2026-08-18T14:48:37.375325+00:00   INFO pegaflow_server::registry: registry.rs:217 IPC import timing: device_id=2 size_bytes=299630592 import_ms=2.11 (perf-t1)
2026-08-18T14:48:37.378197+00:00   INFO pegaflow_server::registry: registry.rs:217 IPC import timing: device_id=2 size_bytes=299630592 import_ms=2.36 (perf-t1)
2026-08-18T14:48:37.380635+00:00   INFO pegaflow_server::registry: registry.rs:217 IPC import timing: device_id=2 size_bytes=299630592 import_ms=1.86 (perf-t1)
2026-08-18T14:48:37.383079+00:00   INFO pegaflow_server::registry: registry.rs:217 IPC import timing: device_id=2 size_bytes=299630592 import_ms=1.93 (perf-t1)
2026-08-18T14:48:37.385494+00:00   INFO pegaflow_server::registry: registry.rs:217 IPC import timing: device_id=2 size_bytes=299630592 import_ms=1.91 (perf-t1)
2026-08-18T14:48:37.387954+00:00   INFO pegaflow_server::registry: registry.rs:217 IPC import timing: device_id=2 size_bytes=299630592 import_ms=1.89 (perf-t1)
2026-08-18T14:48:37.390905+00:00   INFO pegaflow_server::registry: registry.rs:217 IPC import timing: device_id=2 size_bytes=299630592 import_ms=2.41 (perf-t1)
2026-08-18T14:48:37.394273+00:00   INFO pegaflow_server::registry: registry.rs:217 IPC import timing: device_id=2 size_bytes=299630592 import_ms=2.86 (perf-t1)
2026-08-18T14:48:37.396673+00:00   INFO pegaflow_server::registry: registry.rs:217 IPC import timing: device_id=2 size_bytes=299630592 import_ms=1.85 (perf-t1)
2026-08-18T14:48:37.399504+00:00   INFO pegaflow_server::registry: registry.rs:217 IPC import timing: device_id=2 size_bytes=299630592 import_ms=2.32 (perf-t1)
2026-08-18T14:48:37.402102+00:00   INFO pegaflow_server::registry: registry.rs:217 IPC import timing: device_id=2 size_bytes=299630592 import_ms=2.10 (perf-t1)
2026-08-18T14:48:37.404552+00:00   INFO pegaflow_server::registry: registry.rs:217 IPC import timing: device_id=2 size_bytes=299630592 import_ms=1.91 (perf-t1)
2026-08-18T14:48:37.406917+00:00   INFO pegaflow_server::registry: registry.rs:217 IPC import timing: device_id=2 size_bytes=299630592 import_ms=1.86 (perf-t1)
2026-08-18T14:48:37.411771+00:00   INFO pegaflow_server::registry: registry.rs:217 IPC import timing: device_id=2 size_bytes=299630592 import_ms=4.35 (perf-t1)
2026-08-18T14:48:37.414337+00:00   INFO pegaflow_server::registry: registry.rs:217 IPC import timing: device_id=2 size_bytes=299630592 import_ms=1.92 (perf-t1)
2026-08-18T14:48:37.416734+00:00   INFO pegaflow_server::registry: registry.rs:217 IPC import timing: device_id=2 size_bytes=299630592 import_ms=1.88 (perf-t1)
2026-08-18T14:48:37.419309+00:00   INFO pegaflow_server::registry: registry.rs:217 IPC import timing: device_id=2 size_bytes=299630592 import_ms=2.08 (perf-t1)
2026-08-18T14:48:37.421860+00:00   INFO pegaflow_server::registry: registry.rs:217 IPC import timing: device_id=2 size_bytes=299630592 import_ms=2.03 (perf-t1)
2026-08-18T14:48:37.424280+00:00   INFO pegaflow_server::registry: registry.rs:217 IPC import timing: device_id=2 size_bytes=299630592 import_ms=1.92 (perf-t1)
2026-08-18T14:48:37.426678+00:00   INFO pegaflow_server::registry: registry.rs:217 IPC import timing: device_id=2 size_bytes=299630592 import_ms=1.88 (perf-t1)
2026-08-18T14:48:37.429068+00:00   INFO pegaflow_server::registry: registry.rs:217 IPC import timing: device_id=2 size_bytes=299630592 import_ms=1.85 (perf-t1)
2026-08-18T14:48:37.431525+00:00   INFO pegaflow_server::registry: registry.rs:217 IPC import timing: device_id=2 size_bytes=299630592 import_ms=1.95 (perf-t1)
2026-08-18T14:48:37.434530+00:00   INFO pegaflow_server::registry: registry.rs:217 IPC import timing: device_id=2 size_bytes=299630592 import_ms=2.50 (perf-t1)
2026-08-18T14:48:37.439234+00:00   INFO pegaflow_server::registry: registry.rs:217 IPC import timing: device_id=2 size_bytes=299630592 import_ms=4.20 (perf-t1)
2026-08-18T14:48:37.441739+00:00   INFO pegaflow_server::registry: registry.rs:217 IPC import timing: device_id=2 size_bytes=299630592 import_ms=1.97 (perf-t1)
2026-08-18T14:48:37.444079+00:00   INFO pegaflow_server::registry: registry.rs:217 IPC import timing: device_id=2 size_bytes=299630592 import_ms=1.83 (perf-t1)
2026-08-18T14:48:37.446498+00:00   INFO pegaflow_server::registry: registry.rs:217 IPC import timing: device_id=2 size_bytes=299630592 import_ms=1.91 (perf-t1)
2026-08-18T14:48:37.453012+00:00   INFO pegaflow_server::registry: registry.rs:217 IPC import timing: device_id=2 size_bytes=299630592 import_ms=5.96 (perf-t1)
2026-08-18T14:48:37.455988+00:00   INFO pegaflow_server::registry: registry.rs:217 IPC import timing: device_id=2 size_bytes=299630592 import_ms=2.37 (perf-t1)
2026-08-18T14:48:37.457631+00:00   INFO pegaflow_core::instance: instance.rs:706 Sealed instance topology: instance=45acdbbb-9452-4396-83b6-253dca01f926-f81282923cc94aa78105a8e4ccf872d6, num_layers=72, tp_size=1, world_size=1, total_slots=72
2026-08-18T14:48:37.457718+00:00   INFO pegaflow_core::instance: instance.rs:719 Initialized GPU context: device_id=2, numa_node=NUMA6
2026-08-18T14:48:37.457752+00:00   INFO pegaflow_core: lib.rs:452 Registered context batch: instance=45acdbbb-9452-4396-83b6-253dca01f926-f81282923cc94aa78105a8e4ccf872d6, namespace=perf-t2-c4-i200-shared-c1, device=2, layers=72, tp_rank=0/1, pp_rank=0
2026-08-18T14:48:37.462504+00:00   INFO pegaflow_server::registry: registry.rs:217 IPC import timing: device_id=6 size_bytes=300417024 import_ms=5.58 (perf-t1)
2026-08-18T14:48:37.465218+00:00   INFO pegaflow_server::registry: registry.rs:217 IPC import timing: device_id=6 size_bytes=300417024 import_ms=2.12 (perf-t1)
2026-08-18T14:48:37.468034+00:00   INFO pegaflow_server::registry: registry.rs:217 IPC import timing: device_id=6 size_bytes=300417024 import_ms=2.29 (perf-t1)
2026-08-18T14:48:37.470592+00:00   INFO pegaflow_server::registry: registry.rs:217 IPC import timing: device_id=6 size_bytes=300417024 import_ms=1.99 (perf-t1)
2026-08-18T14:48:37.473229+00:00   INFO pegaflow_server::registry: registry.rs:217 IPC import timing: device_id=6 size_bytes=300417024 import_ms=2.09 (perf-t1)
2026-08-18T14:48:37.475813+00:00   INFO pegaflow_server::registry: registry.rs:217 IPC import timing: device_id=6 size_bytes=300417024 import_ms=2.07 (perf-t1)
2026-08-18T14:48:37.478519+00:00   INFO pegaflow_server::registry: registry.rs:217 IPC import timing: device_id=6 size_bytes=300417024 import_ms=2.20 (perf-t1)
2026-08-18T14:48:37.481089+00:00   INFO pegaflow_server::registry: registry.rs:217 IPC import timing: device_id=6 size_bytes=300417024 import_ms=2.03 (perf-t1)
2026-08-18T14:48:37.483596+00:00   INFO pegaflow_server::registry: registry.rs:217 IPC import timing: device_id=6 size_bytes=300417024 import_ms=1.98 (perf-t1)
2026-08-18T14:48:37.488641+00:00   INFO pegaflow_server::registry: registry.rs:217 IPC import timing: device_id=6 size_bytes=300417024 import_ms=4.53 (perf-t1)
2026-08-18T14:48:37.491263+00:00   INFO pegaflow_server::registry: registry.rs:217 IPC import timing: device_id=6 size_bytes=300417024 import_ms=2.08 (perf-t1)
2026-08-18T14:48:37.493707+00:00   INFO pegaflow_server::registry: registry.rs:217 IPC import timing: device_id=6 size_bytes=300417024 import_ms=1.95 (perf-t1)
2026-08-18T14:48:37.496193+00:00   INFO pegaflow_server::registry: registry.rs:217 IPC import timing: device_id=6 size_bytes=300417024 import_ms=1.98 (perf-t1)
2026-08-18T14:48:37.498923+00:00   INFO pegaflow_server::registry: registry.rs:217 IPC import timing: device_id=6 size_bytes=300417024 import_ms=2.19 (perf-t1)
2026-08-18T14:48:37.501260+00:00   INFO pegaflow_server::registry: registry.rs:217 IPC import timing: device_id=6 size_bytes=300417024 import_ms=1.84 (perf-t1)
2026-08-18T14:48:37.503623+00:00   INFO pegaflow_server::registry: registry.rs:217 IPC import timing: device_id=6 size_bytes=300417024 import_ms=1.83 (perf-t1)
2026-08-18T14:48:37.506123+00:00   INFO pegaflow_server::registry: registry.rs:217 IPC import timing: device_id=6 size_bytes=300417024 import_ms=1.95 (perf-t1)
2026-08-18T14:48:37.509557+00:00   INFO pegaflow_server::registry: registry.rs:217 IPC import timing: device_id=6 size_bytes=300417024 import_ms=2.93 (perf-t1)
2026-08-18T14:48:37.511925+00:00   INFO pegaflow_server::registry: registry.rs:217 IPC import timing: device_id=6 size_bytes=300417024 import_ms=1.86 (perf-t1)
2026-08-18T14:48:37.514631+00:00   INFO pegaflow_server::registry: registry.rs:217 IPC import timing: device_id=6 size_bytes=300417024 import_ms=2.16 (perf-t1)
2026-08-18T14:48:37.517033+00:00   INFO pegaflow_server::registry: registry.rs:217 IPC import timing: device_id=6 size_bytes=300417024 import_ms=1.88 (perf-t1)
2026-08-18T14:48:37.519367+00:00   INFO pegaflow_server::registry: registry.rs:217 IPC import timing: device_id=6 size_bytes=300417024 import_ms=1.84 (perf-t1)
2026-08-18T14:48:37.521876+00:00   INFO pegaflow_server::registry: registry.rs:217 IPC import timing: device_id=6 size_bytes=300417024 import_ms=1.98 (perf-t1)
2026-08-18T14:48:37.524349+00:00   INFO pegaflow_server::registry: registry.rs:217 IPC import timing: device_id=6 size_bytes=300417024 import_ms=1.97 (perf-t1)
2026-08-18T14:48:37.526656+00:00   INFO pegaflow_server::registry: registry.rs:217 IPC import timing: device_id=6 size_bytes=300417024 import_ms=1.81 (perf-t1)
2026-08-18T14:48:37.529122+00:00   INFO pegaflow_server::registry: registry.rs:217 IPC import timing: device_id=6 size_bytes=300417024 import_ms=1.95 (perf-t1)
2026-08-18T14:48:37.531542+00:00   INFO pegaflow_server::registry: registry.rs:217 IPC import timing: device_id=6 size_bytes=300417024 import_ms=1.92 (perf-t1)
2026-08-18T14:48:37.533996+00:00   INFO pegaflow_server::registry: registry.rs:217 IPC import timing: device_id=6 size_bytes=300417024 import_ms=1.95 (perf-t1)
2026-08-18T14:48:37.536773+00:00   INFO pegaflow_server::registry: registry.rs:217 IPC import timing: device_id=6 size_bytes=300417024 import_ms=2.24 (perf-t1)
2026-08-18T14:48:37.540057+00:00   INFO pegaflow_server::registry: registry.rs:217 IPC import timing: device_id=6 size_bytes=300417024 import_ms=2.74 (perf-t1)
2026-08-18T14:48:37.543018+00:00   INFO pegaflow_server::registry: registry.rs:217 IPC import timing: device_id=6 size_bytes=300417024 import_ms=2.44 (perf-t1)
2026-08-18T14:48:37.545490+00:00   INFO pegaflow_server::registry: registry.rs:217 IPC import timing: device_id=6 size_bytes=300417024 import_ms=1.93 (perf-t1)
2026-08-18T14:48:37.547950+00:00   INFO pegaflow_server::registry: registry.rs:217 IPC import timing: device_id=6 size_bytes=300417024 import_ms=1.95 (perf-t1)
2026-08-18T14:48:37.550564+00:00   INFO pegaflow_server::registry: registry.rs:217 IPC import timing: device_id=6 size_bytes=300417024 import_ms=2.03 (perf-t1)
2026-08-18T14:48:37.553025+00:00   INFO pegaflow_server::registry: registry.rs:217 IPC import timing: device_id=6 size_bytes=300417024 import_ms=1.93 (perf-t1)
2026-08-18T14:48:37.555520+00:00   INFO pegaflow_server::registry: registry.rs:217 IPC import timing: device_id=6 size_bytes=300417024 import_ms=1.99 (perf-t1)
2026-08-18T14:48:37.558068+00:00   INFO pegaflow_server::registry: registry.rs:217 IPC import timing: device_id=6 size_bytes=300417024 import_ms=2.06 (perf-t1)
2026-08-18T14:48:37.560672+00:00   INFO pegaflow_server::registry: registry.rs:217 IPC import timing: device_id=6 size_bytes=300417024 import_ms=2.05 (perf-t1)
2026-08-18T14:48:37.563136+00:00   INFO pegaflow_server::registry: registry.rs:217 IPC import timing: device_id=6 size_bytes=300417024 import_ms=1.96 (perf-t1)
2026-08-18T14:48:37.565465+00:00   INFO pegaflow_server::registry: registry.rs:217 IPC import timing: device_id=6 size_bytes=300417024 import_ms=1.83 (perf-t1)
2026-08-18T14:48:37.568160+00:00   INFO pegaflow_server::registry: registry.rs:217 IPC import timing: device_id=6 size_bytes=300417024 import_ms=1.89 (perf-t1)
2026-08-18T14:48:37.570640+00:00   INFO pegaflow_server::registry: registry.rs:217 IPC import timing: device_id=6 size_bytes=300417024 import_ms=1.92 (perf-t1)
2026-08-18T14:48:37.573033+00:00   INFO pegaflow_server::registry: registry.rs:217 IPC import timing: device_id=6 size_bytes=300417024 import_ms=1.88 (perf-t1)
2026-08-18T14:48:37.575461+00:00   INFO pegaflow_server::registry: registry.rs:217 IPC import timing: device_id=6 size_bytes=300417024 import_ms=1.88 (perf-t1)
2026-08-18T14:48:37.577902+00:00   INFO pegaflow_server::registry: registry.rs:217 IPC import timing: device_id=6 size_bytes=300417024 import_ms=1.95 (perf-t1)
2026-08-18T14:48:37.580760+00:00   INFO pegaflow_server::registry: registry.rs:217 IPC import timing: device_id=6 size_bytes=300417024 import_ms=2.34 (perf-t1)
2026-08-18T14:48:37.584013+00:00   INFO pegaflow_server::registry: registry.rs:217 IPC import timing: device_id=6 size_bytes=300417024 import_ms=2.73 (perf-t1)
2026-08-18T14:48:37.586540+00:00   INFO pegaflow_server::registry: registry.rs:217 IPC import timing: device_id=6 size_bytes=300417024 import_ms=1.99 (perf-t1)
2026-08-18T14:48:37.588872+00:00   INFO pegaflow_server::registry: registry.rs:217 IPC import timing: device_id=6 size_bytes=300417024 import_ms=1.82 (perf-t1)
2026-08-18T14:48:37.591274+00:00   INFO pegaflow_server::registry: registry.rs:217 IPC import timing: device_id=6 size_bytes=300417024 import_ms=1.84 (perf-t1)
2026-08-18T14:48:37.593802+00:00   INFO pegaflow_server::registry: registry.rs:217 IPC import timing: device_id=6 size_bytes=300417024 import_ms=2.03 (perf-t1)
2026-08-18T14:48:37.596142+00:00   INFO pegaflow_server::registry: registry.rs:217 IPC import timing: device_id=6 size_bytes=300417024 import_ms=1.82 (perf-t1)
2026-08-18T14:48:37.598794+00:00   INFO pegaflow_server::registry: registry.rs:217 IPC import timing: device_id=6 size_bytes=300417024 import_ms=2.08 (perf-t1)
2026-08-18T14:48:37.601397+00:00   INFO pegaflow_server::registry: registry.rs:217 IPC import timing: device_id=6 size_bytes=300417024 import_ms=2.06 (perf-t1)
2026-08-18T14:48:37.603862+00:00   INFO pegaflow_server::registry: registry.rs:217 IPC import timing: device_id=6 size_bytes=300417024 import_ms=1.91 (perf-t1)
2026-08-18T14:48:37.606257+00:00   INFO pegaflow_server::registry: registry.rs:217 IPC import timing: device_id=6 size_bytes=300417024 import_ms=1.83 (perf-t1)
2026-08-18T14:48:37.608714+00:00   INFO pegaflow_server::registry: registry.rs:217 IPC import timing: device_id=6 size_bytes=300417024 import_ms=1.95 (perf-t1)
2026-08-18T14:48:37.611194+00:00   INFO pegaflow_server::registry: registry.rs:217 IPC import timing: device_id=6 size_bytes=300417024 import_ms=1.87 (perf-t1)
2026-08-18T14:48:37.613548+00:00   INFO pegaflow_server::registry: registry.rs:217 IPC import timing: device_id=6 size_bytes=300417024 import_ms=1.80 (perf-t1)
2026-08-18T14:48:37.616108+00:00   INFO pegaflow_server::registry: registry.rs:217 IPC import timing: device_id=6 size_bytes=300417024 import_ms=2.05 (perf-t1)
2026-08-18T14:48:37.618572+00:00   INFO pegaflow_server::registry: registry.rs:217 IPC import timing: device_id=6 size_bytes=300417024 import_ms=1.92 (perf-t1)
2026-08-18T14:48:37.621654+00:00   INFO pegaflow_server::registry: registry.rs:217 IPC import timing: device_id=6 size_bytes=300417024 import_ms=2.53 (perf-t1)
2026-08-18T14:48:37.625333+00:00   INFO pegaflow_server::registry: registry.rs:217 IPC import timing: device_id=6 size_bytes=300417024 import_ms=3.11 (perf-t1)
2026-08-18T14:48:37.627687+00:00   INFO pegaflow_server::registry: registry.rs:217 IPC import timing: device_id=6 size_bytes=300417024 import_ms=1.84 (perf-t1)
2026-08-18T14:48:37.630147+00:00   INFO pegaflow_server::registry: registry.rs:217 IPC import timing: device_id=6 size_bytes=300417024 import_ms=1.95 (perf-t1)
2026-08-18T14:48:37.632623+00:00   INFO pegaflow_server::registry: registry.rs:217 IPC import timing: device_id=6 size_bytes=300417024 import_ms=1.93 (perf-t1)
2026-08-18T14:48:37.635032+00:00   INFO pegaflow_server::registry: registry.rs:217 IPC import timing: device_id=6 size_bytes=300417024 import_ms=1.90 (perf-t1)
2026-08-18T14:48:37.637399+00:00   INFO pegaflow_server::registry: registry.rs:217 IPC import timing: device_id=6 size_bytes=300417024 import_ms=1.88 (perf-t1)
2026-08-18T14:48:37.639869+00:00   INFO pegaflow_server::registry: registry.rs:217 IPC import timing: device_id=6 size_bytes=300417024 import_ms=1.90 (perf-t1)
2026-08-18T14:48:37.642421+00:00   INFO pegaflow_server::registry: registry.rs:217 IPC import timing: device_id=6 size_bytes=300417024 import_ms=2.01 (perf-t1)
2026-08-18T14:48:37.644833+00:00   INFO pegaflow_server::registry: registry.rs:217 IPC import timing: device_id=6 size_bytes=300417024 import_ms=1.89 (perf-t1)
2026-08-18T14:48:37.647198+00:00   INFO pegaflow_server::registry: registry.rs:217 IPC import timing: device_id=6 size_bytes=300417024 import_ms=1.82 (perf-t1)
2026-08-18T14:48:37.651284+00:00   INFO pegaflow_core::gpu_worker: gpu_worker.rs:338 GPU worker initialized: device=6 backend=ascend_batch device_id=6
2026-08-18T14:48:37.651652+00:00   INFO pegaflow_core::gpu_worker: gpu_worker.rs:338 GPU worker initialized: device=6 backend=ascend_batch device_id=6
2026-08-18T14:48:37.651838+00:00   INFO pegaflow_core::gpu_worker: gpu_worker.rs:200 GPU worker pool started: device=6, numa_node=NUMA4, transfer_mode=AscendDirect
2026-08-18T14:48:37.652532+00:00   INFO pegaflow_core::instance: instance.rs:706 Sealed instance topology: instance=566fcbd7-a838-401f-b1f4-667c11e9fe64-96ce9031bf2a455ab468a38af14622cf, num_layers=72, tp_size=1, world_size=1, total_slots=72
2026-08-18T14:48:37.652594+00:00   INFO pegaflow_core::instance: instance.rs:719 Initialized GPU context: device_id=6, numa_node=NUMA4
2026-08-18T14:48:37.652625+00:00   INFO pegaflow_core: lib.rs:452 Registered context batch: instance=566fcbd7-a838-401f-b1f4-667c11e9fe64-96ce9031bf2a455ab468a38af14622cf, namespace=perf-t2-c4-i200-shared-c3, device=6, layers=72, tp_rank=0/1, pp_rank=0
2026-08-18T14:48:49.997692+00:00   INFO pegaflow_server::service: service.rs:931 Session opened: instance_id=e522c545-a05a-4de8-853c-9993b5942964-7bda62c6488248798886f6aef6d859f2 namespace=perf-t2-c4-i200-shared-c3 tp_size=1 world_size=1 token=1
2026-08-18T14:48:54.447931+00:00   INFO pegaflow_server::service: service.rs:931 Session opened: instance_id=2b38a58e-387a-4893-9e19-8a96d60b78fb-563d3e820d584a30ab6c51e46a376bdc namespace=perf-t2-c4-i200-shared-c3 tp_size=1 world_size=1 token=2
2026-08-18T14:48:59.218916+00:00   INFO pegaflow_server::service: service.rs:931 Session opened: instance_id=8c498a12-b7d9-4e44-80cd-a5656d3b4827-114332cb152c4db195d93b049d7150e2 namespace=perf-t2-c4-i200-shared-c3 tp_size=1 world_size=1 token=3
2026-08-18T14:49:01.192380+00:00   INFO pegaflow_server::service: service.rs:931 Session opened: instance_id=ea197146-03b6-4c6c-aa1e-7dc6175fa5a2-3e4e6d06d5d149a08914d3799afcd8e0 namespace=perf-t2-c4-i200-shared-c1 tp_size=1 world_size=1 token=4
2026-08-18T14:49:03.348234+00:00   INFO pegaflow_server::service: service.rs:931 Session opened: instance_id=af698b5f-fc4f-4270-be8a-5a6dff1232a7-60a94f7956924eb08d36aaa2eb0c7ccd namespace=perf-t2-c4-i200-shared-c3 tp_size=1 world_size=1 token=5
2026-08-18T14:49:03.897616+00:00   INFO pegaflow_server::service: service.rs:931 Session opened: instance_id=43e7a4a0-7562-407c-9071-e2baab8402c2-9b7b21ffd71c4037a668b3bc1ede350a namespace=perf-t2-c4-i200-shared-c1 tp_size=1 world_size=1 token=6
2026-08-18T14:49:05.784456+00:00   INFO pegaflow_server::service: service.rs:931 Session opened: instance_id=24f8bb50-e84d-4491-b5fa-1baf05972540-fe6b45737811455a89f8c170a36d4421 namespace=perf-t2-c4-i200-shared-c3 tp_size=1 world_size=1 token=7
2026-08-18T14:49:06.138598+00:00   INFO pegaflow_server::service: service.rs:931 Session opened: instance_id=45acdbbb-9452-4396-83b6-253dca01f926-f81282923cc94aa78105a8e4ccf872d6 namespace=perf-t2-c4-i200-shared-c1 tp_size=1 world_size=1 token=8
2026-08-18T14:49:06.413037+00:00   INFO pegaflow_server::service: service.rs:931 Session opened: instance_id=566fcbd7-a838-401f-b1f4-667c11e9fe64-96ce9031bf2a455ab468a38af14622cf namespace=perf-t2-c4-i200-shared-c3 tp_size=1 world_size=1 token=9
2026-08-18T14:53:21.827433+00:00   INFO pegaflow_server::service: service.rs:955 Session closed: instance_id=e522c545-a05a-4de8-853c-9993b5942964-7bda62c6488248798886f6aef6d859f2 token=1 — running cleanup
2026-08-18T14:53:22.309872+00:00   INFO pegaflow_core: lib.rs:471 Unregistered instance: e522c545-a05a-4de8-853c-9993b5942964-7bda62c6488248798886f6aef6d859f2
2026-08-18T14:53:23.133039+00:00   INFO pegaflow_server::service: service.rs:955 Session closed: instance_id=2b38a58e-387a-4893-9e19-8a96d60b78fb-563d3e820d584a30ab6c51e46a376bdc token=2 — running cleanup
2026-08-18T14:53:23.677703+00:00   INFO pegaflow_server::service: service.rs:59 Session cleanup (stream closed): dropped 72 device tensors for instance 2b38a58e-387a-4893-9e19-8a96d60b78fb-563d3e820d584a30ab6c51e46a376bdc
2026-08-18T14:53:23.677976+00:00   INFO pegaflow_core: lib.rs:471 Unregistered instance: 2b38a58e-387a-4893-9e19-8a96d60b78fb-563d3e820d584a30ab6c51e46a376bdc
2026-08-18T14:53:24.598640+00:00   INFO pegaflow_server::service: service.rs:955 Session closed: instance_id=8c498a12-b7d9-4e44-80cd-a5656d3b4827-114332cb152c4db195d93b049d7150e2 token=3 — running cleanup
2026-08-18T14:53:24.861894+00:00   INFO pegaflow_server::service: service.rs:59 Session cleanup (stream closed): dropped 72 device tensors for instance 8c498a12-b7d9-4e44-80cd-a5656d3b4827-114332cb152c4db195d93b049d7150e2
2026-08-18T14:53:24.862158+00:00   INFO pegaflow_core: lib.rs:471 Unregistered instance: 8c498a12-b7d9-4e44-80cd-a5656d3b4827-114332cb152c4db195d93b049d7150e2
2026-08-18T14:53:26.015074+00:00   INFO pegaflow_server::service: service.rs:955 Session closed: instance_id=af698b5f-fc4f-4270-be8a-5a6dff1232a7-60a94f7956924eb08d36aaa2eb0c7ccd token=5 — running cleanup
2026-08-18T14:53:26.436395+00:00   INFO pegaflow_server::service: service.rs:59 Session cleanup (stream closed): dropped 72 device tensors for instance af698b5f-fc4f-4270-be8a-5a6dff1232a7-60a94f7956924eb08d36aaa2eb0c7ccd
2026-08-18T14:53:26.436653+00:00   INFO pegaflow_core: lib.rs:471 Unregistered instance: af698b5f-fc4f-4270-be8a-5a6dff1232a7-60a94f7956924eb08d36aaa2eb0c7ccd
2026-08-18T14:53:27.481567+00:00   INFO pegaflow_server::service: service.rs:955 Session closed: instance_id=24f8bb50-e84d-4491-b5fa-1baf05972540-fe6b45737811455a89f8c170a36d4421 token=7 — running cleanup
2026-08-18T14:53:27.707986+00:00   INFO pegaflow_server::service: service.rs:59 Session cleanup (stream closed): dropped 72 device tensors for instance 24f8bb50-e84d-4491-b5fa-1baf05972540-fe6b45737811455a89f8c170a36d4421
2026-08-18T14:53:27.708245+00:00   INFO pegaflow_core: lib.rs:471 Unregistered instance: 24f8bb50-e84d-4491-b5fa-1baf05972540-fe6b45737811455a89f8c170a36d4421
2026-08-18T14:53:28.954235+00:00   INFO pegaflow_server::service: service.rs:955 Session closed: instance_id=566fcbd7-a838-401f-b1f4-667c11e9fe64-96ce9031bf2a455ab468a38af14622cf token=9 — running cleanup
2026-08-18T14:53:29.289401+00:00   INFO pegaflow_core: lib.rs:471 Unregistered instance: 566fcbd7-a838-401f-b1f4-667c11e9fe64-96ce9031bf2a455ab468a38af14622cf
