2026-08-19T03:10:03.814135+00:00   INFO pegaflow_server: lib.rs:480 Starting pega-engine-server v0.23.3
2026-08-19T03:10:04.655777+00:00   INFO pegaflow_server: lib.rs:319 Ascend ACL runtime initialized, device 0 set as current
2026-08-19T03:10:04.655983+00:00   INFO pegaflow_server::check_ascend_version: check_ascend_version.rs:40 Ascend preflight: minimum required version 1.16.0
2026-08-19T03:10:04.656071+00:00   INFO pegaflow_server::check_ascend_version: check_ascend_version.rs:52 Ascend preflight: runtime version 1.17.0 detected
2026-08-19T03:10:04.656112+00:00   INFO pegaflow_server: lib.rs:498 Using specified device(s): [0, 1, 2, 3, 4, 5, 6, 7]
2026-08-19T03:10:13.849812+00:00   INFO pegaflow_server: lib.rs:397 Initialized context for device 0 in 0.01s
2026-08-19T03:10:14.598213+00:00   INFO pegaflow_server: lib.rs:397 Initialized context for device 1 in 0.75s
2026-08-19T03:10:15.345858+00:00   INFO pegaflow_server: lib.rs:397 Initialized context for device 2 in 0.75s
2026-08-19T03:10:16.109808+00:00   INFO pegaflow_server: lib.rs:397 Initialized context for device 3 in 0.76s
2026-08-19T03:10:16.869535+00:00   INFO pegaflow_server: lib.rs:397 Initialized context for device 4 in 0.76s
2026-08-19T03:10:17.623365+00:00   INFO pegaflow_server: lib.rs:397 Initialized context for device 5 in 0.75s
2026-08-19T03:10:18.419069+00:00   INFO pegaflow_server: lib.rs:397 Initialized context for device 6 in 0.80s
2026-08-19T03:10:19.162077+00:00   INFO pegaflow_server: lib.rs:397 Initialized context for device 7 in 0.74s
2026-08-19T03:10:19.162309+00:00   INFO pegaflow_server: lib.rs:507 Device runtime initialized for 8 device(s): [0, 1, 2, 3, 4, 5, 6, 7]
2026-08-19T03:10:19.162665+00:00   INFO pegaflow_server: lib.rs:528 Creating PegaEngine with pinned memory pool: 16.00 GiB (17179869184 bytes), hugepages=false
2026-08-19T03:10:19.192513+00:00   INFO pegaflow_server: lib.rs:446 Prometheus metrics exporter enabled
2026-08-19T03:10:19.192816+00:00   INFO opentelemetry: metrics.rs:29  name="MeterProvider.GlobalSet" message=Global meter provider is set. Meters can now be created using global::meter() or global::meter_with_scope().
2026-08-19T03:10:24.563992+00:00   INFO pegaflow_common::numa: numa.rs:650 === Device-NUMA Topology ===
2026-08-19T03:10:24.564152+00:00   INFO pegaflow_common::numa: numa.rs:651 NUMA nodes: 8
2026-08-19T03:10:24.564200+00:00   INFO pegaflow_common::numa: numa.rs:659   Device 0 -> NUMA6
2026-08-19T03:10:24.564224+00:00   INFO pegaflow_common::numa: numa.rs:659   Device 1 -> NUMA0
2026-08-19T03:10:24.564245+00:00   INFO pegaflow_common::numa: numa.rs:659   Device 2 -> NUMA6
2026-08-19T03:10:24.564265+00:00   INFO pegaflow_common::numa: numa.rs:659   Device 3 -> NUMA0
2026-08-19T03:10:24.564284+00:00   INFO pegaflow_common::numa: numa.rs:659   Device 4 -> NUMA4
2026-08-19T03:10:24.564303+00:00   INFO pegaflow_common::numa: numa.rs:659   Device 5 -> NUMA2
2026-08-19T03:10:24.564321+00:00   INFO pegaflow_common::numa: numa.rs:659   Device 6 -> NUMA4
2026-08-19T03:10:24.564373+00:00   INFO pegaflow_common::numa: numa.rs:659   Device 7 -> NUMA2
2026-08-19T03:10:24.564438+00:00   INFO pegaflow_core: lib.rs:163 Auto-enabling NUMA-aware memory allocation for 4 GPU-local NUMA nodes (8 CPU NUMA nodes detected)
2026-08-19T03:10:24.564464+00:00   INFO pegaflow_core::storage: mod.rs:150 Creating NUMA-aware pinned pools for 4 nodes
2026-08-19T03:10:24.564500+00:00   INFO pegaflow_core::pinned_pool: pinned_pool.rs:547 Creating NUMA-aware pools: total=16.0 GiB, nodes=4, per_node=4.0 GiB, shards_per_node=1
2026-08-19T03:10:24.565928+00:00   INFO pegaflow_core::pinned_pool: pinned_pool.rs:203 Allocating pinned memory pool with aclrtMallocHost mapped pages
2026-08-19T03:10:24.566122+00:00   INFO pegaflow_core::pinned_pool: pinned_pool.rs:262 Ascend pinned pool on NUMA node NUMA0 → using device 3
2026-08-19T03:10:24.737861+00:00   INFO pegaflow_core::pinned_pool: pinned_pool.rs:213 Pinned pool: backing_size=4.0 GiB, unit_size=512 B, max_units=8388608, allocatable_size=4.0 GiB
2026-08-19T03:10:25.081085+00:00   INFO pegaflow_core::pinned_pool: pinned_pool.rs:580 Created pinned pool on NUMA0: capacity=4.0 GiB
2026-08-19T03:10:25.082176+00:00   INFO pegaflow_core::pinned_pool: pinned_pool.rs:203 Allocating pinned memory pool with aclrtMallocHost mapped pages
2026-08-19T03:10:25.082315+00:00   INFO pegaflow_core::pinned_pool: pinned_pool.rs:262 Ascend pinned pool on NUMA node NUMA2 → using device 5
2026-08-19T03:10:25.252553+00:00   INFO pegaflow_core::pinned_pool: pinned_pool.rs:213 Pinned pool: backing_size=4.0 GiB, unit_size=512 B, max_units=8388608, allocatable_size=4.0 GiB
2026-08-19T03:10:25.592684+00:00   INFO pegaflow_core::pinned_pool: pinned_pool.rs:580 Created pinned pool on NUMA2: capacity=4.0 GiB
2026-08-19T03:10:25.593748+00:00   INFO pegaflow_core::pinned_pool: pinned_pool.rs:203 Allocating pinned memory pool with aclrtMallocHost mapped pages
2026-08-19T03:10:25.593806+00:00   INFO pegaflow_core::pinned_pool: pinned_pool.rs:262 Ascend pinned pool on NUMA node NUMA4 → using device 6
2026-08-19T03:10:25.764484+00:00   INFO pegaflow_core::pinned_pool: pinned_pool.rs:213 Pinned pool: backing_size=4.0 GiB, unit_size=512 B, max_units=8388608, allocatable_size=4.0 GiB
2026-08-19T03:10:26.095232+00:00   INFO pegaflow_core::pinned_pool: pinned_pool.rs:580 Created pinned pool on NUMA4: capacity=4.0 GiB
2026-08-19T03:10:26.096537+00:00   INFO pegaflow_core::pinned_pool: pinned_pool.rs:203 Allocating pinned memory pool with aclrtMallocHost mapped pages
2026-08-19T03:10:26.096746+00:00   INFO pegaflow_core::pinned_pool: pinned_pool.rs:262 Ascend pinned pool on NUMA node NUMA6 → using device 2
2026-08-19T03:10:26.260842+00:00   INFO pegaflow_core::pinned_pool: pinned_pool.rs:213 Pinned pool: backing_size=4.0 GiB, unit_size=512 B, max_units=8388608, allocatable_size=4.0 GiB
2026-08-19T03:10:26.598248+00:00   INFO pegaflow_core::pinned_pool: pinned_pool.rs:580 Created pinned pool on NUMA6: capacity=4.0 GiB
2026-08-19T03:10:26.599088+00:00   INFO pegaflow_server: lib.rs:688 Background GC task started (interval=60s, inflight_max_age=5m, failed_remote_max_age=5m)
2026-08-19T03:10:26.599592+00:00   INFO pegaflow_server::http_server: http_server.rs:187 Starting HTTP server on 0.0.0.0:9091 (/health, /metrics, /instances, /instances/cleanup, /cache/memory/cleanup)
2026-08-19T03:10:26.599708+00:00   INFO pegaflow_server: lib.rs:716 PegaEngine gRPC server listening on 0.0.0.0:50080
2026-08-19T03:12:29.944853+00:00   INFO pegaflow_server::registry: registry.rs:217 IPC import timing: device_id=5 size_bytes=533725184 import_ms=35.40 (perf-t1)
2026-08-19T03:12:29.990947+00:00   INFO pegaflow_server::registry: registry.rs:217 IPC import timing: device_id=5 size_bytes=533725184 import_ms=43.88 (perf-t1)
2026-08-19T03:12:30.036603+00:00   INFO pegaflow_server::registry: registry.rs:217 IPC import timing: device_id=5 size_bytes=533725184 import_ms=44.28 (perf-t1)
2026-08-19T03:12:30.043822+00:00   INFO pegaflow_server::registry: registry.rs:217 IPC import timing: device_id=5 size_bytes=533725184 import_ms=6.23 (perf-t1)
2026-08-19T03:12:30.084565+00:00   INFO pegaflow_server::registry: registry.rs:217 IPC import timing: device_id=5 size_bytes=533725184 import_ms=39.95 (perf-t1)
2026-08-19T03:12:30.089143+00:00   INFO pegaflow_server::registry: registry.rs:217 IPC import timing: device_id=5 size_bytes=533725184 import_ms=3.59 (perf-t1)
2026-08-19T03:12:30.133742+00:00   INFO pegaflow_server::registry: registry.rs:217 IPC import timing: device_id=5 size_bytes=533725184 import_ms=43.94 (perf-t1)
2026-08-19T03:12:30.184794+00:00   INFO pegaflow_server::registry: registry.rs:217 IPC import timing: device_id=5 size_bytes=533725184 import_ms=49.61 (perf-t1)
2026-08-19T03:12:30.190231+00:00   INFO pegaflow_server::registry: registry.rs:217 IPC import timing: device_id=5 size_bytes=533725184 import_ms=4.42 (perf-t1)
2026-08-19T03:12:30.232571+00:00   INFO pegaflow_server::registry: registry.rs:217 IPC import timing: device_id=5 size_bytes=533725184 import_ms=41.60 (perf-t1)
2026-08-19T03:12:30.237056+00:00   INFO pegaflow_server::registry: registry.rs:217 IPC import timing: device_id=5 size_bytes=533725184 import_ms=3.44 (perf-t1)
2026-08-19T03:12:30.276169+00:00   INFO pegaflow_server::registry: registry.rs:217 IPC import timing: device_id=5 size_bytes=533725184 import_ms=38.44 (perf-t1)
2026-08-19T03:12:30.280502+00:00   INFO pegaflow_server::registry: registry.rs:217 IPC import timing: device_id=5 size_bytes=533725184 import_ms=3.50 (perf-t1)
2026-08-19T03:12:30.368139+00:00   INFO pegaflow_server::registry: registry.rs:217 IPC import timing: device_id=5 size_bytes=533725184 import_ms=86.81 (perf-t1)
2026-08-19T03:12:30.384536+00:00   INFO pegaflow_server::registry: registry.rs:217 IPC import timing: device_id=5 size_bytes=533725184 import_ms=15.39 (perf-t1)
2026-08-19T03:12:30.390161+00:00   INFO pegaflow_server::registry: registry.rs:217 IPC import timing: device_id=5 size_bytes=533725184 import_ms=4.64 (perf-t1)
2026-08-19T03:12:30.433035+00:00   INFO pegaflow_server::registry: registry.rs:217 IPC import timing: device_id=5 size_bytes=533725184 import_ms=42.00 (perf-t1)
2026-08-19T03:12:30.437301+00:00   INFO pegaflow_server::registry: registry.rs:217 IPC import timing: device_id=5 size_bytes=533725184 import_ms=3.19 (perf-t1)
2026-08-19T03:12:30.527324+00:00   INFO pegaflow_server::registry: registry.rs:217 IPC import timing: device_id=5 size_bytes=533725184 import_ms=89.22 (perf-t1)
2026-08-19T03:12:30.531842+00:00   INFO pegaflow_server::registry: registry.rs:217 IPC import timing: device_id=5 size_bytes=533725184 import_ms=3.36 (perf-t1)
2026-08-19T03:12:30.611384+00:00   INFO pegaflow_server::registry: registry.rs:217 IPC import timing: device_id=5 size_bytes=533725184 import_ms=78.79 (perf-t1)
2026-08-19T03:12:30.624852+00:00   INFO pegaflow_server::registry: registry.rs:217 IPC import timing: device_id=5 size_bytes=533725184 import_ms=12.37 (perf-t1)
2026-08-19T03:12:30.628910+00:00   INFO pegaflow_server::registry: registry.rs:217 IPC import timing: device_id=5 size_bytes=533725184 import_ms=3.15 (perf-t1)
2026-08-19T03:12:30.678175+00:00   INFO pegaflow_server::registry: registry.rs:217 IPC import timing: device_id=5 size_bytes=533725184 import_ms=48.55 (perf-t1)
2026-08-19T03:12:30.682465+00:00   INFO pegaflow_server::registry: registry.rs:217 IPC import timing: device_id=5 size_bytes=533725184 import_ms=3.28 (perf-t1)
2026-08-19T03:12:30.762842+00:00   INFO pegaflow_server::registry: registry.rs:217 IPC import timing: device_id=5 size_bytes=533725184 import_ms=79.57 (perf-t1)
2026-08-19T03:12:30.776203+00:00   INFO pegaflow_server::registry: registry.rs:217 IPC import timing: device_id=5 size_bytes=533725184 import_ms=12.41 (perf-t1)
2026-08-19T03:12:30.780316+00:00   INFO pegaflow_server::registry: registry.rs:217 IPC import timing: device_id=5 size_bytes=533725184 import_ms=3.29 (perf-t1)
2026-08-19T03:12:30.825100+00:00   INFO pegaflow_server::registry: registry.rs:217 IPC import timing: device_id=5 size_bytes=533725184 import_ms=43.92 (perf-t1)
2026-08-19T03:12:30.830684+00:00   INFO pegaflow_server::registry: registry.rs:217 IPC import timing: device_id=5 size_bytes=533725184 import_ms=4.40 (perf-t1)
2026-08-19T03:12:30.872584+00:00   INFO pegaflow_server::registry: registry.rs:217 IPC import timing: device_id=5 size_bytes=533725184 import_ms=41.13 (perf-t1)
2026-08-19T03:12:30.876864+00:00   INFO pegaflow_server::registry: registry.rs:217 IPC import timing: device_id=5 size_bytes=533725184 import_ms=3.15 (perf-t1)
2026-08-19T03:12:30.920666+00:00   INFO pegaflow_server::registry: registry.rs:217 IPC import timing: device_id=5 size_bytes=533725184 import_ms=43.06 (perf-t1)
2026-08-19T03:12:30.924934+00:00   INFO pegaflow_server::registry: registry.rs:217 IPC import timing: device_id=5 size_bytes=533725184 import_ms=3.27 (perf-t1)
2026-08-19T03:12:30.972479+00:00   INFO pegaflow_server::registry: registry.rs:217 IPC import timing: device_id=5 size_bytes=533725184 import_ms=46.72 (perf-t1)
2026-08-19T03:12:30.976823+00:00   INFO pegaflow_server::registry: registry.rs:217 IPC import timing: device_id=5 size_bytes=533725184 import_ms=3.38 (perf-t1)
2026-08-19T03:12:31.020643+00:00   INFO pegaflow_server::registry: registry.rs:217 IPC import timing: device_id=5 size_bytes=533725184 import_ms=43.07 (perf-t1)
2026-08-19T03:12:31.024965+00:00   INFO pegaflow_server::registry: registry.rs:217 IPC import timing: device_id=5 size_bytes=533725184 import_ms=3.18 (perf-t1)
2026-08-19T03:12:31.068394+00:00   INFO pegaflow_server::registry: registry.rs:217 IPC import timing: device_id=5 size_bytes=533725184 import_ms=42.68 (perf-t1)
2026-08-19T03:12:31.072530+00:00   INFO pegaflow_server::registry: registry.rs:217 IPC import timing: device_id=5 size_bytes=533725184 import_ms=3.16 (perf-t1)
2026-08-19T03:12:31.116457+00:00   INFO pegaflow_server::registry: registry.rs:217 IPC import timing: device_id=5 size_bytes=533725184 import_ms=43.11 (perf-t1)
2026-08-19T03:12:31.120672+00:00   INFO pegaflow_server::registry: registry.rs:217 IPC import timing: device_id=5 size_bytes=533725184 import_ms=3.18 (perf-t1)
2026-08-19T03:12:31.164532+00:00   INFO pegaflow_server::registry: registry.rs:217 IPC import timing: device_id=5 size_bytes=533725184 import_ms=43.12 (perf-t1)
2026-08-19T03:12:31.168813+00:00   INFO pegaflow_server::registry: registry.rs:217 IPC import timing: device_id=5 size_bytes=533725184 import_ms=3.27 (perf-t1)
2026-08-19T03:12:31.218768+00:00   INFO pegaflow_server::registry: registry.rs:217 IPC import timing: device_id=5 size_bytes=533725184 import_ms=49.22 (perf-t1)
2026-08-19T03:12:31.226044+00:00   INFO pegaflow_server::registry: registry.rs:217 IPC import timing: device_id=5 size_bytes=533725184 import_ms=6.39 (perf-t1)
2026-08-19T03:12:31.230112+00:00   INFO pegaflow_server::registry: registry.rs:217 IPC import timing: device_id=5 size_bytes=533725184 import_ms=3.35 (perf-t1)
2026-08-19T03:12:31.233583+00:00   INFO pegaflow_server::registry: registry.rs:217 IPC import timing: device_id=5 size_bytes=533725184 import_ms=2.90 (perf-t1)
2026-08-19T03:12:31.237028+00:00   INFO pegaflow_server::registry: registry.rs:217 IPC import timing: device_id=5 size_bytes=533725184 import_ms=2.89 (perf-t1)
2026-08-19T03:12:31.244144+00:00   INFO pegaflow_server::registry: registry.rs:217 IPC import timing: device_id=5 size_bytes=533725184 import_ms=6.42 (perf-t1)
2026-08-19T03:12:31.247902+00:00   INFO pegaflow_server::registry: registry.rs:217 IPC import timing: device_id=5 size_bytes=533725184 import_ms=2.98 (perf-t1)
2026-08-19T03:12:31.251519+00:00   INFO pegaflow_server::registry: registry.rs:217 IPC import timing: device_id=5 size_bytes=533725184 import_ms=2.95 (perf-t1)
2026-08-19T03:12:31.255221+00:00   INFO pegaflow_server::registry: registry.rs:217 IPC import timing: device_id=5 size_bytes=533725184 import_ms=3.00 (perf-t1)
2026-08-19T03:12:31.258745+00:00   INFO pegaflow_server::registry: registry.rs:217 IPC import timing: device_id=5 size_bytes=533725184 import_ms=2.92 (perf-t1)
2026-08-19T03:12:31.262430+00:00   INFO pegaflow_server::registry: registry.rs:217 IPC import timing: device_id=5 size_bytes=533725184 import_ms=3.09 (perf-t1)
2026-08-19T03:12:31.265941+00:00   INFO pegaflow_server::registry: registry.rs:217 IPC import timing: device_id=5 size_bytes=533725184 import_ms=2.90 (perf-t1)
2026-08-19T03:12:31.307988+00:00   INFO pegaflow_server::registry: registry.rs:217 IPC import timing: device_id=5 size_bytes=533725184 import_ms=41.47 (perf-t1)
2026-08-19T03:12:31.355833+00:00   INFO pegaflow_server::registry: registry.rs:217 IPC import timing: device_id=5 size_bytes=533725184 import_ms=47.12 (perf-t1)
2026-08-19T03:12:31.403952+00:00   INFO pegaflow_server::registry: registry.rs:217 IPC import timing: device_id=5 size_bytes=533725184 import_ms=47.49 (perf-t1)
2026-08-19T03:12:31.455736+00:00   INFO pegaflow_server::registry: registry.rs:217 IPC import timing: device_id=5 size_bytes=533725184 import_ms=51.13 (perf-t1)
2026-08-19T03:12:31.503761+00:00   INFO pegaflow_server::registry: registry.rs:217 IPC import timing: device_id=5 size_bytes=533725184 import_ms=47.46 (perf-t1)
2026-08-19T03:12:31.552772+00:00   INFO pegaflow_server::registry: registry.rs:217 IPC import timing: device_id=5 size_bytes=533725184 import_ms=48.44 (perf-t1)
2026-08-19T03:12:31.602915+00:00   INFO pegaflow_server::registry: registry.rs:217 IPC import timing: device_id=5 size_bytes=533725184 import_ms=49.52 (perf-t1)
2026-08-19T03:12:31.647637+00:00   INFO pegaflow_server::registry: registry.rs:217 IPC import timing: device_id=5 size_bytes=533725184 import_ms=44.11 (perf-t1)
2026-08-19T03:12:31.695496+00:00   INFO pegaflow_server::registry: registry.rs:217 IPC import timing: device_id=5 size_bytes=533725184 import_ms=47.30 (perf-t1)
2026-08-19T03:12:31.743484+00:00   INFO pegaflow_server::registry: registry.rs:217 IPC import timing: device_id=5 size_bytes=533725184 import_ms=47.42 (perf-t1)
2026-08-19T03:12:31.825889+00:00   INFO pegaflow_server::registry: registry.rs:217 IPC import timing: device_id=5 size_bytes=533725184 import_ms=81.84 (perf-t1)
2026-08-19T03:12:31.918159+00:00   INFO pegaflow_server::registry: registry.rs:217 IPC import timing: device_id=5 size_bytes=533725184 import_ms=91.30 (perf-t1)
2026-08-19T03:12:32.014046+00:00   INFO pegaflow_server::registry: registry.rs:217 IPC import timing: device_id=5 size_bytes=533725184 import_ms=94.78 (perf-t1)
2026-08-19T03:12:32.105556+00:00   INFO pegaflow_server::registry: registry.rs:217 IPC import timing: device_id=5 size_bytes=533725184 import_ms=90.59 (perf-t1)
2026-08-19T03:12:32.201489+00:00   INFO pegaflow_server::registry: registry.rs:217 IPC import timing: device_id=5 size_bytes=533725184 import_ms=95.34 (perf-t1)
2026-08-19T03:12:32.297489+00:00   INFO pegaflow_server::registry: registry.rs:217 IPC import timing: device_id=5 size_bytes=533725184 import_ms=95.32 (perf-t1)
2026-08-19T03:12:32.391702+00:00   INFO pegaflow_core::gpu_worker: gpu_worker.rs:338 GPU worker initialized: device=5 backend=ascend_batch device_id=5
2026-08-19T03:12:32.391859+00:00   INFO pegaflow_core::gpu_worker: gpu_worker.rs:338 GPU worker initialized: device=5 backend=ascend_batch device_id=5
2026-08-19T03:12:32.392096+00:00   INFO pegaflow_core::gpu_worker: gpu_worker.rs:200 GPU worker pool started: device=5, numa_node=NUMA2, transfer_mode=AscendDirect
2026-08-19T03:12:32.392980+00:00   INFO pegaflow_core::instance: instance.rs:706 Sealed instance topology: instance=3fa95cce-594d-4ee0-b18a-121c34c23151-39a594a117154724b3e12b8232f37c1f, num_layers=72, tp_size=1, world_size=1, total_slots=72
2026-08-19T03:12:32.393047+00:00   INFO pegaflow_core::instance: instance.rs:719 Initialized GPU context: device_id=5, numa_node=NUMA2
2026-08-19T03:12:32.393101+00:00   INFO pegaflow_core: lib.rs:452 Registered context batch: instance=3fa95cce-594d-4ee0-b18a-121c34c23151-39a594a117154724b3e12b8232f37c1f, namespace=perf-t3-h50-iso-c1-5, device=5, layers=72, tp_rank=0/1, pp_rank=0
2026-08-19T03:12:32.393510+00:00   INFO pegaflow_server::registry: registry.rs:217 IPC import timing: device_id=1 size_bytes=533725184 import_ms=95.13 (perf-t1)
2026-08-19T03:12:32.489561+00:00   INFO pegaflow_server::registry: registry.rs:217 IPC import timing: device_id=1 size_bytes=533725184 import_ms=95.49 (perf-t1)
2026-08-19T03:12:32.589507+00:00   INFO pegaflow_server::registry: registry.rs:217 IPC import timing: device_id=1 size_bytes=533725184 import_ms=99.35 (perf-t1)
2026-08-19T03:12:32.685956+00:00   INFO pegaflow_server::registry: registry.rs:217 IPC import timing: device_id=1 size_bytes=533725184 import_ms=95.90 (perf-t1)
2026-08-19T03:12:32.781617+00:00   INFO pegaflow_server::registry: registry.rs:217 IPC import timing: device_id=1 size_bytes=533725184 import_ms=95.10 (perf-t1)
2026-08-19T03:12:32.881744+00:00   INFO pegaflow_server::registry: registry.rs:217 IPC import timing: device_id=1 size_bytes=533725184 import_ms=99.56 (perf-t1)
2026-08-19T03:12:32.978857+00:00   INFO pegaflow_server::registry: registry.rs:217 IPC import timing: device_id=1 size_bytes=533725184 import_ms=96.51 (perf-t1)
2026-08-19T03:12:33.081423+00:00   INFO pegaflow_server::registry: registry.rs:217 IPC import timing: device_id=1 size_bytes=533725184 import_ms=101.89 (perf-t1)
2026-08-19T03:12:33.173437+00:00   INFO pegaflow_server::registry: registry.rs:217 IPC import timing: device_id=1 size_bytes=533725184 import_ms=88.63 (perf-t1)
2026-08-19T03:12:33.281862+00:00   INFO pegaflow_server::registry: registry.rs:217 IPC import timing: device_id=1 size_bytes=533725184 import_ms=107.78 (perf-t1)
2026-08-19T03:12:33.329398+00:00   INFO pegaflow_server::registry: registry.rs:217 IPC import timing: device_id=1 size_bytes=533725184 import_ms=46.98 (perf-t1)
2026-08-19T03:12:33.399706+00:00   INFO pegaflow_server::registry: registry.rs:217 IPC import timing: device_id=1 size_bytes=533725184 import_ms=69.74 (perf-t1)
2026-08-19T03:12:33.447359+00:00   INFO pegaflow_server::registry: registry.rs:217 IPC import timing: device_id=1 size_bytes=533725184 import_ms=47.07 (perf-t1)
2026-08-19T03:12:33.495388+00:00   INFO pegaflow_server::registry: registry.rs:217 IPC import timing: device_id=1 size_bytes=533725184 import_ms=47.48 (perf-t1)
2026-08-19T03:12:33.546359+00:00   INFO pegaflow_server::registry: registry.rs:217 IPC import timing: device_id=1 size_bytes=533725184 import_ms=50.40 (perf-t1)
2026-08-19T03:12:33.610222+00:00   INFO pegaflow_server::registry: registry.rs:217 IPC import timing: device_id=1 size_bytes=533725184 import_ms=63.30 (perf-t1)
2026-08-19T03:12:33.701274+00:00   INFO pegaflow_server::registry: registry.rs:217 IPC import timing: device_id=1 size_bytes=533725184 import_ms=90.48 (perf-t1)
2026-08-19T03:12:33.743625+00:00   INFO pegaflow_server::registry: registry.rs:217 IPC import timing: device_id=1 size_bytes=533725184 import_ms=41.77 (perf-t1)
2026-08-19T03:12:33.747257+00:00   INFO pegaflow_server::registry: registry.rs:217 IPC import timing: device_id=1 size_bytes=533725184 import_ms=3.09 (perf-t1)
2026-08-19T03:12:33.794346+00:00   INFO pegaflow_server::registry: registry.rs:217 IPC import timing: device_id=1 size_bytes=533725184 import_ms=46.55 (perf-t1)
2026-08-19T03:12:33.839508+00:00   INFO pegaflow_server::registry: registry.rs:217 IPC import timing: device_id=1 size_bytes=533725184 import_ms=44.54 (perf-t1)
2026-08-19T03:12:33.843767+00:00   INFO pegaflow_server::registry: registry.rs:217 IPC import timing: device_id=1 size_bytes=533725184 import_ms=3.72 (perf-t1)
2026-08-19T03:12:33.887536+00:00   INFO pegaflow_server::registry: registry.rs:217 IPC import timing: device_id=1 size_bytes=533725184 import_ms=43.24 (perf-t1)
2026-08-19T03:12:33.935185+00:00   INFO pegaflow_server::registry: registry.rs:217 IPC import timing: device_id=1 size_bytes=533725184 import_ms=47.07 (perf-t1)
2026-08-19T03:12:33.983380+00:00   INFO pegaflow_server::registry: registry.rs:217 IPC import timing: device_id=1 size_bytes=533725184 import_ms=47.64 (perf-t1)
2026-08-19T03:12:34.079767+00:00   INFO pegaflow_server::registry: registry.rs:217 IPC import timing: device_id=1 size_bytes=533725184 import_ms=95.83 (perf-t1)
2026-08-19T03:12:34.087042+00:00   INFO pegaflow_server::registry: registry.rs:217 IPC import timing: device_id=1 size_bytes=533725184 import_ms=6.71 (perf-t1)
2026-08-19T03:12:34.127325+00:00   INFO pegaflow_server::registry: registry.rs:217 IPC import timing: device_id=1 size_bytes=533725184 import_ms=39.77 (perf-t1)
2026-08-19T03:12:34.178565+00:00   INFO pegaflow_server::registry: registry.rs:217 IPC import timing: device_id=1 size_bytes=533725184 import_ms=50.72 (perf-t1)
2026-08-19T03:12:34.183894+00:00   INFO pegaflow_server::registry: registry.rs:217 IPC import timing: device_id=1 size_bytes=533725184 import_ms=4.69 (perf-t1)
2026-08-19T03:12:34.231758+00:00   INFO pegaflow_server::registry: registry.rs:217 IPC import timing: device_id=1 size_bytes=533725184 import_ms=47.33 (perf-t1)
2026-08-19T03:12:34.235487+00:00   INFO pegaflow_server::registry: registry.rs:217 IPC import timing: device_id=1 size_bytes=533725184 import_ms=3.21 (perf-t1)
2026-08-19T03:12:34.279683+00:00   INFO pegaflow_server::registry: registry.rs:217 IPC import timing: device_id=1 size_bytes=533725184 import_ms=43.64 (perf-t1)
2026-08-19T03:12:34.283110+00:00   INFO pegaflow_server::registry: registry.rs:217 IPC import timing: device_id=1 size_bytes=533725184 import_ms=2.90 (perf-t1)
2026-08-19T03:12:34.327457+00:00   INFO pegaflow_server::registry: registry.rs:217 IPC import timing: device_id=1 size_bytes=533725184 import_ms=43.83 (perf-t1)
2026-08-19T03:12:34.370636+00:00   INFO pegaflow_server::registry: registry.rs:217 IPC import timing: device_id=1 size_bytes=533725184 import_ms=42.62 (perf-t1)
2026-08-19T03:12:34.375932+00:00   INFO pegaflow_server::registry: registry.rs:217 IPC import timing: device_id=1 size_bytes=533725184 import_ms=4.77 (perf-t1)
2026-08-19T03:12:34.418491+00:00   INFO pegaflow_server::registry: registry.rs:217 IPC import timing: device_id=1 size_bytes=533725184 import_ms=41.99 (perf-t1)
2026-08-19T03:12:34.424670+00:00   INFO pegaflow_server::registry: registry.rs:217 IPC import timing: device_id=1 size_bytes=533725184 import_ms=5.60 (perf-t1)
2026-08-19T03:12:34.428199+00:00   INFO pegaflow_server::registry: registry.rs:217 IPC import timing: device_id=1 size_bytes=533725184 import_ms=2.99 (perf-t1)
2026-08-19T03:12:34.446678+00:00   INFO pegaflow_server::registry: registry.rs:217 IPC import timing: device_id=1 size_bytes=533725184 import_ms=17.94 (perf-t1)
2026-08-19T03:12:34.450132+00:00   INFO pegaflow_server::registry: registry.rs:217 IPC import timing: device_id=1 size_bytes=533725184 import_ms=2.90 (perf-t1)
2026-08-19T03:12:34.453471+00:00   INFO pegaflow_server::registry: registry.rs:217 IPC import timing: device_id=1 size_bytes=533725184 import_ms=2.82 (perf-t1)
2026-08-19T03:12:34.457941+00:00   INFO pegaflow_server::registry: registry.rs:217 IPC import timing: device_id=1 size_bytes=533725184 import_ms=3.95 (perf-t1)
2026-08-19T03:12:34.461394+00:00   INFO pegaflow_server::registry: registry.rs:217 IPC import timing: device_id=1 size_bytes=533725184 import_ms=2.88 (perf-t1)
2026-08-19T03:12:34.467195+00:00   INFO pegaflow_server::registry: registry.rs:217 IPC import timing: device_id=1 size_bytes=533725184 import_ms=5.28 (perf-t1)
2026-08-19T03:12:34.471108+00:00   INFO pegaflow_server::registry: registry.rs:217 IPC import timing: device_id=1 size_bytes=533725184 import_ms=3.40 (perf-t1)
2026-08-19T03:12:34.474595+00:00   INFO pegaflow_server::registry: registry.rs:217 IPC import timing: device_id=1 size_bytes=533725184 import_ms=2.95 (perf-t1)
2026-08-19T03:12:34.477943+00:00   INFO pegaflow_server::registry: registry.rs:217 IPC import timing: device_id=1 size_bytes=533725184 import_ms=2.83 (perf-t1)
2026-08-19T03:12:34.481433+00:00   INFO pegaflow_server::registry: registry.rs:217 IPC import timing: device_id=1 size_bytes=533725184 import_ms=2.96 (perf-t1)
2026-08-19T03:12:34.484804+00:00   INFO pegaflow_server::registry: registry.rs:217 IPC import timing: device_id=1 size_bytes=533725184 import_ms=2.83 (perf-t1)
2026-08-19T03:12:34.488225+00:00   INFO pegaflow_server::registry: registry.rs:217 IPC import timing: device_id=1 size_bytes=533725184 import_ms=2.91 (perf-t1)
2026-08-19T03:12:34.492049+00:00   INFO pegaflow_server::registry: registry.rs:217 IPC import timing: device_id=1 size_bytes=533725184 import_ms=3.23 (perf-t1)
2026-08-19T03:12:34.495527+00:00   INFO pegaflow_server::registry: registry.rs:217 IPC import timing: device_id=1 size_bytes=533725184 import_ms=2.88 (perf-t1)
2026-08-19T03:12:34.499016+00:00   INFO pegaflow_server::registry: registry.rs:217 IPC import timing: device_id=1 size_bytes=533725184 import_ms=2.97 (perf-t1)
2026-08-19T03:12:34.502271+00:00   INFO pegaflow_server::registry: registry.rs:217 IPC import timing: device_id=1 size_bytes=533725184 import_ms=2.76 (perf-t1)
2026-08-19T03:12:34.505744+00:00   INFO pegaflow_server::registry: registry.rs:217 IPC import timing: device_id=1 size_bytes=533725184 import_ms=2.95 (perf-t1)
2026-08-19T03:12:34.509229+00:00   INFO pegaflow_server::registry: registry.rs:217 IPC import timing: device_id=1 size_bytes=533725184 import_ms=2.86 (perf-t1)
2026-08-19T03:12:34.512681+00:00   INFO pegaflow_server::registry: registry.rs:217 IPC import timing: device_id=1 size_bytes=533725184 import_ms=2.94 (perf-t1)
2026-08-19T03:12:34.516091+00:00   INFO pegaflow_server::registry: registry.rs:217 IPC import timing: device_id=1 size_bytes=533725184 import_ms=2.88 (perf-t1)
2026-08-19T03:12:34.519557+00:00   INFO pegaflow_server::registry: registry.rs:217 IPC import timing: device_id=1 size_bytes=533725184 import_ms=2.90 (perf-t1)
2026-08-19T03:12:34.524021+00:00   INFO pegaflow_server::registry: registry.rs:217 IPC import timing: device_id=1 size_bytes=533725184 import_ms=3.93 (perf-t1)
2026-08-19T03:12:34.527811+00:00   INFO pegaflow_server::registry: registry.rs:217 IPC import timing: device_id=1 size_bytes=533725184 import_ms=3.25 (perf-t1)
2026-08-19T03:12:34.531311+00:00   INFO pegaflow_server::registry: registry.rs:217 IPC import timing: device_id=1 size_bytes=533725184 import_ms=2.92 (perf-t1)
2026-08-19T03:12:34.534841+00:00   INFO pegaflow_server::registry: registry.rs:217 IPC import timing: device_id=1 size_bytes=533725184 import_ms=2.99 (perf-t1)
2026-08-19T03:12:34.538501+00:00   INFO pegaflow_server::registry: registry.rs:217 IPC import timing: device_id=1 size_bytes=533725184 import_ms=3.13 (perf-t1)
2026-08-19T03:12:34.541829+00:00   INFO pegaflow_server::registry: registry.rs:217 IPC import timing: device_id=1 size_bytes=533725184 import_ms=2.78 (perf-t1)
2026-08-19T03:12:34.548118+00:00   INFO pegaflow_server::registry: registry.rs:217 IPC import timing: device_id=1 size_bytes=533725184 import_ms=5.79 (perf-t1)
2026-08-19T03:12:34.551552+00:00   INFO pegaflow_server::registry: registry.rs:217 IPC import timing: device_id=1 size_bytes=533725184 import_ms=2.88 (perf-t1)
2026-08-19T03:12:34.555011+00:00   INFO pegaflow_server::registry: registry.rs:217 IPC import timing: device_id=1 size_bytes=533725184 import_ms=2.90 (perf-t1)
2026-08-19T03:12:34.558296+00:00   INFO pegaflow_server::registry: registry.rs:217 IPC import timing: device_id=1 size_bytes=533725184 import_ms=2.76 (perf-t1)
2026-08-19T03:12:34.561495+00:00   INFO pegaflow_server::registry: registry.rs:217 IPC import timing: device_id=1 size_bytes=533725184 import_ms=2.70 (perf-t1)
2026-08-19T03:12:34.565094+00:00   INFO pegaflow_server::registry: registry.rs:217 IPC import timing: device_id=6 size_bytes=533725184 import_ms=2.86 (perf-t1)
2026-08-19T03:12:34.565799+00:00   INFO pegaflow_core::gpu_worker: gpu_worker.rs:338 GPU worker initialized: device=1 backend=ascend_batch device_id=1
2026-08-19T03:12:34.566255+00:00   INFO pegaflow_core::gpu_worker: gpu_worker.rs:338 GPU worker initialized: device=1 backend=ascend_batch device_id=1
2026-08-19T03:12:34.566451+00:00   INFO pegaflow_core::gpu_worker: gpu_worker.rs:200 GPU worker pool started: device=1, numa_node=NUMA0, transfer_mode=AscendDirect
2026-08-19T03:12:34.567135+00:00   INFO pegaflow_core::instance: instance.rs:706 Sealed instance topology: instance=2d9566ee-7276-4ee5-bd32-de0877783f01-54e7d9176ded4ad3a69e07511aa96779, num_layers=72, tp_size=1, world_size=1, total_slots=72
2026-08-19T03:12:34.567188+00:00   INFO pegaflow_core::instance: instance.rs:719 Initialized GPU context: device_id=1, numa_node=NUMA0
2026-08-19T03:12:34.567216+00:00   INFO pegaflow_core: lib.rs:452 Registered context batch: instance=2d9566ee-7276-4ee5-bd32-de0877783f01-54e7d9176ded4ad3a69e07511aa96779, namespace=perf-t3-h50-iso-c1-1, device=1, layers=72, tp_rank=0/1, pp_rank=0
2026-08-19T03:12:34.568524+00:00   INFO pegaflow_server::registry: registry.rs:217 IPC import timing: device_id=6 size_bytes=533725184 import_ms=2.89 (perf-t1)
2026-08-19T03:12:34.574945+00:00   INFO pegaflow_server::registry: registry.rs:217 IPC import timing: device_id=6 size_bytes=533725184 import_ms=5.91 (perf-t1)
2026-08-19T03:12:34.580960+00:00   INFO pegaflow_server::registry: registry.rs:217 IPC import timing: device_id=6 size_bytes=533725184 import_ms=5.41 (perf-t1)
2026-08-19T03:12:34.585379+00:00   INFO pegaflow_server::registry: registry.rs:217 IPC import timing: device_id=6 size_bytes=533725184 import_ms=3.89 (perf-t1)
2026-08-19T03:12:34.590211+00:00   INFO pegaflow_server::registry: registry.rs:217 IPC import timing: device_id=6 size_bytes=533725184 import_ms=4.33 (perf-t1)
2026-08-19T03:12:34.598367+00:00   INFO pegaflow_server::registry: registry.rs:217 IPC import timing: device_id=6 size_bytes=533725184 import_ms=7.60 (perf-t1)
2026-08-19T03:12:34.602774+00:00   INFO pegaflow_server::registry: registry.rs:217 IPC import timing: device_id=6 size_bytes=533725184 import_ms=3.88 (perf-t1)
2026-08-19T03:12:34.607808+00:00   INFO pegaflow_server::registry: registry.rs:217 IPC import timing: device_id=6 size_bytes=533725184 import_ms=4.48 (perf-t1)
2026-08-19T03:12:34.612271+00:00   INFO pegaflow_server::registry: registry.rs:217 IPC import timing: device_id=6 size_bytes=533725184 import_ms=3.94 (perf-t1)
2026-08-19T03:12:34.615621+00:00   INFO pegaflow_server::registry: registry.rs:217 IPC import timing: device_id=6 size_bytes=533725184 import_ms=2.83 (perf-t1)
2026-08-19T03:12:34.619065+00:00   INFO pegaflow_server::registry: registry.rs:217 IPC import timing: device_id=6 size_bytes=533725184 import_ms=2.94 (perf-t1)
2026-08-19T03:12:34.624536+00:00   INFO pegaflow_server::registry: registry.rs:217 IPC import timing: device_id=6 size_bytes=533725184 import_ms=4.92 (perf-t1)
2026-08-19T03:12:34.627870+00:00   INFO pegaflow_server::registry: registry.rs:217 IPC import timing: device_id=6 size_bytes=533725184 import_ms=2.84 (perf-t1)
2026-08-19T03:12:34.631117+00:00   INFO pegaflow_server::registry: registry.rs:217 IPC import timing: device_id=6 size_bytes=533725184 import_ms=2.73 (perf-t1)
2026-08-19T03:12:34.634389+00:00   INFO pegaflow_server::registry: registry.rs:217 IPC import timing: device_id=6 size_bytes=533725184 import_ms=2.72 (perf-t1)
2026-08-19T03:12:34.637653+00:00   INFO pegaflow_server::registry: registry.rs:217 IPC import timing: device_id=6 size_bytes=533725184 import_ms=2.75 (perf-t1)
2026-08-19T03:12:34.640831+00:00   INFO pegaflow_server::registry: registry.rs:217 IPC import timing: device_id=6 size_bytes=533725184 import_ms=2.67 (perf-t1)
2026-08-19T03:12:34.645496+00:00   INFO pegaflow_server::registry: registry.rs:217 IPC import timing: device_id=6 size_bytes=533725184 import_ms=4.13 (perf-t1)
2026-08-19T03:12:34.648774+00:00   INFO pegaflow_server::registry: registry.rs:217 IPC import timing: device_id=6 size_bytes=533725184 import_ms=2.78 (perf-t1)
2026-08-19T03:12:34.652027+00:00   INFO pegaflow_server::registry: registry.rs:217 IPC import timing: device_id=6 size_bytes=533725184 import_ms=2.74 (perf-t1)
2026-08-19T03:12:34.655730+00:00   INFO pegaflow_server::registry: registry.rs:217 IPC import timing: device_id=6 size_bytes=533725184 import_ms=3.16 (perf-t1)
2026-08-19T03:12:34.659195+00:00   INFO pegaflow_server::registry: registry.rs:217 IPC import timing: device_id=6 size_bytes=533725184 import_ms=2.96 (perf-t1)
2026-08-19T03:12:34.662474+00:00   INFO pegaflow_server::registry: registry.rs:217 IPC import timing: device_id=6 size_bytes=533725184 import_ms=2.78 (perf-t1)
2026-08-19T03:12:34.665888+00:00   INFO pegaflow_server::registry: registry.rs:217 IPC import timing: device_id=6 size_bytes=533725184 import_ms=2.89 (perf-t1)
2026-08-19T03:12:34.669134+00:00   INFO pegaflow_server::registry: registry.rs:217 IPC import timing: device_id=6 size_bytes=533725184 import_ms=2.75 (perf-t1)
2026-08-19T03:12:34.672355+00:00   INFO pegaflow_server::registry: registry.rs:217 IPC import timing: device_id=6 size_bytes=533725184 import_ms=2.72 (perf-t1)
2026-08-19T03:12:34.675687+00:00   INFO pegaflow_server::registry: registry.rs:217 IPC import timing: device_id=6 size_bytes=533725184 import_ms=2.77 (perf-t1)
2026-08-19T03:12:34.678882+00:00   INFO pegaflow_server::registry: registry.rs:217 IPC import timing: device_id=6 size_bytes=533725184 import_ms=2.69 (perf-t1)
2026-08-19T03:12:34.696297+00:00   INFO pegaflow_server::registry: registry.rs:217 IPC import timing: device_id=6 size_bytes=533725184 import_ms=16.89 (perf-t1)
2026-08-19T03:12:34.700375+00:00   INFO pegaflow_server::registry: registry.rs:217 IPC import timing: device_id=6 size_bytes=533725184 import_ms=3.51 (perf-t1)
2026-08-19T03:12:34.703642+00:00   INFO pegaflow_server::registry: registry.rs:217 IPC import timing: device_id=6 size_bytes=533725184 import_ms=2.74 (perf-t1)
2026-08-19T03:12:34.706950+00:00   INFO pegaflow_server::registry: registry.rs:217 IPC import timing: device_id=6 size_bytes=533725184 import_ms=2.80 (perf-t1)
2026-08-19T03:12:34.712547+00:00   INFO pegaflow_server::registry: registry.rs:217 IPC import timing: device_id=6 size_bytes=533725184 import_ms=5.06 (perf-t1)
2026-08-19T03:12:34.723867+00:00   INFO pegaflow_server::registry: registry.rs:217 IPC import timing: device_id=6 size_bytes=533725184 import_ms=10.79 (perf-t1)
2026-08-19T03:12:34.727410+00:00   INFO pegaflow_server::registry: registry.rs:217 IPC import timing: device_id=6 size_bytes=533725184 import_ms=2.74 (perf-t1)
2026-08-19T03:12:34.730773+00:00   INFO pegaflow_server::registry: registry.rs:217 IPC import timing: device_id=6 size_bytes=533725184 import_ms=2.81 (perf-t1)
2026-08-19T03:12:34.734056+00:00   INFO pegaflow_server::registry: registry.rs:217 IPC import timing: device_id=6 size_bytes=533725184 import_ms=2.75 (perf-t1)
2026-08-19T03:12:34.737335+00:00   INFO pegaflow_server::registry: registry.rs:217 IPC import timing: device_id=6 size_bytes=533725184 import_ms=2.77 (perf-t1)
2026-08-19T03:12:34.740638+00:00   INFO pegaflow_server::registry: registry.rs:217 IPC import timing: device_id=6 size_bytes=533725184 import_ms=2.76 (perf-t1)
2026-08-19T03:12:34.743923+00:00   INFO pegaflow_server::registry: registry.rs:217 IPC import timing: device_id=6 size_bytes=533725184 import_ms=2.77 (perf-t1)
2026-08-19T03:12:34.747695+00:00   INFO pegaflow_server::registry: registry.rs:217 IPC import timing: device_id=6 size_bytes=533725184 import_ms=3.27 (perf-t1)
2026-08-19T03:12:34.751056+00:00   INFO pegaflow_server::registry: registry.rs:217 IPC import timing: device_id=6 size_bytes=533725184 import_ms=2.83 (perf-t1)
2026-08-19T03:12:34.754447+00:00   INFO pegaflow_server::registry: registry.rs:217 IPC import timing: device_id=6 size_bytes=533725184 import_ms=2.88 (perf-t1)
2026-08-19T03:12:34.757599+00:00   INFO pegaflow_server::registry: registry.rs:217 IPC import timing: device_id=6 size_bytes=533725184 import_ms=2.66 (perf-t1)
2026-08-19T03:12:34.762118+00:00   INFO pegaflow_server::registry: registry.rs:217 IPC import timing: device_id=6 size_bytes=533725184 import_ms=3.99 (perf-t1)
2026-08-19T03:12:34.765598+00:00   INFO pegaflow_server::registry: registry.rs:217 IPC import timing: device_id=6 size_bytes=533725184 import_ms=2.98 (perf-t1)
2026-08-19T03:12:34.768865+00:00   INFO pegaflow_server::registry: registry.rs:217 IPC import timing: device_id=6 size_bytes=533725184 import_ms=2.74 (perf-t1)
2026-08-19T03:12:34.774764+00:00   INFO pegaflow_server::registry: registry.rs:217 IPC import timing: device_id=6 size_bytes=533725184 import_ms=5.37 (perf-t1)
2026-08-19T03:12:34.778157+00:00   INFO pegaflow_server::registry: registry.rs:217 IPC import timing: device_id=6 size_bytes=533725184 import_ms=2.85 (perf-t1)
2026-08-19T03:12:34.781347+00:00   INFO pegaflow_server::registry: registry.rs:217 IPC import timing: device_id=6 size_bytes=533725184 import_ms=2.68 (perf-t1)
2026-08-19T03:12:34.784550+00:00   INFO pegaflow_server::registry: registry.rs:217 IPC import timing: device_id=6 size_bytes=533725184 import_ms=2.70 (perf-t1)
2026-08-19T03:12:34.789992+00:00   INFO pegaflow_server::registry: registry.rs:217 IPC import timing: device_id=6 size_bytes=533725184 import_ms=4.91 (perf-t1)
2026-08-19T03:12:34.798366+00:00   INFO pegaflow_server::registry: registry.rs:217 IPC import timing: device_id=6 size_bytes=533725184 import_ms=7.87 (perf-t1)
2026-08-19T03:12:34.801696+00:00   INFO pegaflow_server::registry: registry.rs:217 IPC import timing: device_id=6 size_bytes=533725184 import_ms=2.82 (perf-t1)
2026-08-19T03:12:34.805127+00:00   INFO pegaflow_server::registry: registry.rs:217 IPC import timing: device_id=6 size_bytes=533725184 import_ms=2.90 (perf-t1)
2026-08-19T03:12:34.808609+00:00   INFO pegaflow_server::registry: registry.rs:217 IPC import timing: device_id=6 size_bytes=533725184 import_ms=2.99 (perf-t1)
2026-08-19T03:12:34.811878+00:00   INFO pegaflow_server::registry: registry.rs:217 IPC import timing: device_id=6 size_bytes=533725184 import_ms=2.67 (perf-t1)
2026-08-19T03:12:34.815239+00:00   INFO pegaflow_server::registry: registry.rs:217 IPC import timing: device_id=6 size_bytes=533725184 import_ms=2.82 (perf-t1)
2026-08-19T03:12:34.818471+00:00   INFO pegaflow_server::registry: registry.rs:217 IPC import timing: device_id=6 size_bytes=533725184 import_ms=2.74 (perf-t1)
2026-08-19T03:12:34.824482+00:00   INFO pegaflow_server::registry: registry.rs:217 IPC import timing: device_id=6 size_bytes=533725184 import_ms=5.52 (perf-t1)
2026-08-19T03:12:34.828711+00:00   INFO pegaflow_server::registry: registry.rs:217 IPC import timing: device_id=6 size_bytes=533725184 import_ms=3.70 (perf-t1)
2026-08-19T03:12:34.832326+00:00   INFO pegaflow_server::registry: registry.rs:217 IPC import timing: device_id=6 size_bytes=533725184 import_ms=3.12 (perf-t1)
2026-08-19T03:12:34.835627+00:00   INFO pegaflow_server::registry: registry.rs:217 IPC import timing: device_id=6 size_bytes=533725184 import_ms=2.77 (perf-t1)
2026-08-19T03:12:34.838859+00:00   INFO pegaflow_server::registry: registry.rs:217 IPC import timing: device_id=6 size_bytes=533725184 import_ms=2.71 (perf-t1)
2026-08-19T03:12:34.845529+00:00   INFO pegaflow_server::registry: registry.rs:217 IPC import timing: device_id=6 size_bytes=533725184 import_ms=6.18 (perf-t1)
2026-08-19T03:12:34.848762+00:00   INFO pegaflow_server::registry: registry.rs:217 IPC import timing: device_id=6 size_bytes=533725184 import_ms=2.73 (perf-t1)
2026-08-19T03:12:34.852212+00:00   INFO pegaflow_server::registry: registry.rs:217 IPC import timing: device_id=6 size_bytes=533725184 import_ms=2.90 (perf-t1)
2026-08-19T03:12:34.855460+00:00   INFO pegaflow_server::registry: registry.rs:217 IPC import timing: device_id=6 size_bytes=533725184 import_ms=2.75 (perf-t1)
2026-08-19T03:12:34.858909+00:00   INFO pegaflow_server::registry: registry.rs:217 IPC import timing: device_id=6 size_bytes=533725184 import_ms=2.96 (perf-t1)
2026-08-19T03:12:34.862460+00:00   INFO pegaflow_server::registry: registry.rs:217 IPC import timing: device_id=6 size_bytes=533725184 import_ms=3.03 (perf-t1)
2026-08-19T03:12:34.865629+00:00   INFO pegaflow_server::registry: registry.rs:217 IPC import timing: device_id=6 size_bytes=533725184 import_ms=2.68 (perf-t1)
2026-08-19T03:12:34.868724+00:00   INFO pegaflow_core::gpu_worker: gpu_worker.rs:338 GPU worker initialized: device=6 backend=ascend_batch device_id=6
2026-08-19T03:12:34.868955+00:00   INFO pegaflow_core::gpu_worker: gpu_worker.rs:338 GPU worker initialized: device=6 backend=ascend_batch device_id=6
2026-08-19T03:12:34.869128+00:00   INFO pegaflow_core::gpu_worker: gpu_worker.rs:200 GPU worker pool started: device=6, numa_node=NUMA4, transfer_mode=AscendDirect
2026-08-19T03:12:34.869185+00:00   INFO pegaflow_server::registry: registry.rs:217 IPC import timing: device_id=3 size_bytes=533725184 import_ms=2.87 (perf-t1)
2026-08-19T03:12:34.869761+00:00   INFO pegaflow_core::instance: instance.rs:706 Sealed instance topology: instance=c3956dcf-220d-48da-9212-7b7451c3044b-450b0bcdbd864f9d9524fdd4e28e667d, num_layers=72, tp_size=1, world_size=1, total_slots=72
2026-08-19T03:12:34.869813+00:00   INFO pegaflow_core::instance: instance.rs:719 Initialized GPU context: device_id=6, numa_node=NUMA4
2026-08-19T03:12:34.869840+00:00   INFO pegaflow_core: lib.rs:452 Registered context batch: instance=c3956dcf-220d-48da-9212-7b7451c3044b-450b0bcdbd864f9d9524fdd4e28e667d, namespace=perf-t3-h50-iso-c1-6, device=6, layers=72, tp_rank=0/1, pp_rank=0
2026-08-19T03:12:34.873086+00:00   INFO pegaflow_server::registry: registry.rs:217 IPC import timing: device_id=3 size_bytes=533725184 import_ms=3.36 (perf-t1)
2026-08-19T03:12:34.876566+00:00   INFO pegaflow_server::registry: registry.rs:217 IPC import timing: device_id=3 size_bytes=533725184 import_ms=2.95 (perf-t1)
2026-08-19T03:12:34.880108+00:00   INFO pegaflow_server::registry: registry.rs:217 IPC import timing: device_id=3 size_bytes=533725184 import_ms=2.99 (perf-t1)
2026-08-19T03:12:34.883698+00:00   INFO pegaflow_server::registry: registry.rs:217 IPC import timing: device_id=3 size_bytes=533725184 import_ms=2.91 (perf-t1)
2026-08-19T03:12:34.887299+00:00   INFO pegaflow_server::registry: registry.rs:217 IPC import timing: device_id=3 size_bytes=533725184 import_ms=3.02 (perf-t1)
2026-08-19T03:12:34.890840+00:00   INFO pegaflow_server::registry: registry.rs:217 IPC import timing: device_id=3 size_bytes=533725184 import_ms=2.97 (perf-t1)
2026-08-19T03:12:34.894483+00:00   INFO pegaflow_server::registry: registry.rs:217 IPC import timing: device_id=3 size_bytes=533725184 import_ms=3.01 (perf-t1)
2026-08-19T03:12:34.898079+00:00   INFO pegaflow_server::registry: registry.rs:217 IPC import timing: device_id=3 size_bytes=533725184 import_ms=2.99 (perf-t1)
2026-08-19T03:12:34.901937+00:00   INFO pegaflow_server::registry: registry.rs:217 IPC import timing: device_id=3 size_bytes=533725184 import_ms=3.27 (perf-t1)
2026-08-19T03:12:34.906809+00:00   INFO pegaflow_server::registry: registry.rs:217 IPC import timing: device_id=3 size_bytes=533725184 import_ms=4.24 (perf-t1)
2026-08-19T03:12:34.919472+00:00   INFO pegaflow_server::registry: registry.rs:217 IPC import timing: device_id=3 size_bytes=533725184 import_ms=12.08 (perf-t1)
2026-08-19T03:12:34.923144+00:00   INFO pegaflow_server::registry: registry.rs:217 IPC import timing: device_id=3 size_bytes=533725184 import_ms=3.07 (perf-t1)
2026-08-19T03:12:34.926794+00:00   INFO pegaflow_server::registry: registry.rs:217 IPC import timing: device_id=3 size_bytes=533725184 import_ms=3.02 (perf-t1)
2026-08-19T03:12:34.930302+00:00   INFO pegaflow_server::registry: registry.rs:217 IPC import timing: device_id=3 size_bytes=533725184 import_ms=2.93 (perf-t1)
2026-08-19T03:12:34.933763+00:00   INFO pegaflow_server::registry: registry.rs:217 IPC import timing: device_id=3 size_bytes=533725184 import_ms=2.82 (perf-t1)
2026-08-19T03:12:34.937293+00:00   INFO pegaflow_server::registry: registry.rs:217 IPC import timing: device_id=3 size_bytes=533725184 import_ms=2.91 (perf-t1)
2026-08-19T03:12:34.940725+00:00   INFO pegaflow_server::registry: registry.rs:217 IPC import timing: device_id=3 size_bytes=533725184 import_ms=2.86 (perf-t1)
2026-08-19T03:12:34.944170+00:00   INFO pegaflow_server::registry: registry.rs:217 IPC import timing: device_id=3 size_bytes=533725184 import_ms=2.87 (perf-t1)
2026-08-19T03:12:34.947706+00:00   INFO pegaflow_server::registry: registry.rs:217 IPC import timing: device_id=3 size_bytes=533725184 import_ms=2.92 (perf-t1)
2026-08-19T03:12:34.951081+00:00   INFO pegaflow_server::registry: registry.rs:217 IPC import timing: device_id=3 size_bytes=533725184 import_ms=2.80 (perf-t1)
2026-08-19T03:12:34.954622+00:00   INFO pegaflow_server::registry: registry.rs:217 IPC import timing: device_id=3 size_bytes=533725184 import_ms=2.96 (perf-t1)
2026-08-19T03:12:34.958077+00:00   INFO pegaflow_server::registry: registry.rs:217 IPC import timing: device_id=3 size_bytes=533725184 import_ms=2.81 (perf-t1)
2026-08-19T03:12:34.961515+00:00   INFO pegaflow_server::registry: registry.rs:217 IPC import timing: device_id=3 size_bytes=533725184 import_ms=2.86 (perf-t1)
2026-08-19T03:12:34.965271+00:00   INFO pegaflow_server::registry: registry.rs:217 IPC import timing: device_id=3 size_bytes=533725184 import_ms=3.16 (perf-t1)
2026-08-19T03:12:34.968890+00:00   INFO pegaflow_server::registry: registry.rs:217 IPC import timing: device_id=3 size_bytes=533725184 import_ms=2.94 (perf-t1)
2026-08-19T03:12:34.974801+00:00   INFO pegaflow_server::registry: registry.rs:217 IPC import timing: device_id=3 size_bytes=533725184 import_ms=5.32 (perf-t1)
2026-08-19T03:12:34.978397+00:00   INFO pegaflow_server::registry: registry.rs:217 IPC import timing: device_id=3 size_bytes=533725184 import_ms=2.97 (perf-t1)
2026-08-19T03:12:34.981881+00:00   INFO pegaflow_server::registry: registry.rs:217 IPC import timing: device_id=3 size_bytes=533725184 import_ms=2.84 (perf-t1)
2026-08-19T03:12:34.986485+00:00   INFO pegaflow_server::registry: registry.rs:217 IPC import timing: device_id=3 size_bytes=533725184 import_ms=3.97 (perf-t1)
2026-08-19T03:12:34.990351+00:00   INFO pegaflow_server::registry: registry.rs:217 IPC import timing: device_id=3 size_bytes=533725184 import_ms=3.27 (perf-t1)
2026-08-19T03:12:34.995326+00:00   INFO pegaflow_server::registry: registry.rs:217 IPC import timing: device_id=3 size_bytes=533725184 import_ms=4.34 (perf-t1)
2026-08-19T03:12:34.999279+00:00   INFO pegaflow_server::registry: registry.rs:217 IPC import timing: device_id=3 size_bytes=533725184 import_ms=3.37 (perf-t1)
2026-08-19T03:12:35.002801+00:00   INFO pegaflow_server::registry: registry.rs:217 IPC import timing: device_id=3 size_bytes=533725184 import_ms=2.94 (perf-t1)
2026-08-19T03:12:35.006355+00:00   INFO pegaflow_server::registry: registry.rs:217 IPC import timing: device_id=3 size_bytes=533725184 import_ms=2.92 (perf-t1)
2026-08-19T03:12:35.009863+00:00   INFO pegaflow_server::registry: registry.rs:217 IPC import timing: device_id=3 size_bytes=533725184 import_ms=2.88 (perf-t1)
2026-08-19T03:12:35.013343+00:00   INFO pegaflow_server::registry: registry.rs:217 IPC import timing: device_id=3 size_bytes=533725184 import_ms=2.89 (perf-t1)
2026-08-19T03:12:35.016827+00:00   INFO pegaflow_server::registry: registry.rs:217 IPC import timing: device_id=3 size_bytes=533725184 import_ms=2.86 (perf-t1)
2026-08-19T03:12:35.020418+00:00   INFO pegaflow_server::registry: registry.rs:217 IPC import timing: device_id=3 size_bytes=533725184 import_ms=3.00 (perf-t1)
2026-08-19T03:12:35.024488+00:00   INFO pegaflow_server::registry: registry.rs:217 IPC import timing: device_id=3 size_bytes=533725184 import_ms=3.48 (perf-t1)
2026-08-19T03:12:35.028215+00:00   INFO pegaflow_server::registry: registry.rs:217 IPC import timing: device_id=3 size_bytes=533725184 import_ms=3.08 (perf-t1)
2026-08-19T03:12:35.031628+00:00   INFO pegaflow_server::registry: registry.rs:217 IPC import timing: device_id=3 size_bytes=533725184 import_ms=2.80 (perf-t1)
2026-08-19T03:12:35.035052+00:00   INFO pegaflow_server::registry: registry.rs:217 IPC import timing: device_id=3 size_bytes=533725184 import_ms=2.84 (perf-t1)
2026-08-19T03:12:35.038628+00:00   INFO pegaflow_server::registry: registry.rs:217 IPC import timing: device_id=3 size_bytes=533725184 import_ms=2.94 (perf-t1)
2026-08-19T03:12:35.044992+00:00   INFO pegaflow_server::registry: registry.rs:217 IPC import timing: device_id=3 size_bytes=533725184 import_ms=5.77 (perf-t1)
2026-08-19T03:12:35.049772+00:00   INFO pegaflow_server::registry: registry.rs:217 IPC import timing: device_id=3 size_bytes=533725184 import_ms=4.17 (perf-t1)
2026-08-19T03:12:35.053579+00:00   INFO pegaflow_server::registry: registry.rs:217 IPC import timing: device_id=3 size_bytes=533725184 import_ms=3.22 (perf-t1)
2026-08-19T03:12:35.057133+00:00   INFO pegaflow_server::registry: registry.rs:217 IPC import timing: device_id=3 size_bytes=533725184 import_ms=2.93 (perf-t1)
2026-08-19T03:12:35.060511+00:00   INFO pegaflow_server::registry: registry.rs:217 IPC import timing: device_id=3 size_bytes=533725184 import_ms=2.80 (perf-t1)
2026-08-19T03:12:35.063963+00:00   INFO pegaflow_server::registry: registry.rs:217 IPC import timing: device_id=3 size_bytes=533725184 import_ms=2.87 (perf-t1)
2026-08-19T03:12:35.067361+00:00   INFO pegaflow_server::registry: registry.rs:217 IPC import timing: device_id=3 size_bytes=533725184 import_ms=2.76 (perf-t1)
2026-08-19T03:12:35.070750+00:00   INFO pegaflow_server::registry: registry.rs:217 IPC import timing: device_id=3 size_bytes=533725184 import_ms=2.82 (perf-t1)
2026-08-19T03:12:35.074556+00:00   INFO pegaflow_server::registry: registry.rs:217 IPC import timing: device_id=3 size_bytes=533725184 import_ms=3.23 (perf-t1)
2026-08-19T03:12:35.078000+00:00   INFO pegaflow_server::registry: registry.rs:217 IPC import timing: device_id=3 size_bytes=533725184 import_ms=2.81 (perf-t1)
2026-08-19T03:12:35.081808+00:00   INFO pegaflow_server::registry: registry.rs:217 IPC import timing: device_id=3 size_bytes=533725184 import_ms=3.23 (perf-t1)
2026-08-19T03:12:35.085240+00:00   INFO pegaflow_server::registry: registry.rs:217 IPC import timing: device_id=3 size_bytes=533725184 import_ms=2.83 (perf-t1)
2026-08-19T03:12:35.088846+00:00   INFO pegaflow_server::registry: registry.rs:217 IPC import timing: device_id=3 size_bytes=533725184 import_ms=2.97 (perf-t1)
2026-08-19T03:12:35.092373+00:00   INFO pegaflow_server::registry: registry.rs:217 IPC import timing: device_id=3 size_bytes=533725184 import_ms=2.84 (perf-t1)
2026-08-19T03:12:35.096762+00:00   INFO pegaflow_server::registry: registry.rs:217 IPC import timing: device_id=3 size_bytes=533725184 import_ms=3.80 (perf-t1)
2026-08-19T03:12:35.100219+00:00   INFO pegaflow_server::registry: registry.rs:217 IPC import timing: device_id=3 size_bytes=533725184 import_ms=2.83 (perf-t1)
2026-08-19T03:12:35.103737+00:00   INFO pegaflow_server::registry: registry.rs:217 IPC import timing: device_id=3 size_bytes=533725184 import_ms=2.93 (perf-t1)
2026-08-19T03:12:35.108190+00:00   INFO pegaflow_server::registry: registry.rs:217 IPC import timing: device_id=3 size_bytes=533725184 import_ms=3.86 (perf-t1)
2026-08-19T03:12:35.112026+00:00   INFO pegaflow_server::registry: registry.rs:217 IPC import timing: device_id=3 size_bytes=533725184 import_ms=3.19 (perf-t1)
2026-08-19T03:12:35.115523+00:00   INFO pegaflow_server::registry: registry.rs:217 IPC import timing: device_id=3 size_bytes=533725184 import_ms=2.92 (perf-t1)
2026-08-19T03:12:35.119220+00:00   INFO pegaflow_server::registry: registry.rs:217 IPC import timing: device_id=3 size_bytes=533725184 import_ms=3.14 (perf-t1)
2026-08-19T03:12:35.122829+00:00   INFO pegaflow_server::registry: registry.rs:217 IPC import timing: device_id=3 size_bytes=533725184 import_ms=2.95 (perf-t1)
2026-08-19T03:12:35.127289+00:00   INFO pegaflow_server::registry: registry.rs:217 IPC import timing: device_id=3 size_bytes=533725184 import_ms=3.84 (perf-t1)
2026-08-19T03:12:35.130869+00:00   INFO pegaflow_server::registry: registry.rs:217 IPC import timing: device_id=3 size_bytes=533725184 import_ms=2.98 (perf-t1)
2026-08-19T03:12:35.141678+00:00   INFO pegaflow_server::registry: registry.rs:217 IPC import timing: device_id=3 size_bytes=533725184 import_ms=10.14 (perf-t1)
2026-08-19T03:12:35.147758+00:00   INFO pegaflow_server::registry: registry.rs:217 IPC import timing: device_id=3 size_bytes=533725184 import_ms=5.44 (perf-t1)
2026-08-19T03:12:35.151503+00:00   INFO pegaflow_server::registry: registry.rs:217 IPC import timing: device_id=3 size_bytes=533725184 import_ms=3.13 (perf-t1)
2026-08-19T03:12:35.155028+00:00   INFO pegaflow_server::registry: registry.rs:217 IPC import timing: device_id=3 size_bytes=533725184 import_ms=2.84 (perf-t1)
2026-08-19T03:12:35.158921+00:00   INFO pegaflow_server::registry: registry.rs:217 IPC import timing: device_id=7 size_bytes=533725184 import_ms=3.00 (perf-t1)
2026-08-19T03:12:35.159058+00:00   INFO pegaflow_core::gpu_worker: gpu_worker.rs:338 GPU worker initialized: device=3 backend=ascend_batch device_id=3
2026-08-19T03:12:35.159550+00:00   INFO pegaflow_core::gpu_worker: gpu_worker.rs:338 GPU worker initialized: device=3 backend=ascend_batch device_id=3
2026-08-19T03:12:35.159729+00:00   INFO pegaflow_core::gpu_worker: gpu_worker.rs:200 GPU worker pool started: device=3, numa_node=NUMA0, transfer_mode=AscendDirect
2026-08-19T03:12:35.160462+00:00   INFO pegaflow_core::instance: instance.rs:706 Sealed instance topology: instance=4f46adf4-28c2-4dcf-82d3-94d238862846-458ccc860b4a44c2bf49894b786eec4d, num_layers=72, tp_size=1, world_size=1, total_slots=72
2026-08-19T03:12:35.160531+00:00   INFO pegaflow_core::instance: instance.rs:719 Initialized GPU context: device_id=3, numa_node=NUMA0
2026-08-19T03:12:35.160567+00:00   INFO pegaflow_core: lib.rs:452 Registered context batch: instance=4f46adf4-28c2-4dcf-82d3-94d238862846-458ccc860b4a44c2bf49894b786eec4d, namespace=perf-t3-h50-iso-c1-3, device=3, layers=72, tp_rank=0/1, pp_rank=0
2026-08-19T03:12:35.162695+00:00   INFO pegaflow_server::registry: registry.rs:217 IPC import timing: device_id=7 size_bytes=533725184 import_ms=3.13 (perf-t1)
2026-08-19T03:12:35.166272+00:00   INFO pegaflow_server::registry: registry.rs:217 IPC import timing: device_id=7 size_bytes=533725184 import_ms=2.92 (perf-t1)
2026-08-19T03:12:35.170255+00:00   INFO pegaflow_server::registry: registry.rs:217 IPC import timing: device_id=7 size_bytes=533725184 import_ms=3.34 (perf-t1)
2026-08-19T03:12:35.180982+00:00   INFO pegaflow_server::registry: registry.rs:217 IPC import timing: device_id=7 size_bytes=533725184 import_ms=10.13 (perf-t1)
2026-08-19T03:12:35.184764+00:00   INFO pegaflow_server::registry: registry.rs:217 IPC import timing: device_id=7 size_bytes=533725184 import_ms=3.05 (perf-t1)
2026-08-19T03:12:35.190122+00:00   INFO pegaflow_server::registry: registry.rs:217 IPC import timing: device_id=7 size_bytes=533725184 import_ms=4.75 (perf-t1)
2026-08-19T03:12:35.195741+00:00   INFO pegaflow_server::registry: registry.rs:217 IPC import timing: device_id=7 size_bytes=533725184 import_ms=5.01 (perf-t1)
2026-08-19T03:12:35.199602+00:00   INFO pegaflow_server::registry: registry.rs:217 IPC import timing: device_id=7 size_bytes=533725184 import_ms=3.15 (perf-t1)
2026-08-19T03:12:35.203279+00:00   INFO pegaflow_server::registry: registry.rs:217 IPC import timing: device_id=7 size_bytes=533725184 import_ms=3.08 (perf-t1)
2026-08-19T03:12:35.206885+00:00   INFO pegaflow_server::registry: registry.rs:217 IPC import timing: device_id=7 size_bytes=533725184 import_ms=3.01 (perf-t1)
2026-08-19T03:12:35.210444+00:00   INFO pegaflow_server::registry: registry.rs:217 IPC import timing: device_id=7 size_bytes=533725184 import_ms=2.89 (perf-t1)
2026-08-19T03:12:35.214047+00:00   INFO pegaflow_server::registry: registry.rs:217 IPC import timing: device_id=7 size_bytes=533725184 import_ms=3.00 (perf-t1)
2026-08-19T03:12:35.217591+00:00   INFO pegaflow_server::registry: registry.rs:217 IPC import timing: device_id=7 size_bytes=533725184 import_ms=2.90 (perf-t1)
2026-08-19T03:12:35.224159+00:00   INFO pegaflow_server::registry: registry.rs:217 IPC import timing: device_id=7 size_bytes=533725184 import_ms=5.93 (perf-t1)
2026-08-19T03:12:35.227687+00:00   INFO pegaflow_server::registry: registry.rs:217 IPC import timing: device_id=7 size_bytes=533725184 import_ms=2.88 (perf-t1)
2026-08-19T03:12:35.231318+00:00   INFO pegaflow_server::registry: registry.rs:217 IPC import timing: device_id=7 size_bytes=533725184 import_ms=3.03 (perf-t1)
2026-08-19T03:12:35.234833+00:00   INFO pegaflow_server::registry: registry.rs:217 IPC import timing: device_id=7 size_bytes=533725184 import_ms=2.86 (perf-t1)
2026-08-19T03:12:35.238416+00:00   INFO pegaflow_server::registry: registry.rs:217 IPC import timing: device_id=7 size_bytes=533725184 import_ms=2.98 (perf-t1)
2026-08-19T03:12:35.241798+00:00   INFO pegaflow_server::registry: registry.rs:217 IPC import timing: device_id=7 size_bytes=533725184 import_ms=2.80 (perf-t1)
2026-08-19T03:12:35.245746+00:00   INFO pegaflow_server::registry: registry.rs:217 IPC import timing: device_id=7 size_bytes=533725184 import_ms=3.32 (perf-t1)
2026-08-19T03:12:35.249299+00:00   INFO pegaflow_server::registry: registry.rs:217 IPC import timing: device_id=7 size_bytes=533725184 import_ms=2.97 (perf-t1)
2026-08-19T03:12:35.252762+00:00   INFO pegaflow_server::registry: registry.rs:217 IPC import timing: device_id=7 size_bytes=533725184 import_ms=2.86 (perf-t1)
2026-08-19T03:12:35.256461+00:00   INFO pegaflow_server::registry: registry.rs:217 IPC import timing: device_id=7 size_bytes=533725184 import_ms=3.00 (perf-t1)
2026-08-19T03:12:35.259930+00:00   INFO pegaflow_server::registry: registry.rs:217 IPC import timing: device_id=7 size_bytes=533725184 import_ms=2.88 (perf-t1)
2026-08-19T03:12:35.263578+00:00   INFO pegaflow_server::registry: registry.rs:217 IPC import timing: device_id=7 size_bytes=533725184 import_ms=2.98 (perf-t1)
2026-08-19T03:12:35.267139+00:00   INFO pegaflow_server::registry: registry.rs:217 IPC import timing: device_id=7 size_bytes=533725184 import_ms=2.89 (perf-t1)
2026-08-19T03:12:35.270769+00:00   INFO pegaflow_server::registry: registry.rs:217 IPC import timing: device_id=7 size_bytes=533725184 import_ms=3.01 (perf-t1)
2026-08-19T03:12:35.274342+00:00   INFO pegaflow_server::registry: registry.rs:217 IPC import timing: device_id=7 size_bytes=533725184 import_ms=2.93 (perf-t1)
2026-08-19T03:12:35.279449+00:00   INFO pegaflow_server::registry: registry.rs:217 IPC import timing: device_id=7 size_bytes=533725184 import_ms=4.39 (perf-t1)
2026-08-19T03:12:35.283272+00:00   INFO pegaflow_server::registry: registry.rs:217 IPC import timing: device_id=7 size_bytes=533725184 import_ms=3.21 (perf-t1)
2026-08-19T03:12:35.286778+00:00   INFO pegaflow_server::registry: registry.rs:217 IPC import timing: device_id=7 size_bytes=533725184 import_ms=2.90 (perf-t1)
2026-08-19T03:12:35.290372+00:00   INFO pegaflow_server::registry: registry.rs:217 IPC import timing: device_id=7 size_bytes=533725184 import_ms=2.91 (perf-t1)
2026-08-19T03:12:35.293850+00:00   INFO pegaflow_server::registry: registry.rs:217 IPC import timing: device_id=7 size_bytes=533725184 import_ms=2.85 (perf-t1)
2026-08-19T03:12:35.297411+00:00   INFO pegaflow_server::registry: registry.rs:217 IPC import timing: device_id=7 size_bytes=533725184 import_ms=2.97 (perf-t1)
2026-08-19T03:12:35.323554+00:00   INFO pegaflow_server::registry: registry.rs:217 IPC import timing: device_id=7 size_bytes=533725184 import_ms=25.48 (perf-t1)
2026-08-19T03:12:35.327808+00:00   INFO pegaflow_server::registry: registry.rs:217 IPC import timing: device_id=7 size_bytes=533725184 import_ms=3.29 (perf-t1)
2026-08-19T03:12:35.331483+00:00   INFO pegaflow_server::registry: registry.rs:217 IPC import timing: device_id=7 size_bytes=533725184 import_ms=3.01 (perf-t1)
2026-08-19T03:12:35.335108+00:00   INFO pegaflow_server::registry: registry.rs:217 IPC import timing: device_id=7 size_bytes=533725184 import_ms=2.94 (perf-t1)
2026-08-19T03:12:35.338647+00:00   INFO pegaflow_server::registry: registry.rs:217 IPC import timing: device_id=7 size_bytes=533725184 import_ms=2.94 (perf-t1)
2026-08-19T03:12:35.342190+00:00   INFO pegaflow_server::registry: registry.rs:217 IPC import timing: device_id=7 size_bytes=533725184 import_ms=2.94 (perf-t1)
2026-08-19T03:12:35.347756+00:00   INFO pegaflow_server::registry: registry.rs:217 IPC import timing: device_id=7 size_bytes=533725184 import_ms=4.97 (perf-t1)
2026-08-19T03:12:35.351341+00:00   INFO pegaflow_server::registry: registry.rs:217 IPC import timing: device_id=7 size_bytes=533725184 import_ms=2.88 (perf-t1)
2026-08-19T03:12:35.354978+00:00   INFO pegaflow_server::registry: registry.rs:217 IPC import timing: device_id=7 size_bytes=533725184 import_ms=3.00 (perf-t1)
2026-08-19T03:12:35.358351+00:00   INFO pegaflow_server::registry: registry.rs:217 IPC import timing: device_id=7 size_bytes=533725184 import_ms=2.80 (perf-t1)
2026-08-19T03:12:35.362960+00:00   INFO pegaflow_server::registry: registry.rs:217 IPC import timing: device_id=7 size_bytes=533725184 import_ms=3.96 (perf-t1)
2026-08-19T03:12:35.366767+00:00   INFO pegaflow_server::registry: registry.rs:217 IPC import timing: device_id=7 size_bytes=533725184 import_ms=3.21 (perf-t1)
2026-08-19T03:12:35.370315+00:00   INFO pegaflow_server::registry: registry.rs:217 IPC import timing: device_id=7 size_bytes=533725184 import_ms=2.94 (perf-t1)
2026-08-19T03:12:35.375808+00:00   INFO pegaflow_server::registry: registry.rs:217 IPC import timing: device_id=7 size_bytes=533725184 import_ms=4.84 (perf-t1)
2026-08-19T03:12:35.379918+00:00   INFO pegaflow_server::registry: registry.rs:217 IPC import timing: device_id=7 size_bytes=533725184 import_ms=3.43 (perf-t1)
2026-08-19T03:12:35.383509+00:00   INFO pegaflow_server::registry: registry.rs:217 IPC import timing: device_id=7 size_bytes=533725184 import_ms=2.94 (perf-t1)
2026-08-19T03:12:35.387043+00:00   INFO pegaflow_server::registry: registry.rs:217 IPC import timing: device_id=7 size_bytes=533725184 import_ms=2.88 (perf-t1)
2026-08-19T03:12:35.390629+00:00   INFO pegaflow_server::registry: registry.rs:217 IPC import timing: device_id=7 size_bytes=533725184 import_ms=3.00 (perf-t1)
2026-08-19T03:12:35.395367+00:00   INFO pegaflow_server::registry: registry.rs:217 IPC import timing: device_id=7 size_bytes=533725184 import_ms=4.10 (perf-t1)
2026-08-19T03:12:35.399326+00:00   INFO pegaflow_server::registry: registry.rs:217 IPC import timing: device_id=7 size_bytes=533725184 import_ms=3.29 (perf-t1)
2026-08-19T03:12:35.402717+00:00   INFO pegaflow_server::registry: registry.rs:217 IPC import timing: device_id=7 size_bytes=533725184 import_ms=2.79 (perf-t1)
2026-08-19T03:12:35.406282+00:00   INFO pegaflow_server::registry: registry.rs:217 IPC import timing: device_id=7 size_bytes=533725184 import_ms=2.99 (perf-t1)
2026-08-19T03:12:35.409851+00:00   INFO pegaflow_server::registry: registry.rs:217 IPC import timing: device_id=7 size_bytes=533725184 import_ms=2.85 (perf-t1)
2026-08-19T03:12:35.413707+00:00   INFO pegaflow_server::registry: registry.rs:217 IPC import timing: device_id=7 size_bytes=533725184 import_ms=3.28 (perf-t1)
2026-08-19T03:12:35.417071+00:00   INFO pegaflow_server::registry: registry.rs:217 IPC import timing: device_id=7 size_bytes=533725184 import_ms=2.80 (perf-t1)
2026-08-19T03:12:35.423666+00:00   INFO pegaflow_server::registry: registry.rs:217 IPC import timing: device_id=7 size_bytes=533725184 import_ms=5.99 (perf-t1)
2026-08-19T03:12:35.428167+00:00   INFO pegaflow_server::registry: registry.rs:217 IPC import timing: device_id=7 size_bytes=533725184 import_ms=3.97 (perf-t1)
2026-08-19T03:12:35.431910+00:00   INFO pegaflow_server::registry: registry.rs:217 IPC import timing: device_id=7 size_bytes=533725184 import_ms=3.19 (perf-t1)
2026-08-19T03:12:35.435442+00:00   INFO pegaflow_server::registry: registry.rs:217 IPC import timing: device_id=7 size_bytes=533725184 import_ms=2.93 (perf-t1)
2026-08-19T03:12:35.438731+00:00   INFO pegaflow_server::registry: registry.rs:217 IPC import timing: device_id=7 size_bytes=533725184 import_ms=2.78 (perf-t1)
2026-08-19T03:12:35.445691+00:00   INFO pegaflow_server::registry: registry.rs:217 IPC import timing: device_id=7 size_bytes=533725184 import_ms=6.44 (perf-t1)
2026-08-19T03:12:35.449229+00:00   INFO pegaflow_server::registry: registry.rs:217 IPC import timing: device_id=7 size_bytes=533725184 import_ms=2.98 (perf-t1)
2026-08-19T03:12:35.452657+00:00   INFO pegaflow_server::registry: registry.rs:217 IPC import timing: device_id=7 size_bytes=533725184 import_ms=2.90 (perf-t1)
2026-08-19T03:12:35.455986+00:00   INFO pegaflow_server::registry: registry.rs:217 IPC import timing: device_id=7 size_bytes=533725184 import_ms=2.80 (perf-t1)
2026-08-19T03:12:35.459482+00:00   INFO pegaflow_server::registry: registry.rs:217 IPC import timing: device_id=7 size_bytes=533725184 import_ms=2.94 (perf-t1)
2026-08-19T03:12:35.462734+00:00   INFO pegaflow_server::registry: registry.rs:217 IPC import timing: device_id=7 size_bytes=533725184 import_ms=2.74 (perf-t1)
2026-08-19T03:12:35.466261+00:00   INFO pegaflow_server::registry: registry.rs:217 IPC import timing: device_id=7 size_bytes=533725184 import_ms=3.03 (perf-t1)
2026-08-19T03:12:35.469930+00:00   INFO pegaflow_server::registry: registry.rs:217 IPC import timing: device_id=0 size_bytes=533725184 import_ms=2.89 (perf-t1)
2026-08-19T03:12:35.470057+00:00   INFO pegaflow_core::gpu_worker: gpu_worker.rs:338 GPU worker initialized: device=7 backend=ascend_batch device_id=7
2026-08-19T03:12:35.470219+00:00   INFO pegaflow_core::gpu_worker: gpu_worker.rs:338 GPU worker initialized: device=7 backend=ascend_batch device_id=7
2026-08-19T03:12:35.470441+00:00   INFO pegaflow_core::gpu_worker: gpu_worker.rs:200 GPU worker pool started: device=7, numa_node=NUMA2, transfer_mode=AscendDirect
2026-08-19T03:12:35.471131+00:00   INFO pegaflow_core::instance: instance.rs:706 Sealed instance topology: instance=ecafea2e-8856-410d-becf-be85277a2dc8-360df158e83e4ea3a758df9fb04542cd, num_layers=72, tp_size=1, world_size=1, total_slots=72
2026-08-19T03:12:35.471182+00:00   INFO pegaflow_core::instance: instance.rs:719 Initialized GPU context: device_id=7, numa_node=NUMA2
2026-08-19T03:12:35.471210+00:00   INFO pegaflow_core: lib.rs:452 Registered context batch: instance=ecafea2e-8856-410d-becf-be85277a2dc8-360df158e83e4ea3a758df9fb04542cd, namespace=perf-t3-h50-iso-c1-7, device=7, layers=72, tp_rank=0/1, pp_rank=0
2026-08-19T03:12:35.473585+00:00   INFO pegaflow_server::registry: registry.rs:217 IPC import timing: device_id=0 size_bytes=533725184 import_ms=3.05 (perf-t1)
2026-08-19T03:12:35.477004+00:00   INFO pegaflow_server::registry: registry.rs:217 IPC import timing: device_id=0 size_bytes=533725184 import_ms=2.89 (perf-t1)
2026-08-19T03:12:35.480521+00:00   INFO pegaflow_server::registry: registry.rs:217 IPC import timing: device_id=0 size_bytes=533725184 import_ms=2.96 (perf-t1)
2026-08-19T03:12:35.487214+00:00   INFO pegaflow_server::registry: registry.rs:217 IPC import timing: device_id=0 size_bytes=533725184 import_ms=6.17 (perf-t1)
2026-08-19T03:12:35.490636+00:00   INFO pegaflow_server::registry: registry.rs:217 IPC import timing: device_id=0 size_bytes=533725184 import_ms=2.90 (perf-t1)
2026-08-19T03:12:35.493989+00:00   INFO pegaflow_server::registry: registry.rs:217 IPC import timing: device_id=0 size_bytes=533725184 import_ms=2.80 (perf-t1)
2026-08-19T03:12:35.497425+00:00   INFO pegaflow_server::registry: registry.rs:217 IPC import timing: device_id=0 size_bytes=533725184 import_ms=2.92 (perf-t1)
2026-08-19T03:12:35.500916+00:00   INFO pegaflow_server::registry: registry.rs:217 IPC import timing: device_id=0 size_bytes=533725184 import_ms=2.95 (perf-t1)
2026-08-19T03:12:35.504445+00:00   INFO pegaflow_server::registry: registry.rs:217 IPC import timing: device_id=0 size_bytes=533725184 import_ms=2.97 (perf-t1)
2026-08-19T03:12:35.507826+00:00   INFO pegaflow_server::registry: registry.rs:217 IPC import timing: device_id=0 size_bytes=533725184 import_ms=2.86 (perf-t1)
2026-08-19T03:12:35.511302+00:00   INFO pegaflow_server::registry: registry.rs:217 IPC import timing: device_id=0 size_bytes=533725184 import_ms=2.90 (perf-t1)
2026-08-19T03:12:35.514807+00:00   INFO pegaflow_server::registry: registry.rs:217 IPC import timing: device_id=0 size_bytes=533725184 import_ms=2.93 (perf-t1)
2026-08-19T03:12:35.518266+00:00   INFO pegaflow_server::registry: registry.rs:217 IPC import timing: device_id=0 size_bytes=533725184 import_ms=2.92 (perf-t1)
2026-08-19T03:12:35.521605+00:00   INFO pegaflow_server::registry: registry.rs:217 IPC import timing: device_id=0 size_bytes=533725184 import_ms=2.80 (perf-t1)
2026-08-19T03:12:35.524943+00:00   INFO pegaflow_server::registry: registry.rs:217 IPC import timing: device_id=0 size_bytes=533725184 import_ms=2.76 (perf-t1)
2026-08-19T03:12:35.528277+00:00   INFO pegaflow_server::registry: registry.rs:217 IPC import timing: device_id=0 size_bytes=533725184 import_ms=2.81 (perf-t1)
2026-08-19T03:12:35.531759+00:00   INFO pegaflow_server::registry: registry.rs:217 IPC import timing: device_id=0 size_bytes=533725184 import_ms=2.91 (perf-t1)
2026-08-19T03:12:35.535245+00:00   INFO pegaflow_server::registry: registry.rs:217 IPC import timing: device_id=0 size_bytes=533725184 import_ms=2.93 (perf-t1)
2026-08-19T03:12:35.538629+00:00   INFO pegaflow_server::registry: registry.rs:217 IPC import timing: device_id=0 size_bytes=533725184 import_ms=2.86 (perf-t1)
2026-08-19T03:12:35.541911+00:00   INFO pegaflow_server::registry: registry.rs:217 IPC import timing: device_id=0 size_bytes=533725184 import_ms=2.77 (perf-t1)
2026-08-19T03:12:35.547740+00:00   INFO pegaflow_server::registry: registry.rs:217 IPC import timing: device_id=0 size_bytes=533725184 import_ms=5.24 (perf-t1)
2026-08-19T03:12:35.551645+00:00   INFO pegaflow_server::registry: registry.rs:217 IPC import timing: device_id=0 size_bytes=533725184 import_ms=3.35 (perf-t1)
2026-08-19T03:12:35.555077+00:00   INFO pegaflow_server::registry: registry.rs:217 IPC import timing: device_id=0 size_bytes=533725184 import_ms=2.88 (perf-t1)
2026-08-19T03:12:35.558451+00:00   INFO pegaflow_server::registry: registry.rs:217 IPC import timing: device_id=0 size_bytes=533725184 import_ms=2.80 (perf-t1)
2026-08-19T03:12:35.561808+00:00   INFO pegaflow_server::registry: registry.rs:217 IPC import timing: device_id=0 size_bytes=533725184 import_ms=2.83 (perf-t1)
2026-08-19T03:12:35.565168+00:00   INFO pegaflow_server::registry: registry.rs:217 IPC import timing: device_id=0 size_bytes=533725184 import_ms=2.81 (perf-t1)
2026-08-19T03:12:35.568538+00:00   INFO pegaflow_server::registry: registry.rs:217 IPC import timing: device_id=0 size_bytes=533725184 import_ms=2.80 (perf-t1)
2026-08-19T03:12:35.574805+00:00   INFO pegaflow_server::registry: registry.rs:217 IPC import timing: device_id=0 size_bytes=533725184 import_ms=5.73 (perf-t1)
2026-08-19T03:12:35.579342+00:00   INFO pegaflow_server::registry: registry.rs:217 IPC import timing: device_id=0 size_bytes=533725184 import_ms=3.96 (perf-t1)
2026-08-19T03:12:35.583214+00:00   INFO pegaflow_server::registry: registry.rs:217 IPC import timing: device_id=0 size_bytes=533725184 import_ms=3.22 (perf-t1)
2026-08-19T03:12:35.586563+00:00   INFO pegaflow_server::registry: registry.rs:217 IPC import timing: device_id=0 size_bytes=533725184 import_ms=2.76 (perf-t1)
2026-08-19T03:12:35.589991+00:00   INFO pegaflow_server::registry: registry.rs:217 IPC import timing: device_id=0 size_bytes=533725184 import_ms=2.88 (perf-t1)
2026-08-19T03:12:35.595633+00:00   INFO pegaflow_server::registry: registry.rs:217 IPC import timing: device_id=0 size_bytes=533725184 import_ms=5.11 (perf-t1)
2026-08-19T03:12:35.599322+00:00   INFO pegaflow_server::registry: registry.rs:217 IPC import timing: device_id=0 size_bytes=533725184 import_ms=3.11 (perf-t1)
2026-08-19T03:12:35.602848+00:00   INFO pegaflow_server::registry: registry.rs:217 IPC import timing: device_id=0 size_bytes=533725184 import_ms=3.00 (perf-t1)
2026-08-19T03:12:35.606280+00:00   INFO pegaflow_server::registry: registry.rs:217 IPC import timing: device_id=0 size_bytes=533725184 import_ms=2.91 (perf-t1)
2026-08-19T03:12:35.609919+00:00   INFO pegaflow_server::registry: registry.rs:217 IPC import timing: device_id=0 size_bytes=533725184 import_ms=3.06 (perf-t1)
2026-08-19T03:12:35.614596+00:00   INFO pegaflow_server::registry: registry.rs:217 IPC import timing: device_id=0 size_bytes=533725184 import_ms=4.14 (perf-t1)
2026-08-19T03:12:35.617911+00:00   INFO pegaflow_server::registry: registry.rs:217 IPC import timing: device_id=0 size_bytes=533725184 import_ms=2.78 (perf-t1)
2026-08-19T03:12:35.621271+00:00   INFO pegaflow_server::registry: registry.rs:217 IPC import timing: device_id=0 size_bytes=533725184 import_ms=2.79 (perf-t1)
2026-08-19T03:12:35.624629+00:00   INFO pegaflow_server::registry: registry.rs:217 IPC import timing: device_id=0 size_bytes=533725184 import_ms=2.79 (perf-t1)
2026-08-19T03:12:35.628062+00:00   INFO pegaflow_server::registry: registry.rs:217 IPC import timing: device_id=0 size_bytes=533725184 import_ms=2.89 (perf-t1)
2026-08-19T03:12:35.631740+00:00   INFO pegaflow_server::registry: registry.rs:217 IPC import timing: device_id=0 size_bytes=533725184 import_ms=3.09 (perf-t1)
2026-08-19T03:12:35.635128+00:00   INFO pegaflow_server::registry: registry.rs:217 IPC import timing: device_id=0 size_bytes=533725184 import_ms=2.87 (perf-t1)
2026-08-19T03:12:35.639851+00:00   INFO pegaflow_server::registry: registry.rs:217 IPC import timing: device_id=0 size_bytes=533725184 import_ms=4.21 (perf-t1)
2026-08-19T03:12:35.645958+00:00   INFO pegaflow_server::registry: registry.rs:217 IPC import timing: device_id=0 size_bytes=533725184 import_ms=5.54 (perf-t1)
2026-08-19T03:12:35.649455+00:00   INFO pegaflow_server::registry: registry.rs:217 IPC import timing: device_id=0 size_bytes=533725184 import_ms=2.99 (perf-t1)
2026-08-19T03:12:35.652705+00:00   INFO pegaflow_server::registry: registry.rs:217 IPC import timing: device_id=0 size_bytes=533725184 import_ms=2.74 (perf-t1)
2026-08-19T03:12:35.656498+00:00   INFO pegaflow_server::registry: registry.rs:217 IPC import timing: device_id=0 size_bytes=533725184 import_ms=3.25 (perf-t1)
2026-08-19T03:12:35.659754+00:00   INFO pegaflow_server::registry: registry.rs:217 IPC import timing: device_id=0 size_bytes=533725184 import_ms=2.74 (perf-t1)
2026-08-19T03:12:35.663044+00:00   INFO pegaflow_server::registry: registry.rs:217 IPC import timing: device_id=0 size_bytes=533725184 import_ms=2.78 (perf-t1)
2026-08-19T03:12:35.666446+00:00   INFO pegaflow_server::registry: registry.rs:217 IPC import timing: device_id=0 size_bytes=533725184 import_ms=2.85 (perf-t1)
2026-08-19T03:12:35.669729+00:00   INFO pegaflow_server::registry: registry.rs:217 IPC import timing: device_id=0 size_bytes=533725184 import_ms=2.77 (perf-t1)
2026-08-19T03:12:35.673072+00:00   INFO pegaflow_server::registry: registry.rs:217 IPC import timing: device_id=0 size_bytes=533725184 import_ms=2.84 (perf-t1)
2026-08-19T03:12:35.676650+00:00   INFO pegaflow_server::registry: registry.rs:217 IPC import timing: device_id=0 size_bytes=533725184 import_ms=3.04 (perf-t1)
2026-08-19T03:12:35.681112+00:00   INFO pegaflow_server::registry: registry.rs:217 IPC import timing: device_id=0 size_bytes=533725184 import_ms=3.95 (perf-t1)
2026-08-19T03:12:35.684459+00:00   INFO pegaflow_server::registry: registry.rs:217 IPC import timing: device_id=0 size_bytes=533725184 import_ms=2.75 (perf-t1)
2026-08-19T03:12:35.687817+00:00   INFO pegaflow_server::registry: registry.rs:217 IPC import timing: device_id=0 size_bytes=533725184 import_ms=2.80 (perf-t1)
2026-08-19T03:12:35.691219+00:00   INFO pegaflow_server::registry: registry.rs:217 IPC import timing: device_id=0 size_bytes=533725184 import_ms=2.90 (perf-t1)
2026-08-19T03:12:35.694642+00:00   INFO pegaflow_server::registry: registry.rs:217 IPC import timing: device_id=0 size_bytes=533725184 import_ms=2.93 (perf-t1)
2026-08-19T03:12:35.699245+00:00   INFO pegaflow_server::registry: registry.rs:217 IPC import timing: device_id=0 size_bytes=533725184 import_ms=4.04 (perf-t1)
2026-08-19T03:12:35.702974+00:00   INFO pegaflow_server::registry: registry.rs:217 IPC import timing: device_id=0 size_bytes=533725184 import_ms=3.19 (perf-t1)
2026-08-19T03:12:35.706385+00:00   INFO pegaflow_server::registry: registry.rs:217 IPC import timing: device_id=0 size_bytes=533725184 import_ms=2.88 (perf-t1)
2026-08-19T03:12:35.709811+00:00   INFO pegaflow_server::registry: registry.rs:217 IPC import timing: device_id=0 size_bytes=533725184 import_ms=2.86 (perf-t1)
2026-08-19T03:12:35.713189+00:00   INFO pegaflow_server::registry: registry.rs:217 IPC import timing: device_id=0 size_bytes=533725184 import_ms=2.84 (perf-t1)
2026-08-19T03:12:35.716466+00:00   INFO pegaflow_server::registry: registry.rs:217 IPC import timing: device_id=0 size_bytes=533725184 import_ms=2.73 (perf-t1)
2026-08-19T03:12:35.719844+00:00   INFO pegaflow_server::registry: registry.rs:217 IPC import timing: device_id=0 size_bytes=533725184 import_ms=2.81 (perf-t1)
2026-08-19T03:12:35.723320+00:00   INFO pegaflow_server::registry: registry.rs:217 IPC import timing: device_id=0 size_bytes=533725184 import_ms=2.92 (perf-t1)
2026-08-19T03:12:35.726732+00:00   INFO pegaflow_server::registry: registry.rs:217 IPC import timing: device_id=0 size_bytes=533725184 import_ms=2.88 (perf-t1)
2026-08-19T03:12:35.730055+00:00   INFO pegaflow_server::registry: registry.rs:217 IPC import timing: device_id=0 size_bytes=533725184 import_ms=2.75 (perf-t1)
2026-08-19T03:12:35.733434+00:00   INFO pegaflow_server::registry: registry.rs:217 IPC import timing: device_id=0 size_bytes=533725184 import_ms=2.81 (perf-t1)
2026-08-19T03:12:35.736984+00:00   INFO pegaflow_core::gpu_worker: gpu_worker.rs:338 GPU worker initialized: device=0 backend=ascend_batch device_id=0
2026-08-19T03:12:35.737273+00:00   INFO pegaflow_core::gpu_worker: gpu_worker.rs:338 GPU worker initialized: device=0 backend=ascend_batch device_id=0
2026-08-19T03:12:35.737449+00:00   INFO pegaflow_core::gpu_worker: gpu_worker.rs:200 GPU worker pool started: device=0, numa_node=NUMA6, transfer_mode=AscendDirect
2026-08-19T03:12:35.737845+00:00   INFO pegaflow_server::registry: registry.rs:217 IPC import timing: device_id=4 size_bytes=533725184 import_ms=3.63 (perf-t1)
2026-08-19T03:12:35.738148+00:00   INFO pegaflow_core::instance: instance.rs:706 Sealed instance topology: instance=645193c3-9953-4135-9c5c-c92532ea094c-1a5a489c6be34cd4a6f2d320c57940f6, num_layers=72, tp_size=1, world_size=1, total_slots=72
2026-08-19T03:12:35.738211+00:00   INFO pegaflow_core::instance: instance.rs:719 Initialized GPU context: device_id=0, numa_node=NUMA6
2026-08-19T03:12:35.738241+00:00   INFO pegaflow_core: lib.rs:452 Registered context batch: instance=645193c3-9953-4135-9c5c-c92532ea094c-1a5a489c6be34cd4a6f2d320c57940f6, namespace=perf-t3-h50-iso-c1-0, device=0, layers=72, tp_rank=0/1, pp_rank=0
2026-08-19T03:12:35.744625+00:00   INFO pegaflow_server::registry: registry.rs:217 IPC import timing: device_id=4 size_bytes=533725184 import_ms=6.20 (perf-t1)
2026-08-19T03:12:35.748048+00:00   INFO pegaflow_server::registry: registry.rs:217 IPC import timing: device_id=4 size_bytes=533725184 import_ms=2.86 (perf-t1)
2026-08-19T03:12:35.751912+00:00   INFO pegaflow_server::registry: registry.rs:217 IPC import timing: device_id=4 size_bytes=533725184 import_ms=3.30 (perf-t1)
2026-08-19T03:12:35.755724+00:00   INFO pegaflow_server::registry: registry.rs:217 IPC import timing: device_id=4 size_bytes=533725184 import_ms=3.21 (perf-t1)
2026-08-19T03:12:35.761613+00:00   INFO pegaflow_server::registry: registry.rs:217 IPC import timing: device_id=4 size_bytes=533725184 import_ms=5.36 (perf-t1)
2026-08-19T03:12:35.765631+00:00   INFO pegaflow_server::registry: registry.rs:217 IPC import timing: device_id=4 size_bytes=533725184 import_ms=3.47 (perf-t1)
2026-08-19T03:12:35.770641+00:00   INFO pegaflow_server::registry: registry.rs:217 IPC import timing: device_id=4 size_bytes=533725184 import_ms=4.43 (perf-t1)
2026-08-19T03:12:35.774665+00:00   INFO pegaflow_server::registry: registry.rs:217 IPC import timing: device_id=4 size_bytes=533725184 import_ms=3.46 (perf-t1)
2026-08-19T03:12:35.783592+00:00   INFO pegaflow_server::registry: registry.rs:217 IPC import timing: device_id=4 size_bytes=533725184 import_ms=8.36 (perf-t1)
2026-08-19T03:12:35.787212+00:00   INFO pegaflow_server::registry: registry.rs:217 IPC import timing: device_id=4 size_bytes=533725184 import_ms=2.94 (perf-t1)
2026-08-19T03:12:35.790648+00:00   INFO pegaflow_server::registry: registry.rs:217 IPC import timing: device_id=4 size_bytes=533725184 import_ms=2.87 (perf-t1)
2026-08-19T03:12:35.795549+00:00   INFO pegaflow_server::registry: registry.rs:217 IPC import timing: device_id=4 size_bytes=533725184 import_ms=4.35 (perf-t1)
2026-08-19T03:12:35.799454+00:00   INFO pegaflow_server::registry: registry.rs:217 IPC import timing: device_id=4 size_bytes=533725184 import_ms=3.31 (perf-t1)
2026-08-19T03:12:35.803452+00:00   INFO pegaflow_server::registry: registry.rs:217 IPC import timing: device_id=4 size_bytes=533725184 import_ms=3.46 (perf-t1)
2026-08-19T03:12:35.847907+00:00   INFO pegaflow_server::registry: registry.rs:217 IPC import timing: device_id=4 size_bytes=533725184 import_ms=43.90 (perf-t1)
2026-08-19T03:12:35.851493+00:00   INFO pegaflow_server::registry: registry.rs:217 IPC import timing: device_id=4 size_bytes=533725184 import_ms=2.88 (perf-t1)
2026-08-19T03:12:35.854890+00:00   INFO pegaflow_server::registry: registry.rs:217 IPC import timing: device_id=4 size_bytes=533725184 import_ms=2.86 (perf-t1)
2026-08-19T03:12:35.858405+00:00   INFO pegaflow_server::registry: registry.rs:217 IPC import timing: device_id=4 size_bytes=533725184 import_ms=3.00 (perf-t1)
2026-08-19T03:12:35.861724+00:00   INFO pegaflow_server::registry: registry.rs:217 IPC import timing: device_id=4 size_bytes=533725184 import_ms=2.75 (perf-t1)
2026-08-19T03:12:35.864970+00:00   INFO pegaflow_server::registry: registry.rs:217 IPC import timing: device_id=4 size_bytes=533725184 import_ms=2.74 (perf-t1)
2026-08-19T03:12:35.872315+00:00   INFO pegaflow_server::registry: registry.rs:217 IPC import timing: device_id=4 size_bytes=533725184 import_ms=6.83 (perf-t1)
2026-08-19T03:12:35.875644+00:00   INFO pegaflow_server::registry: registry.rs:217 IPC import timing: device_id=4 size_bytes=533725184 import_ms=2.76 (perf-t1)
2026-08-19T03:12:35.878929+00:00   INFO pegaflow_server::registry: registry.rs:217 IPC import timing: device_id=4 size_bytes=533725184 import_ms=2.79 (perf-t1)
2026-08-19T03:12:35.882173+00:00   INFO pegaflow_server::registry: registry.rs:217 IPC import timing: device_id=4 size_bytes=533725184 import_ms=2.72 (perf-t1)
2026-08-19T03:12:35.885564+00:00   INFO pegaflow_server::registry: registry.rs:217 IPC import timing: device_id=4 size_bytes=533725184 import_ms=2.84 (perf-t1)
2026-08-19T03:12:35.888733+00:00   INFO pegaflow_server::registry: registry.rs:217 IPC import timing: device_id=4 size_bytes=533725184 import_ms=2.65 (perf-t1)
2026-08-19T03:12:35.893409+00:00   INFO pegaflow_server::registry: registry.rs:217 IPC import timing: device_id=4 size_bytes=533725184 import_ms=4.18 (perf-t1)
2026-08-19T03:12:35.896708+00:00   INFO pegaflow_server::registry: registry.rs:217 IPC import timing: device_id=4 size_bytes=533725184 import_ms=2.78 (perf-t1)
2026-08-19T03:12:35.901162+00:00   INFO pegaflow_server::registry: registry.rs:217 IPC import timing: device_id=4 size_bytes=533725184 import_ms=3.83 (perf-t1)
2026-08-19T03:12:35.907051+00:00   INFO pegaflow_server::registry: registry.rs:217 IPC import timing: device_id=4 size_bytes=533725184 import_ms=5.37 (perf-t1)
2026-08-19T03:12:35.919160+00:00   INFO pegaflow_server::registry: registry.rs:217 IPC import timing: device_id=4 size_bytes=533725184 import_ms=11.58 (perf-t1)
2026-08-19T03:12:35.923196+00:00   INFO pegaflow_server::registry: registry.rs:217 IPC import timing: device_id=4 size_bytes=533725184 import_ms=3.41 (perf-t1)
2026-08-19T03:12:35.926520+00:00   INFO pegaflow_server::registry: registry.rs:217 IPC import timing: device_id=4 size_bytes=533725184 import_ms=2.77 (perf-t1)
2026-08-19T03:12:35.930054+00:00   INFO pegaflow_server::registry: registry.rs:217 IPC import timing: device_id=4 size_bytes=533725184 import_ms=3.00 (perf-t1)
2026-08-19T03:12:35.933773+00:00   INFO pegaflow_server::registry: registry.rs:217 IPC import timing: device_id=4 size_bytes=533725184 import_ms=3.15 (perf-t1)
2026-08-19T03:12:35.938496+00:00   INFO pegaflow_server::registry: registry.rs:217 IPC import timing: device_id=4 size_bytes=533725184 import_ms=4.19 (perf-t1)
2026-08-19T03:12:35.942056+00:00   INFO pegaflow_server::registry: registry.rs:217 IPC import timing: device_id=4 size_bytes=533725184 import_ms=3.01 (perf-t1)
2026-08-19T03:12:35.947954+00:00   INFO pegaflow_server::registry: registry.rs:217 IPC import timing: device_id=4 size_bytes=533725184 import_ms=5.32 (perf-t1)
2026-08-19T03:12:35.951322+00:00   INFO pegaflow_server::registry: registry.rs:217 IPC import timing: device_id=4 size_bytes=533725184 import_ms=2.77 (perf-t1)
2026-08-19T03:12:35.955187+00:00   INFO pegaflow_server::registry: registry.rs:217 IPC import timing: device_id=4 size_bytes=533725184 import_ms=3.32 (perf-t1)
2026-08-19T03:12:35.958738+00:00   INFO pegaflow_server::registry: registry.rs:217 IPC import timing: device_id=4 size_bytes=533725184 import_ms=2.98 (perf-t1)
2026-08-19T03:12:35.962055+00:00   INFO pegaflow_server::registry: registry.rs:217 IPC import timing: device_id=4 size_bytes=533725184 import_ms=2.78 (perf-t1)
2026-08-19T03:12:35.965436+00:00   INFO pegaflow_server::registry: registry.rs:217 IPC import timing: device_id=4 size_bytes=533725184 import_ms=2.86 (perf-t1)
2026-08-19T03:12:35.968710+00:00   INFO pegaflow_server::registry: registry.rs:217 IPC import timing: device_id=4 size_bytes=533725184 import_ms=2.70 (perf-t1)
2026-08-19T03:12:35.976255+00:00   INFO pegaflow_server::registry: registry.rs:217 IPC import timing: device_id=4 size_bytes=533725184 import_ms=7.01 (perf-t1)
2026-08-19T03:12:35.980107+00:00   INFO pegaflow_server::registry: registry.rs:217 IPC import timing: device_id=4 size_bytes=533725184 import_ms=3.25 (perf-t1)
2026-08-19T03:12:35.983558+00:00   INFO pegaflow_server::registry: registry.rs:217 IPC import timing: device_id=4 size_bytes=533725184 import_ms=2.80 (perf-t1)
2026-08-19T03:12:35.986932+00:00   INFO pegaflow_server::registry: registry.rs:217 IPC import timing: device_id=4 size_bytes=533725184 import_ms=2.81 (perf-t1)
2026-08-19T03:12:35.990360+00:00   INFO pegaflow_server::registry: registry.rs:217 IPC import timing: device_id=4 size_bytes=533725184 import_ms=2.86 (perf-t1)
2026-08-19T03:12:35.995363+00:00   INFO pegaflow_server::registry: registry.rs:217 IPC import timing: device_id=4 size_bytes=533725184 import_ms=4.41 (perf-t1)
2026-08-19T03:12:35.999284+00:00   INFO pegaflow_server::registry: registry.rs:217 IPC import timing: device_id=4 size_bytes=533725184 import_ms=3.38 (perf-t1)
2026-08-19T03:12:36.002827+00:00   INFO pegaflow_server::registry: registry.rs:217 IPC import timing: device_id=4 size_bytes=533725184 import_ms=3.00 (perf-t1)
2026-08-19T03:12:36.006218+00:00   INFO pegaflow_server::registry: registry.rs:217 IPC import timing: device_id=4 size_bytes=533725184 import_ms=2.82 (perf-t1)
2026-08-19T03:12:36.009643+00:00   INFO pegaflow_server::registry: registry.rs:217 IPC import timing: device_id=4 size_bytes=533725184 import_ms=2.87 (perf-t1)
2026-08-19T03:12:36.012947+00:00   INFO pegaflow_server::registry: registry.rs:217 IPC import timing: device_id=4 size_bytes=533725184 import_ms=2.77 (perf-t1)
2026-08-19T03:12:36.016355+00:00   INFO pegaflow_server::registry: registry.rs:217 IPC import timing: device_id=4 size_bytes=533725184 import_ms=2.84 (perf-t1)
2026-08-19T03:12:36.019696+00:00   INFO pegaflow_server::registry: registry.rs:217 IPC import timing: device_id=4 size_bytes=533725184 import_ms=2.72 (perf-t1)
2026-08-19T03:12:36.024471+00:00   INFO pegaflow_server::registry: registry.rs:217 IPC import timing: device_id=4 size_bytes=533725184 import_ms=4.27 (perf-t1)
2026-08-19T03:12:36.027852+00:00   INFO pegaflow_server::registry: registry.rs:217 IPC import timing: device_id=4 size_bytes=533725184 import_ms=2.77 (perf-t1)
2026-08-19T03:12:36.031225+00:00   INFO pegaflow_server::registry: registry.rs:217 IPC import timing: device_id=4 size_bytes=533725184 import_ms=2.84 (perf-t1)
2026-08-19T03:12:36.035548+00:00   INFO pegaflow_server::registry: registry.rs:217 IPC import timing: device_id=4 size_bytes=533725184 import_ms=3.78 (perf-t1)
2026-08-19T03:12:36.039230+00:00   INFO pegaflow_server::registry: registry.rs:217 IPC import timing: device_id=4 size_bytes=533725184 import_ms=3.10 (perf-t1)
2026-08-19T03:12:36.045609+00:00   INFO pegaflow_server::registry: registry.rs:217 IPC import timing: device_id=4 size_bytes=533725184 import_ms=5.84 (perf-t1)
2026-08-19T03:12:36.048866+00:00   INFO pegaflow_server::registry: registry.rs:217 IPC import timing: device_id=4 size_bytes=533725184 import_ms=2.71 (perf-t1)
2026-08-19T03:12:36.052260+00:00   INFO pegaflow_server::registry: registry.rs:217 IPC import timing: device_id=4 size_bytes=533725184 import_ms=2.81 (perf-t1)
2026-08-19T03:12:36.055627+00:00   INFO pegaflow_server::registry: registry.rs:217 IPC import timing: device_id=4 size_bytes=533725184 import_ms=2.83 (perf-t1)
2026-08-19T03:12:36.059006+00:00   INFO pegaflow_server::registry: registry.rs:217 IPC import timing: device_id=4 size_bytes=533725184 import_ms=2.86 (perf-t1)
2026-08-19T03:12:36.103598+00:00   INFO pegaflow_server::registry: registry.rs:217 IPC import timing: device_id=4 size_bytes=533725184 import_ms=44.04 (perf-t1)
2026-08-19T03:12:36.107128+00:00   INFO pegaflow_server::registry: registry.rs:217 IPC import timing: device_id=4 size_bytes=533725184 import_ms=2.93 (perf-t1)
2026-08-19T03:12:36.110417+00:00   INFO pegaflow_server::registry: registry.rs:217 IPC import timing: device_id=4 size_bytes=533725184 import_ms=2.76 (perf-t1)
2026-08-19T03:12:36.113760+00:00   INFO pegaflow_server::registry: registry.rs:217 IPC import timing: device_id=4 size_bytes=533725184 import_ms=2.78 (perf-t1)
2026-08-19T03:12:36.117608+00:00   INFO pegaflow_server::registry: registry.rs:217 IPC import timing: device_id=2 size_bytes=533725184 import_ms=3.09 (perf-t1)
2026-08-19T03:12:36.117559+00:00   INFO pegaflow_core::gpu_worker: gpu_worker.rs:338 GPU worker initialized: device=4 backend=ascend_batch device_id=4
2026-08-19T03:12:36.118108+00:00   INFO pegaflow_core::gpu_worker: gpu_worker.rs:338 GPU worker initialized: device=4 backend=ascend_batch device_id=4
2026-08-19T03:12:36.118306+00:00   INFO pegaflow_core::gpu_worker: gpu_worker.rs:200 GPU worker pool started: device=4, numa_node=NUMA4, transfer_mode=AscendDirect
2026-08-19T03:12:36.118977+00:00   INFO pegaflow_core::instance: instance.rs:706 Sealed instance topology: instance=cde8f33c-3574-409c-9c5a-749eb40dd78e-9a728ce919034cfdb08bf9532404e8ef, num_layers=72, tp_size=1, world_size=1, total_slots=72
2026-08-19T03:12:36.119027+00:00   INFO pegaflow_core::instance: instance.rs:719 Initialized GPU context: device_id=4, numa_node=NUMA4
2026-08-19T03:12:36.119054+00:00   INFO pegaflow_core: lib.rs:452 Registered context batch: instance=cde8f33c-3574-409c-9c5a-749eb40dd78e-9a728ce919034cfdb08bf9532404e8ef, namespace=perf-t3-h50-iso-c1-4, device=4, layers=72, tp_rank=0/1, pp_rank=0
2026-08-19T03:12:36.121201+00:00   INFO pegaflow_server::registry: registry.rs:217 IPC import timing: device_id=2 size_bytes=533725184 import_ms=3.03 (perf-t1)
2026-08-19T03:12:36.124727+00:00   INFO pegaflow_server::registry: registry.rs:217 IPC import timing: device_id=2 size_bytes=533725184 import_ms=2.94 (perf-t1)
2026-08-19T03:12:36.128322+00:00   INFO pegaflow_server::registry: registry.rs:217 IPC import timing: device_id=2 size_bytes=533725184 import_ms=3.05 (perf-t1)
2026-08-19T03:12:36.131834+00:00   INFO pegaflow_server::registry: registry.rs:217 IPC import timing: device_id=2 size_bytes=533725184 import_ms=2.96 (perf-t1)
2026-08-19T03:12:36.135401+00:00   INFO pegaflow_server::registry: registry.rs:217 IPC import timing: device_id=2 size_bytes=533725184 import_ms=3.00 (perf-t1)
2026-08-19T03:12:36.138799+00:00   INFO pegaflow_server::registry: registry.rs:217 IPC import timing: device_id=2 size_bytes=533725184 import_ms=2.88 (perf-t1)
2026-08-19T03:12:36.142314+00:00   INFO pegaflow_server::registry: registry.rs:217 IPC import timing: device_id=2 size_bytes=533725184 import_ms=2.99 (perf-t1)
2026-08-19T03:12:36.147893+00:00   INFO pegaflow_server::registry: registry.rs:217 IPC import timing: device_id=2 size_bytes=533725184 import_ms=4.97 (perf-t1)
2026-08-19T03:12:36.151564+00:00   INFO pegaflow_server::registry: registry.rs:217 IPC import timing: device_id=2 size_bytes=533725184 import_ms=3.10 (perf-t1)
2026-08-19T03:12:36.155026+00:00   INFO pegaflow_server::registry: registry.rs:217 IPC import timing: device_id=2 size_bytes=533725184 import_ms=2.93 (perf-t1)
2026-08-19T03:12:36.158611+00:00   INFO pegaflow_server::registry: registry.rs:217 IPC import timing: device_id=2 size_bytes=533725184 import_ms=3.02 (perf-t1)
2026-08-19T03:12:36.162123+00:00   INFO pegaflow_server::registry: registry.rs:217 IPC import timing: device_id=2 size_bytes=533725184 import_ms=2.99 (perf-t1)
2026-08-19T03:12:36.165533+00:00   INFO pegaflow_server::registry: registry.rs:217 IPC import timing: device_id=2 size_bytes=533725184 import_ms=2.89 (perf-t1)
2026-08-19T03:12:36.168984+00:00   INFO pegaflow_server::registry: registry.rs:217 IPC import timing: device_id=2 size_bytes=533725184 import_ms=2.88 (perf-t1)
2026-08-19T03:12:36.174816+00:00   INFO pegaflow_server::registry: registry.rs:217 IPC import timing: device_id=2 size_bytes=533725184 import_ms=5.28 (perf-t1)
2026-08-19T03:12:36.178367+00:00   INFO pegaflow_server::registry: registry.rs:217 IPC import timing: device_id=2 size_bytes=533725184 import_ms=3.02 (perf-t1)
2026-08-19T03:12:36.182010+00:00   INFO pegaflow_server::registry: registry.rs:217 IPC import timing: device_id=2 size_bytes=533725184 import_ms=2.95 (perf-t1)
2026-08-19T03:12:36.188718+00:00   INFO pegaflow_server::registry: registry.rs:217 IPC import timing: device_id=2 size_bytes=533725184 import_ms=6.10 (perf-t1)
2026-08-19T03:12:36.192091+00:00   INFO pegaflow_server::registry: registry.rs:217 IPC import timing: device_id=2 size_bytes=533725184 import_ms=2.82 (perf-t1)
2026-08-19T03:12:36.195544+00:00   INFO pegaflow_server::registry: registry.rs:217 IPC import timing: device_id=2 size_bytes=533725184 import_ms=2.84 (perf-t1)
2026-08-19T03:12:36.199345+00:00   INFO pegaflow_server::registry: registry.rs:217 IPC import timing: device_id=2 size_bytes=533725184 import_ms=3.23 (perf-t1)
2026-08-19T03:12:36.202938+00:00   INFO pegaflow_server::registry: registry.rs:217 IPC import timing: device_id=2 size_bytes=533725184 import_ms=3.05 (perf-t1)
2026-08-19T03:12:36.206565+00:00   INFO pegaflow_server::registry: registry.rs:217 IPC import timing: device_id=2 size_bytes=533725184 import_ms=2.91 (perf-t1)
2026-08-19T03:12:36.209995+00:00   INFO pegaflow_server::registry: registry.rs:217 IPC import timing: device_id=2 size_bytes=533725184 import_ms=2.85 (perf-t1)
2026-08-19T03:12:36.213462+00:00   INFO pegaflow_server::registry: registry.rs:217 IPC import timing: device_id=2 size_bytes=533725184 import_ms=2.93 (perf-t1)
2026-08-19T03:12:36.218622+00:00   INFO pegaflow_server::registry: registry.rs:217 IPC import timing: device_id=2 size_bytes=533725184 import_ms=4.61 (perf-t1)
2026-08-19T03:12:36.224946+00:00   INFO pegaflow_server::registry: registry.rs:217 IPC import timing: device_id=2 size_bytes=533725184 import_ms=5.69 (perf-t1)
2026-08-19T03:12:36.229465+00:00   INFO pegaflow_server::registry: registry.rs:217 IPC import timing: device_id=2 size_bytes=533725184 import_ms=3.96 (perf-t1)
2026-08-19T03:12:36.234608+00:00   INFO pegaflow_server::registry: registry.rs:217 IPC import timing: device_id=2 size_bytes=533725184 import_ms=4.56 (perf-t1)
2026-08-19T03:12:36.237991+00:00   INFO pegaflow_server::registry: registry.rs:217 IPC import timing: device_id=2 size_bytes=533725184 import_ms=2.79 (perf-t1)
2026-08-19T03:12:36.241348+00:00   INFO pegaflow_server::registry: registry.rs:217 IPC import timing: device_id=2 size_bytes=533725184 import_ms=2.82 (perf-t1)
2026-08-19T03:12:36.245693+00:00   INFO pegaflow_server::registry: registry.rs:217 IPC import timing: device_id=2 size_bytes=533725184 import_ms=3.81 (perf-t1)
2026-08-19T03:12:36.249112+00:00   INFO pegaflow_server::registry: registry.rs:217 IPC import timing: device_id=2 size_bytes=533725184 import_ms=2.85 (perf-t1)
2026-08-19T03:12:36.252656+00:00   INFO pegaflow_server::registry: registry.rs:217 IPC import timing: device_id=2 size_bytes=533725184 import_ms=2.98 (perf-t1)
2026-08-19T03:12:36.256035+00:00   INFO pegaflow_server::registry: registry.rs:217 IPC import timing: device_id=2 size_bytes=533725184 import_ms=2.84 (perf-t1)
2026-08-19T03:12:36.259485+00:00   INFO pegaflow_server::registry: registry.rs:217 IPC import timing: device_id=2 size_bytes=533725184 import_ms=2.84 (perf-t1)
2026-08-19T03:12:36.262869+00:00   INFO pegaflow_server::registry: registry.rs:217 IPC import timing: device_id=2 size_bytes=533725184 import_ms=2.80 (perf-t1)
2026-08-19T03:12:36.266392+00:00   INFO pegaflow_server::registry: registry.rs:217 IPC import timing: device_id=2 size_bytes=533725184 import_ms=2.97 (perf-t1)
2026-08-19T03:12:36.269824+00:00   INFO pegaflow_server::registry: registry.rs:217 IPC import timing: device_id=2 size_bytes=533725184 import_ms=2.85 (perf-t1)
2026-08-19T03:12:36.273246+00:00   INFO pegaflow_server::registry: registry.rs:217 IPC import timing: device_id=2 size_bytes=533725184 import_ms=2.89 (perf-t1)
2026-08-19T03:12:36.276630+00:00   INFO pegaflow_server::registry: registry.rs:217 IPC import timing: device_id=2 size_bytes=533725184 import_ms=2.84 (perf-t1)
2026-08-19T03:12:36.279991+00:00   INFO pegaflow_server::registry: registry.rs:217 IPC import timing: device_id=2 size_bytes=533725184 import_ms=2.79 (perf-t1)
2026-08-19T03:12:36.283428+00:00   INFO pegaflow_server::registry: registry.rs:217 IPC import timing: device_id=2 size_bytes=533725184 import_ms=2.89 (perf-t1)
2026-08-19T03:12:36.288837+00:00   INFO pegaflow_server::registry: registry.rs:217 IPC import timing: device_id=2 size_bytes=533725184 import_ms=4.87 (perf-t1)
2026-08-19T03:12:36.292906+00:00   INFO pegaflow_server::registry: registry.rs:217 IPC import timing: device_id=2 size_bytes=533725184 import_ms=3.49 (perf-t1)
2026-08-19T03:12:36.296201+00:00   INFO pegaflow_server::registry: registry.rs:217 IPC import timing: device_id=2 size_bytes=533725184 import_ms=2.76 (perf-t1)
2026-08-19T03:12:36.299607+00:00   INFO pegaflow_server::registry: registry.rs:217 IPC import timing: device_id=2 size_bytes=533725184 import_ms=2.84 (perf-t1)
2026-08-19T03:12:36.302982+00:00   INFO pegaflow_server::registry: registry.rs:217 IPC import timing: device_id=2 size_bytes=533725184 import_ms=2.79 (perf-t1)
2026-08-19T03:12:36.345329+00:00   INFO pegaflow_server::registry: registry.rs:217 IPC import timing: device_id=2 size_bytes=533725184 import_ms=41.80 (perf-t1)
2026-08-19T03:12:36.349099+00:00   INFO pegaflow_server::registry: registry.rs:217 IPC import timing: device_id=2 size_bytes=533725184 import_ms=3.14 (perf-t1)
2026-08-19T03:12:36.352582+00:00   INFO pegaflow_server::registry: registry.rs:217 IPC import timing: device_id=2 size_bytes=533725184 import_ms=2.86 (perf-t1)
2026-08-19T03:12:36.356032+00:00   INFO pegaflow_server::registry: registry.rs:217 IPC import timing: device_id=2 size_bytes=533725184 import_ms=2.90 (perf-t1)
2026-08-19T03:12:36.359339+00:00   INFO pegaflow_server::registry: registry.rs:217 IPC import timing: device_id=2 size_bytes=533725184 import_ms=2.77 (perf-t1)
2026-08-19T03:12:36.362849+00:00   INFO pegaflow_server::registry: registry.rs:217 IPC import timing: device_id=2 size_bytes=533725184 import_ms=2.94 (perf-t1)
2026-08-19T03:12:36.366424+00:00   INFO pegaflow_server::registry: registry.rs:217 IPC import timing: device_id=2 size_bytes=533725184 import_ms=3.06 (perf-t1)
2026-08-19T03:12:36.369899+00:00   INFO pegaflow_server::registry: registry.rs:217 IPC import timing: device_id=2 size_bytes=533725184 import_ms=2.93 (perf-t1)
2026-08-19T03:12:36.375688+00:00   INFO pegaflow_server::registry: registry.rs:217 IPC import timing: device_id=2 size_bytes=533725184 import_ms=5.10 (perf-t1)
2026-08-19T03:12:36.379200+00:00   INFO pegaflow_server::registry: registry.rs:217 IPC import timing: device_id=2 size_bytes=533725184 import_ms=2.98 (perf-t1)
2026-08-19T03:12:36.382704+00:00   INFO pegaflow_server::registry: registry.rs:217 IPC import timing: device_id=2 size_bytes=533725184 import_ms=2.86 (perf-t1)
2026-08-19T03:12:36.390216+00:00   INFO pegaflow_server::registry: registry.rs:217 IPC import timing: device_id=2 size_bytes=533725184 import_ms=6.93 (perf-t1)
2026-08-19T03:12:36.395713+00:00   INFO pegaflow_server::registry: registry.rs:217 IPC import timing: device_id=2 size_bytes=533725184 import_ms=4.97 (perf-t1)
2026-08-19T03:12:36.399781+00:00   INFO pegaflow_server::registry: registry.rs:217 IPC import timing: device_id=2 size_bytes=533725184 import_ms=3.52 (perf-t1)
2026-08-19T03:12:36.403195+00:00   INFO pegaflow_server::registry: registry.rs:217 IPC import timing: device_id=2 size_bytes=533725184 import_ms=2.84 (perf-t1)
2026-08-19T03:12:36.407027+00:00   INFO pegaflow_server::registry: registry.rs:217 IPC import timing: device_id=2 size_bytes=533725184 import_ms=3.28 (perf-t1)
2026-08-19T03:12:36.410858+00:00   INFO pegaflow_server::registry: registry.rs:217 IPC import timing: device_id=2 size_bytes=533725184 import_ms=3.27 (perf-t1)
2026-08-19T03:12:36.414409+00:00   INFO pegaflow_server::registry: registry.rs:217 IPC import timing: device_id=2 size_bytes=533725184 import_ms=2.97 (perf-t1)
2026-08-19T03:12:36.417936+00:00   INFO pegaflow_server::registry: registry.rs:217 IPC import timing: device_id=2 size_bytes=533725184 import_ms=2.95 (perf-t1)
2026-08-19T03:12:36.421463+00:00   INFO pegaflow_server::registry: registry.rs:217 IPC import timing: device_id=2 size_bytes=533725184 import_ms=2.97 (perf-t1)
2026-08-19T03:12:36.425125+00:00   INFO pegaflow_server::registry: registry.rs:217 IPC import timing: device_id=2 size_bytes=533725184 import_ms=3.08 (perf-t1)
2026-08-19T03:12:36.428669+00:00   INFO pegaflow_server::registry: registry.rs:217 IPC import timing: device_id=2 size_bytes=533725184 import_ms=3.01 (perf-t1)
2026-08-19T03:12:36.432076+00:00   INFO pegaflow_server::registry: registry.rs:217 IPC import timing: device_id=2 size_bytes=533725184 import_ms=2.88 (perf-t1)
2026-08-19T03:12:36.435548+00:00   INFO pegaflow_core::gpu_worker: gpu_worker.rs:338 GPU worker initialized: device=2 backend=ascend_batch device_id=2
2026-08-19T03:12:36.435689+00:00   INFO pegaflow_core::gpu_worker: gpu_worker.rs:338 GPU worker initialized: device=2 backend=ascend_batch device_id=2
2026-08-19T03:12:36.436015+00:00   INFO pegaflow_core::gpu_worker: gpu_worker.rs:200 GPU worker pool started: device=2, numa_node=NUMA6, transfer_mode=AscendDirect
2026-08-19T03:12:36.436764+00:00   INFO pegaflow_core::instance: instance.rs:706 Sealed instance topology: instance=efd8fffa-f618-4adc-9e07-1e7cdc5a549c-0a6afd7067fb457b957197dede1ff604, num_layers=72, tp_size=1, world_size=1, total_slots=72
2026-08-19T03:12:36.436830+00:00   INFO pegaflow_core::instance: instance.rs:719 Initialized GPU context: device_id=2, numa_node=NUMA6
2026-08-19T03:12:36.436862+00:00   INFO pegaflow_core: lib.rs:452 Registered context batch: instance=efd8fffa-f618-4adc-9e07-1e7cdc5a549c-0a6afd7067fb457b957197dede1ff604, namespace=perf-t3-h50-iso-c1-2, device=2, layers=72, tp_rank=0/1, pp_rank=0
2026-08-19T03:12:50.890239+00:00   INFO pegaflow_server::service: service.rs:931 Session opened: instance_id=645193c3-9953-4135-9c5c-c92532ea094c-1a5a489c6be34cd4a6f2d320c57940f6 namespace=perf-t3-h50-iso-c1-0 tp_size=1 world_size=1 token=1
2026-08-19T03:12:51.430619+00:00   INFO pegaflow_server::service: service.rs:931 Session opened: instance_id=ecafea2e-8856-410d-becf-be85277a2dc8-360df158e83e4ea3a758df9fb04542cd namespace=perf-t3-h50-iso-c1-7 tp_size=1 world_size=1 token=2
2026-08-19T03:12:52.310888+00:00   INFO pegaflow_server::service: service.rs:931 Session opened: instance_id=efd8fffa-f618-4adc-9e07-1e7cdc5a549c-0a6afd7067fb457b957197dede1ff604 namespace=perf-t3-h50-iso-c1-2 tp_size=1 world_size=1 token=3
2026-08-19T03:12:54.628070+00:00   INFO pegaflow_server::service: service.rs:931 Session opened: instance_id=c3956dcf-220d-48da-9212-7b7451c3044b-450b0bcdbd864f9d9524fdd4e28e667d namespace=perf-t3-h50-iso-c1-6 tp_size=1 world_size=1 token=4
2026-08-19T03:12:57.552353+00:00   INFO pegaflow_server::service: service.rs:931 Session opened: instance_id=2d9566ee-7276-4ee5-bd32-de0877783f01-54e7d9176ded4ad3a69e07511aa96779 namespace=perf-t3-h50-iso-c1-1 tp_size=1 world_size=1 token=5
2026-08-19T03:13:01.618238+00:00   INFO pegaflow_server::service: service.rs:931 Session opened: instance_id=4f46adf4-28c2-4dcf-82d3-94d238862846-458ccc860b4a44c2bf49894b786eec4d namespace=perf-t3-h50-iso-c1-3 tp_size=1 world_size=1 token=6
2026-08-19T03:13:02.845261+00:00   INFO pegaflow_server::service: service.rs:931 Session opened: instance_id=cde8f33c-3574-409c-9c5a-749eb40dd78e-9a728ce919034cfdb08bf9532404e8ef namespace=perf-t3-h50-iso-c1-4 tp_size=1 world_size=1 token=7
2026-08-19T03:13:09.608449+00:00   INFO pegaflow_server::service: service.rs:931 Session opened: instance_id=3fa95cce-594d-4ee0-b18a-121c34c23151-39a594a117154724b3e12b8232f37c1f namespace=perf-t3-h50-iso-c1-5 tp_size=1 world_size=1 token=8
2026-08-19T03:13:18.224045+00:00   INFO pegaflow_core::storage::prefetch: prefetch.rs:316 Prefetch local-hit timing: req_id=cmpl-perf-fbb986a652fe-0-9bbfeab4 total_keys=76 hit=0 missing=76 key_build=80.161µs cache_scan=21.37µs task_schedule=6.711µs total=200.372µs
2026-08-19T03:13:50.247558+00:00   INFO pegaflow_core::storage::prefetch: prefetch.rs:316 Prefetch local-hit timing: req_id=cmpl-perf-b641d15a85bd-0-ae7adc0d total_keys=38 hit=0 missing=38 key_build=40.78µs cache_scan=22.171µs task_schedule=6.36µs total=101.191µs
2026-08-19T03:13:52.432822+00:00   INFO pegaflow_core::storage::prefetch: prefetch.rs:316 Prefetch local-hit timing: req_id=cmpl-perf-1fc0dc813d9e-0-a5d6bde3 total_keys=77 hit=0 missing=77 key_build=50.49µs cache_scan=6.351µs task_schedule=3.85µs total=72.511µs
2026-08-19T03:13:54.991552+00:00   INFO pegaflow_core::storage::prefetch: prefetch.rs:316 Prefetch local-hit timing: req_id=cmpl-perf-324c776b1f0c-0-9212a2a0 total_keys=77 hit=0 missing=77 key_build=72.541µs cache_scan=12.51µs task_schedule=5.28µs total=109.212µs
2026-08-19T03:13:57.573573+00:00   INFO pegaflow_core::storage::prefetch: prefetch.rs:316 Prefetch local-hit timing: req_id=cmpl-perf-d3ca2ec2e295-0-a427b132 total_keys=77 hit=0 missing=77 key_build=58.221µs cache_scan=14.91µs task_schedule=5.99µs total=99.541µs
2026-08-19T03:14:00.150495+00:00   INFO pegaflow_core::storage::prefetch: prefetch.rs:316 Prefetch local-hit timing: req_id=cmpl-perf-ee69ced3cf2c-0-84253571 total_keys=76 hit=0 missing=76 key_build=60.651µs cache_scan=9.93µs task_schedule=5.24µs total=95.171µs
2026-08-19T03:14:02.718298+00:00   INFO pegaflow_core::storage::prefetch: prefetch.rs:316 Prefetch local-hit timing: req_id=cmpl-perf-29e09e6a9938-0-8b0ebd7a total_keys=77 hit=0 missing=77 key_build=48.131µs cache_scan=11.18µs task_schedule=5.39µs total=82.681µs
2026-08-19T03:14:05.295249+00:00   INFO pegaflow_core::storage::prefetch: prefetch.rs:316 Prefetch local-hit timing: req_id=cmpl-perf-f2962454ed17-0-bb744ba6 total_keys=77 hit=0 missing=77 key_build=61.811µs cache_scan=11.33µs task_schedule=6.06µs total=99.941µs
2026-08-19T03:14:07.878094+00:00   INFO pegaflow_core::storage::prefetch: prefetch.rs:316 Prefetch local-hit timing: req_id=cmpl-perf-85f7f0d57e73-0-a2815c56 total_keys=77 hit=0 missing=77 key_build=62.811µs cache_scan=20.46µs task_schedule=6.67µs total=117.941µs
2026-08-19T03:14:14.000710+00:00   INFO pegaflow_server::service: service.rs:955 Session closed: instance_id=645193c3-9953-4135-9c5c-c92532ea094c-1a5a489c6be34cd4a6f2d320c57940f6 token=1 — running cleanup
2026-08-19T03:14:14.644974+00:00   INFO pegaflow_server::service: service.rs:59 Session cleanup (stream closed): dropped 72 device tensors for instance 645193c3-9953-4135-9c5c-c92532ea094c-1a5a489c6be34cd4a6f2d320c57940f6
2026-08-19T03:14:14.645225+00:00   INFO pegaflow_core: lib.rs:471 Unregistered instance: 645193c3-9953-4135-9c5c-c92532ea094c-1a5a489c6be34cd4a6f2d320c57940f6
2026-08-19T03:14:15.320030+00:00   INFO pegaflow_server::service: service.rs:955 Session closed: instance_id=ecafea2e-8856-410d-becf-be85277a2dc8-360df158e83e4ea3a758df9fb04542cd token=2 — running cleanup
2026-08-19T03:14:15.851761+00:00   INFO pegaflow_core: lib.rs:471 Unregistered instance: ecafea2e-8856-410d-becf-be85277a2dc8-360df158e83e4ea3a758df9fb04542cd
2026-08-19T03:14:16.482289+00:00   INFO pegaflow_server::service: service.rs:955 Session closed: instance_id=efd8fffa-f618-4adc-9e07-1e7cdc5a549c-0a6afd7067fb457b957197dede1ff604 token=3 — running cleanup
2026-08-19T03:14:17.147415+00:00   INFO pegaflow_core: lib.rs:471 Unregistered instance: efd8fffa-f618-4adc-9e07-1e7cdc5a549c-0a6afd7067fb457b957197dede1ff604
2026-08-19T03:14:17.649127+00:00   INFO pegaflow_server::service: service.rs:955 Session closed: instance_id=c3956dcf-220d-48da-9212-7b7451c3044b-450b0bcdbd864f9d9524fdd4e28e667d token=4 — running cleanup
2026-08-19T03:14:18.280036+00:00   INFO pegaflow_core: lib.rs:471 Unregistered instance: c3956dcf-220d-48da-9212-7b7451c3044b-450b0bcdbd864f9d9524fdd4e28e667d
2026-08-19T03:14:18.863926+00:00   INFO pegaflow_server::service: service.rs:955 Session closed: instance_id=2d9566ee-7276-4ee5-bd32-de0877783f01-54e7d9176ded4ad3a69e07511aa96779 token=5 — running cleanup
2026-08-19T03:14:19.479046+00:00   INFO pegaflow_server::service: service.rs:59 Session cleanup (stream closed): dropped 72 device tensors for instance 2d9566ee-7276-4ee5-bd32-de0877783f01-54e7d9176ded4ad3a69e07511aa96779
2026-08-19T03:14:19.479298+00:00   INFO pegaflow_core: lib.rs:471 Unregistered instance: 2d9566ee-7276-4ee5-bd32-de0877783f01-54e7d9176ded4ad3a69e07511aa96779
2026-08-19T03:14:20.031194+00:00   INFO pegaflow_server::service: service.rs:955 Session closed: instance_id=4f46adf4-28c2-4dcf-82d3-94d238862846-458ccc860b4a44c2bf49894b786eec4d token=6 — running cleanup
2026-08-19T03:14:20.638724+00:00   INFO pegaflow_server::service: service.rs:59 Session cleanup (stream closed): dropped 72 device tensors for instance 4f46adf4-28c2-4dcf-82d3-94d238862846-458ccc860b4a44c2bf49894b786eec4d
2026-08-19T03:14:20.638961+00:00   INFO pegaflow_core: lib.rs:471 Unregistered instance: 4f46adf4-28c2-4dcf-82d3-94d238862846-458ccc860b4a44c2bf49894b786eec4d
2026-08-19T03:14:21.346149+00:00   INFO pegaflow_server::service: service.rs:955 Session closed: instance_id=cde8f33c-3574-409c-9c5a-749eb40dd78e-9a728ce919034cfdb08bf9532404e8ef token=7 — running cleanup
2026-08-19T03:14:22.040897+00:00   INFO pegaflow_server::service: service.rs:59 Session cleanup (stream closed): dropped 72 device tensors for instance cde8f33c-3574-409c-9c5a-749eb40dd78e-9a728ce919034cfdb08bf9532404e8ef
2026-08-19T03:14:22.041139+00:00   INFO pegaflow_core: lib.rs:471 Unregistered instance: cde8f33c-3574-409c-9c5a-749eb40dd78e-9a728ce919034cfdb08bf9532404e8ef
2026-08-19T03:14:22.562147+00:00   INFO pegaflow_server::service: service.rs:955 Session closed: instance_id=3fa95cce-594d-4ee0-b18a-121c34c23151-39a594a117154724b3e12b8232f37c1f token=8 — running cleanup
2026-08-19T03:14:23.600465+00:00   INFO pegaflow_core: lib.rs:471 Unregistered instance: 3fa95cce-594d-4ee0-b18a-121c34c23151-39a594a117154724b3e12b8232f37c1f
