2026-08-18T16:42:17.730551+00:00   INFO pegaflow_server: lib.rs:480 Starting pega-engine-server v0.23.3
2026-08-18T16:42:18.576863+00:00   INFO pegaflow_server: lib.rs:319 Ascend ACL runtime initialized, device 0 set as current
2026-08-18T16:42:18.577052+00:00   INFO pegaflow_server::check_ascend_version: check_ascend_version.rs:40 Ascend preflight: minimum required version 1.16.0
2026-08-18T16:42:18.577117+00:00   INFO pegaflow_server::check_ascend_version: check_ascend_version.rs:52 Ascend preflight: runtime version 1.17.0 detected
2026-08-18T16:42:18.577153+00:00   INFO pegaflow_server: lib.rs:498 Using specified device(s): [0, 1, 2, 3, 4, 5, 6, 7]
2026-08-18T16:42:27.482780+00:00   INFO pegaflow_server: lib.rs:397 Initialized context for device 0 in 0.01s
2026-08-18T16:42:28.235614+00:00   INFO pegaflow_server: lib.rs:397 Initialized context for device 1 in 0.75s
2026-08-18T16:42:28.981142+00:00   INFO pegaflow_server: lib.rs:397 Initialized context for device 2 in 0.75s
2026-08-18T16:42:29.730031+00:00   INFO pegaflow_server: lib.rs:397 Initialized context for device 3 in 0.75s
2026-08-18T16:42:30.489029+00:00   INFO pegaflow_server: lib.rs:397 Initialized context for device 4 in 0.76s
2026-08-18T16:42:31.256810+00:00   INFO pegaflow_server: lib.rs:397 Initialized context for device 5 in 0.77s
2026-08-18T16:42:32.063866+00:00   INFO pegaflow_server: lib.rs:397 Initialized context for device 6 in 0.81s
2026-08-18T16:42:32.829807+00:00   INFO pegaflow_server: lib.rs:397 Initialized context for device 7 in 0.77s
2026-08-18T16:42:32.830049+00:00   INFO pegaflow_server: lib.rs:507 Device runtime initialized for 8 device(s): [0, 1, 2, 3, 4, 5, 6, 7]
2026-08-18T16:42:32.830386+00:00   INFO pegaflow_server: lib.rs:528 Creating PegaEngine with pinned memory pool: 16.00 GiB (17179869184 bytes), hugepages=false
2026-08-18T16:42:32.860475+00:00   INFO pegaflow_server: lib.rs:446 Prometheus metrics exporter enabled
2026-08-18T16:42:32.860801+00:00   INFO opentelemetry: metrics.rs:29  name="MeterProvider.GlobalSet" message=Global meter provider is set. Meters can now be created using global::meter() or global::meter_with_scope().
2026-08-18T16:42:38.276175+00:00   INFO pegaflow_common::numa: numa.rs:650 === Device-NUMA Topology ===
2026-08-18T16:42:38.276304+00:00   INFO pegaflow_common::numa: numa.rs:651 NUMA nodes: 8
2026-08-18T16:42:38.276361+00:00   INFO pegaflow_common::numa: numa.rs:659   Device 0 -> NUMA6
2026-08-18T16:42:38.276387+00:00   INFO pegaflow_common::numa: numa.rs:659   Device 1 -> NUMA0
2026-08-18T16:42:38.276407+00:00   INFO pegaflow_common::numa: numa.rs:659   Device 2 -> NUMA6
2026-08-18T16:42:38.276426+00:00   INFO pegaflow_common::numa: numa.rs:659   Device 3 -> NUMA0
2026-08-18T16:42:38.276444+00:00   INFO pegaflow_common::numa: numa.rs:659   Device 4 -> NUMA4
2026-08-18T16:42:38.276463+00:00   INFO pegaflow_common::numa: numa.rs:659   Device 5 -> NUMA2
2026-08-18T16:42:38.276481+00:00   INFO pegaflow_common::numa: numa.rs:659   Device 6 -> NUMA4
2026-08-18T16:42:38.276499+00:00   INFO pegaflow_common::numa: numa.rs:659   Device 7 -> NUMA2
2026-08-18T16:42:38.276551+00:00   INFO pegaflow_core: lib.rs:163 Auto-enabling NUMA-aware memory allocation for 4 GPU-local NUMA nodes (8 CPU NUMA nodes detected)
2026-08-18T16:42:38.276575+00:00   INFO pegaflow_core::storage: mod.rs:150 Creating NUMA-aware pinned pools for 4 nodes
2026-08-18T16:42:38.276608+00:00   INFO pegaflow_core::pinned_pool: pinned_pool.rs:547 Creating NUMA-aware pools: total=16.0 GiB, nodes=4, per_node=4.0 GiB, shards_per_node=1
2026-08-18T16:42:38.278125+00:00   INFO pegaflow_core::pinned_pool: pinned_pool.rs:203 Allocating pinned memory pool with aclrtMallocHost mapped pages
2026-08-18T16:42:38.278306+00:00   INFO pegaflow_core::pinned_pool: pinned_pool.rs:262 Ascend pinned pool on NUMA node NUMA0 → using device 3
2026-08-18T16:42:38.451318+00:00   INFO pegaflow_core::pinned_pool: pinned_pool.rs:213 Pinned pool: backing_size=4.0 GiB, unit_size=512 B, max_units=8388608, allocatable_size=4.0 GiB
2026-08-18T16:42:38.799311+00:00   INFO pegaflow_core::pinned_pool: pinned_pool.rs:580 Created pinned pool on NUMA0: capacity=4.0 GiB
2026-08-18T16:42:38.800556+00:00   INFO pegaflow_core::pinned_pool: pinned_pool.rs:203 Allocating pinned memory pool with aclrtMallocHost mapped pages
2026-08-18T16:42:38.800611+00:00   INFO pegaflow_core::pinned_pool: pinned_pool.rs:262 Ascend pinned pool on NUMA node NUMA2 → using device 5
2026-08-18T16:42:38.971514+00:00   INFO pegaflow_core::pinned_pool: pinned_pool.rs:213 Pinned pool: backing_size=4.0 GiB, unit_size=512 B, max_units=8388608, allocatable_size=4.0 GiB
2026-08-18T16:42:39.310135+00:00   INFO pegaflow_core::pinned_pool: pinned_pool.rs:580 Created pinned pool on NUMA2: capacity=4.0 GiB
2026-08-18T16:42:39.311425+00:00   INFO pegaflow_core::pinned_pool: pinned_pool.rs:203 Allocating pinned memory pool with aclrtMallocHost mapped pages
2026-08-18T16:42:39.311601+00:00   INFO pegaflow_core::pinned_pool: pinned_pool.rs:262 Ascend pinned pool on NUMA node NUMA4 → using device 4
2026-08-18T16:42:39.484457+00:00   INFO pegaflow_core::pinned_pool: pinned_pool.rs:213 Pinned pool: backing_size=4.0 GiB, unit_size=512 B, max_units=8388608, allocatable_size=4.0 GiB
2026-08-18T16:42:39.828846+00:00   INFO pegaflow_core::pinned_pool: pinned_pool.rs:580 Created pinned pool on NUMA4: capacity=4.0 GiB
2026-08-18T16:42:39.829908+00:00   INFO pegaflow_core::pinned_pool: pinned_pool.rs:203 Allocating pinned memory pool with aclrtMallocHost mapped pages
2026-08-18T16:42:39.830101+00:00   INFO pegaflow_core::pinned_pool: pinned_pool.rs:262 Ascend pinned pool on NUMA node NUMA6 → using device 0
2026-08-18T16:42:39.996368+00:00   INFO pegaflow_core::pinned_pool: pinned_pool.rs:213 Pinned pool: backing_size=4.0 GiB, unit_size=512 B, max_units=8388608, allocatable_size=4.0 GiB
2026-08-18T16:42:40.335234+00:00   INFO pegaflow_core::pinned_pool: pinned_pool.rs:580 Created pinned pool on NUMA6: capacity=4.0 GiB
2026-08-18T16:42:40.336059+00:00   INFO pegaflow_server: lib.rs:688 Background GC task started (interval=60s, inflight_max_age=5m, failed_remote_max_age=5m)
2026-08-18T16:42:40.336490+00:00   INFO pegaflow_server::http_server: http_server.rs:187 Starting HTTP server on 0.0.0.0:9091 (/health, /metrics, /instances, /instances/cleanup, /cache/memory/cleanup)
2026-08-18T16:42:40.336620+00:00   INFO pegaflow_server: lib.rs:716 PegaEngine gRPC server listening on 0.0.0.0:50080
2026-08-18T16:44:43.797629+00:00   INFO pegaflow_server::registry: registry.rs:217 IPC import timing: device_id=6 size_bytes=533725184 import_ms=11.10 (perf-t1)
2026-08-18T16:44:43.802454+00:00   INFO pegaflow_server::registry: registry.rs:217 IPC import timing: device_id=6 size_bytes=533725184 import_ms=2.88 (perf-t1)
2026-08-18T16:44:43.805941+00:00   INFO pegaflow_server::registry: registry.rs:217 IPC import timing: device_id=6 size_bytes=533725184 import_ms=2.86 (perf-t1)
2026-08-18T16:44:43.809416+00:00   INFO pegaflow_server::registry: registry.rs:217 IPC import timing: device_id=6 size_bytes=533725184 import_ms=2.95 (perf-t1)
2026-08-18T16:44:43.812766+00:00   INFO pegaflow_server::registry: registry.rs:217 IPC import timing: device_id=6 size_bytes=533725184 import_ms=2.79 (perf-t1)
2026-08-18T16:44:43.816197+00:00   INFO pegaflow_server::registry: registry.rs:217 IPC import timing: device_id=6 size_bytes=533725184 import_ms=2.91 (perf-t1)
2026-08-18T16:44:43.820002+00:00   INFO pegaflow_server::registry: registry.rs:217 IPC import timing: device_id=6 size_bytes=533725184 import_ms=3.25 (perf-t1)
2026-08-18T16:44:43.823882+00:00   INFO pegaflow_server::registry: registry.rs:217 IPC import timing: device_id=6 size_bytes=533725184 import_ms=3.28 (perf-t1)
2026-08-18T16:44:43.827592+00:00   INFO pegaflow_server::registry: registry.rs:217 IPC import timing: device_id=6 size_bytes=533725184 import_ms=2.93 (perf-t1)
2026-08-18T16:44:43.831198+00:00   INFO pegaflow_server::registry: registry.rs:217 IPC import timing: device_id=6 size_bytes=533725184 import_ms=2.99 (perf-t1)
2026-08-18T16:44:43.834827+00:00   INFO pegaflow_server::registry: registry.rs:217 IPC import timing: device_id=6 size_bytes=533725184 import_ms=3.03 (perf-t1)
2026-08-18T16:44:43.838228+00:00   INFO pegaflow_server::registry: registry.rs:217 IPC import timing: device_id=6 size_bytes=533725184 import_ms=2.86 (perf-t1)
2026-08-18T16:44:43.841689+00:00   INFO pegaflow_server::registry: registry.rs:217 IPC import timing: device_id=6 size_bytes=533725184 import_ms=2.92 (perf-t1)
2026-08-18T16:44:43.845153+00:00   INFO pegaflow_server::registry: registry.rs:217 IPC import timing: device_id=6 size_bytes=533725184 import_ms=2.91 (perf-t1)
2026-08-18T16:44:43.891253+00:00   INFO pegaflow_server::registry: registry.rs:217 IPC import timing: device_id=6 size_bytes=533725184 import_ms=45.58 (perf-t1)
2026-08-18T16:44:43.902596+00:00   INFO pegaflow_server::registry: registry.rs:217 IPC import timing: device_id=6 size_bytes=533725184 import_ms=10.69 (perf-t1)
2026-08-18T16:44:43.906098+00:00   INFO pegaflow_server::registry: registry.rs:217 IPC import timing: device_id=6 size_bytes=533725184 import_ms=2.96 (perf-t1)
2026-08-18T16:44:43.911612+00:00   INFO pegaflow_server::registry: registry.rs:217 IPC import timing: device_id=6 size_bytes=533725184 import_ms=5.00 (perf-t1)
2026-08-18T16:44:43.915024+00:00   INFO pegaflow_server::registry: registry.rs:217 IPC import timing: device_id=6 size_bytes=533725184 import_ms=2.89 (perf-t1)
2026-08-18T16:44:43.918283+00:00   INFO pegaflow_server::registry: registry.rs:217 IPC import timing: device_id=6 size_bytes=533725184 import_ms=2.72 (perf-t1)
2026-08-18T16:44:43.921534+00:00   INFO pegaflow_server::registry: registry.rs:217 IPC import timing: device_id=6 size_bytes=533725184 import_ms=2.75 (perf-t1)
2026-08-18T16:44:43.925205+00:00   INFO pegaflow_server::registry: registry.rs:217 IPC import timing: device_id=6 size_bytes=533725184 import_ms=3.11 (perf-t1)
2026-08-18T16:44:43.928503+00:00   INFO pegaflow_server::registry: registry.rs:217 IPC import timing: device_id=6 size_bytes=533725184 import_ms=2.75 (perf-t1)
2026-08-18T16:44:43.932838+00:00   INFO pegaflow_server::registry: registry.rs:217 IPC import timing: device_id=6 size_bytes=533725184 import_ms=3.80 (perf-t1)
2026-08-18T16:44:43.936285+00:00   INFO pegaflow_server::registry: registry.rs:217 IPC import timing: device_id=6 size_bytes=533725184 import_ms=2.88 (perf-t1)
2026-08-18T16:44:43.939919+00:00   INFO pegaflow_server::registry: registry.rs:217 IPC import timing: device_id=6 size_bytes=533725184 import_ms=3.00 (perf-t1)
2026-08-18T16:44:43.943447+00:00   INFO pegaflow_server::registry: registry.rs:217 IPC import timing: device_id=6 size_bytes=533725184 import_ms=2.91 (perf-t1)
2026-08-18T16:44:43.947925+00:00   INFO pegaflow_server::registry: registry.rs:217 IPC import timing: device_id=6 size_bytes=533725184 import_ms=3.95 (perf-t1)
2026-08-18T16:44:43.958357+00:00   INFO pegaflow_server::registry: registry.rs:217 IPC import timing: device_id=6 size_bytes=533725184 import_ms=9.84 (perf-t1)
2026-08-18T16:44:43.964526+00:00   INFO pegaflow_server::registry: registry.rs:217 IPC import timing: device_id=6 size_bytes=533725184 import_ms=5.48 (perf-t1)
2026-08-18T16:44:43.968080+00:00   INFO pegaflow_server::registry: registry.rs:217 IPC import timing: device_id=6 size_bytes=533725184 import_ms=3.04 (perf-t1)
2026-08-18T16:44:43.971403+00:00   INFO pegaflow_server::registry: registry.rs:217 IPC import timing: device_id=6 size_bytes=533725184 import_ms=2.69 (perf-t1)
2026-08-18T16:44:43.975891+00:00   INFO pegaflow_server::registry: registry.rs:217 IPC import timing: device_id=6 size_bytes=533725184 import_ms=3.96 (perf-t1)
2026-08-18T16:44:43.979259+00:00   INFO pegaflow_server::registry: registry.rs:217 IPC import timing: device_id=6 size_bytes=533725184 import_ms=2.86 (perf-t1)
2026-08-18T16:44:43.984276+00:00   INFO pegaflow_server::registry: registry.rs:217 IPC import timing: device_id=6 size_bytes=533725184 import_ms=4.05 (perf-t1)
2026-08-18T16:44:43.987692+00:00   INFO pegaflow_server::registry: registry.rs:217 IPC import timing: device_id=6 size_bytes=533725184 import_ms=2.85 (perf-t1)
2026-08-18T16:44:43.991144+00:00   INFO pegaflow_server::registry: registry.rs:217 IPC import timing: device_id=6 size_bytes=533725184 import_ms=2.94 (perf-t1)
2026-08-18T16:44:43.994505+00:00   INFO pegaflow_server::registry: registry.rs:217 IPC import timing: device_id=6 size_bytes=533725184 import_ms=2.81 (perf-t1)
2026-08-18T16:44:43.997891+00:00   INFO pegaflow_server::registry: registry.rs:217 IPC import timing: device_id=6 size_bytes=533725184 import_ms=2.89 (perf-t1)
2026-08-18T16:44:44.001227+00:00   INFO pegaflow_server::registry: registry.rs:217 IPC import timing: device_id=6 size_bytes=533725184 import_ms=2.83 (perf-t1)
2026-08-18T16:44:44.004760+00:00   INFO pegaflow_server::registry: registry.rs:217 IPC import timing: device_id=6 size_bytes=533725184 import_ms=2.99 (perf-t1)
2026-08-18T16:44:44.008062+00:00   INFO pegaflow_server::registry: registry.rs:217 IPC import timing: device_id=6 size_bytes=533725184 import_ms=2.76 (perf-t1)
2026-08-18T16:44:44.011327+00:00   INFO pegaflow_server::registry: registry.rs:217 IPC import timing: device_id=6 size_bytes=533725184 import_ms=2.72 (perf-t1)
2026-08-18T16:44:44.014835+00:00   INFO pegaflow_server::registry: registry.rs:217 IPC import timing: device_id=6 size_bytes=533725184 import_ms=2.97 (perf-t1)
2026-08-18T16:44:44.018104+00:00   INFO pegaflow_server::registry: registry.rs:217 IPC import timing: device_id=6 size_bytes=533725184 import_ms=2.75 (perf-t1)
2026-08-18T16:44:44.023914+00:00   INFO pegaflow_server::registry: registry.rs:217 IPC import timing: device_id=6 size_bytes=533725184 import_ms=5.32 (perf-t1)
2026-08-18T16:44:44.027669+00:00   INFO pegaflow_server::registry: registry.rs:217 IPC import timing: device_id=6 size_bytes=533725184 import_ms=3.20 (perf-t1)
2026-08-18T16:44:44.031023+00:00   INFO pegaflow_server::registry: registry.rs:217 IPC import timing: device_id=6 size_bytes=533725184 import_ms=2.85 (perf-t1)
2026-08-18T16:44:44.035013+00:00   INFO pegaflow_server::registry: registry.rs:217 IPC import timing: device_id=6 size_bytes=533725184 import_ms=3.49 (perf-t1)
2026-08-18T16:44:44.039547+00:00   INFO pegaflow_server::registry: registry.rs:217 IPC import timing: device_id=6 size_bytes=533725184 import_ms=4.00 (perf-t1)
2026-08-18T16:44:44.042843+00:00   INFO pegaflow_server::registry: registry.rs:217 IPC import timing: device_id=6 size_bytes=533725184 import_ms=2.78 (perf-t1)
2026-08-18T16:44:44.046111+00:00   INFO pegaflow_server::registry: registry.rs:217 IPC import timing: device_id=6 size_bytes=533725184 import_ms=2.72 (perf-t1)
2026-08-18T16:44:44.049544+00:00   INFO pegaflow_server::registry: registry.rs:217 IPC import timing: device_id=6 size_bytes=533725184 import_ms=2.88 (perf-t1)
2026-08-18T16:44:44.053166+00:00   INFO pegaflow_server::registry: registry.rs:217 IPC import timing: device_id=6 size_bytes=533725184 import_ms=3.12 (perf-t1)
2026-08-18T16:44:44.057446+00:00   INFO pegaflow_server::registry: registry.rs:217 IPC import timing: device_id=6 size_bytes=533725184 import_ms=3.75 (perf-t1)
2026-08-18T16:44:44.062082+00:00   INFO pegaflow_server::registry: registry.rs:217 IPC import timing: device_id=6 size_bytes=533725184 import_ms=4.07 (perf-t1)
2026-08-18T16:44:44.065786+00:00   INFO pegaflow_server::registry: registry.rs:217 IPC import timing: device_id=6 size_bytes=533725184 import_ms=3.20 (perf-t1)
2026-08-18T16:44:44.069242+00:00   INFO pegaflow_server::registry: registry.rs:217 IPC import timing: device_id=6 size_bytes=533725184 import_ms=2.78 (perf-t1)
2026-08-18T16:44:44.072623+00:00   INFO pegaflow_server::registry: registry.rs:217 IPC import timing: device_id=6 size_bytes=533725184 import_ms=2.85 (perf-t1)
2026-08-18T16:44:44.077264+00:00   INFO pegaflow_server::registry: registry.rs:217 IPC import timing: device_id=6 size_bytes=533725184 import_ms=4.13 (perf-t1)
2026-08-18T16:44:44.085927+00:00   INFO pegaflow_server::registry: registry.rs:217 IPC import timing: device_id=6 size_bytes=533725184 import_ms=8.14 (perf-t1)
2026-08-18T16:44:44.090346+00:00   INFO pegaflow_server::registry: registry.rs:217 IPC import timing: device_id=6 size_bytes=533725184 import_ms=3.87 (perf-t1)
2026-08-18T16:44:44.094076+00:00   INFO pegaflow_server::registry: registry.rs:217 IPC import timing: device_id=6 size_bytes=533725184 import_ms=3.18 (perf-t1)
2026-08-18T16:44:44.097461+00:00   INFO pegaflow_server::registry: registry.rs:217 IPC import timing: device_id=6 size_bytes=533725184 import_ms=2.87 (perf-t1)
2026-08-18T16:44:44.138403+00:00   INFO pegaflow_server::registry: registry.rs:217 IPC import timing: device_id=6 size_bytes=533725184 import_ms=40.42 (perf-t1)
2026-08-18T16:44:44.142224+00:00   INFO pegaflow_server::registry: registry.rs:217 IPC import timing: device_id=6 size_bytes=533725184 import_ms=3.12 (perf-t1)
2026-08-18T16:44:44.145618+00:00   INFO pegaflow_server::registry: registry.rs:217 IPC import timing: device_id=6 size_bytes=533725184 import_ms=2.89 (perf-t1)
2026-08-18T16:44:44.149002+00:00   INFO pegaflow_server::registry: registry.rs:217 IPC import timing: device_id=6 size_bytes=533725184 import_ms=2.88 (perf-t1)
2026-08-18T16:44:44.155483+00:00   INFO pegaflow_server::registry: registry.rs:217 IPC import timing: device_id=6 size_bytes=533725184 import_ms=5.94 (perf-t1)
2026-08-18T16:44:44.159708+00:00   INFO pegaflow_server::registry: registry.rs:217 IPC import timing: device_id=6 size_bytes=533725184 import_ms=3.71 (perf-t1)
2026-08-18T16:44:44.163352+00:00   INFO pegaflow_server::registry: registry.rs:217 IPC import timing: device_id=6 size_bytes=533725184 import_ms=3.13 (perf-t1)
2026-08-18T16:44:44.166736+00:00   INFO pegaflow_server::registry: registry.rs:217 IPC import timing: device_id=6 size_bytes=533725184 import_ms=2.79 (perf-t1)
2026-08-18T16:44:44.171027+00:00   INFO pegaflow_core::gpu_worker: gpu_worker.rs:338 GPU worker initialized: device=6 backend=ascend_batch device_id=6
2026-08-18T16:44:44.171244+00:00   INFO pegaflow_core::gpu_worker: gpu_worker.rs:338 GPU worker initialized: device=6 backend=ascend_batch device_id=6
2026-08-18T16:44:44.171445+00:00   INFO pegaflow_core::gpu_worker: gpu_worker.rs:200 GPU worker pool started: device=6, numa_node=NUMA4, transfer_mode=AscendDirect
2026-08-18T16:44:44.172196+00:00   INFO pegaflow_core::instance: instance.rs:706 Sealed instance topology: instance=c2e24a05-7ac3-4e43-b1e1-07a664c754cb-2121b8aac8ad4d7d996e825dd17b59f9, num_layers=72, tp_size=1, world_size=1, total_slots=72
2026-08-18T16:44:44.172244+00:00   INFO pegaflow_core::instance: instance.rs:719 Initialized GPU context: device_id=6, numa_node=NUMA4
2026-08-18T16:44:44.172272+00:00   INFO pegaflow_core: lib.rs:452 Registered context batch: instance=c2e24a05-7ac3-4e43-b1e1-07a664c754cb-2121b8aac8ad4d7d996e825dd17b59f9, namespace=perf-t2-c8-i200-shared-c3, device=6, layers=72, tp_rank=0/1, pp_rank=0
2026-08-18T16:44:46.213701+00:00   INFO pegaflow_server::registry: registry.rs:217 IPC import timing: device_id=3 size_bytes=533725184 import_ms=34.48 (perf-t1)
2026-08-18T16:44:46.261775+00:00   INFO pegaflow_server::registry: registry.rs:217 IPC import timing: device_id=3 size_bytes=533725184 import_ms=47.25 (perf-t1)
2026-08-18T16:44:46.357636+00:00   INFO pegaflow_server::registry: registry.rs:217 IPC import timing: device_id=3 size_bytes=533725184 import_ms=95.20 (perf-t1)
2026-08-18T16:44:46.453743+00:00   INFO pegaflow_server::registry: registry.rs:217 IPC import timing: device_id=3 size_bytes=533725184 import_ms=95.54 (perf-t1)
2026-08-18T16:44:46.550139+00:00   INFO pegaflow_server::registry: registry.rs:217 IPC import timing: device_id=3 size_bytes=533725184 import_ms=95.75 (perf-t1)
2026-08-18T16:44:46.693507+00:00   INFO pegaflow_server::registry: registry.rs:217 IPC import timing: device_id=3 size_bytes=533725184 import_ms=138.10 (perf-t1)
2026-08-18T16:44:46.797612+00:00   INFO pegaflow_server::registry: registry.rs:217 IPC import timing: device_id=3 size_bytes=533725184 import_ms=103.31 (perf-t1)
2026-08-18T16:44:46.936787+00:00   INFO pegaflow_server::registry: registry.rs:217 IPC import timing: device_id=3 size_bytes=533725184 import_ms=138.58 (perf-t1)
2026-08-18T16:44:47.032746+00:00   INFO pegaflow_server::registry: registry.rs:217 IPC import timing: device_id=3 size_bytes=533725184 import_ms=95.32 (perf-t1)
2026-08-18T16:44:47.131496+00:00   INFO pegaflow_server::registry: registry.rs:217 IPC import timing: device_id=3 size_bytes=533725184 import_ms=98.08 (perf-t1)
2026-08-18T16:44:47.220414+00:00   INFO pegaflow_server::registry: registry.rs:217 IPC import timing: device_id=3 size_bytes=533725184 import_ms=88.29 (perf-t1)
2026-08-18T16:44:47.316887+00:00   INFO pegaflow_server::registry: registry.rs:217 IPC import timing: device_id=3 size_bytes=533725184 import_ms=95.84 (perf-t1)
2026-08-18T16:44:47.371130+00:00   INFO pegaflow_server::registry: registry.rs:217 IPC import timing: device_id=3 size_bytes=533725184 import_ms=53.70 (perf-t1)
2026-08-18T16:44:47.414908+00:00   INFO pegaflow_server::registry: registry.rs:217 IPC import timing: device_id=3 size_bytes=533725184 import_ms=43.23 (perf-t1)
2026-08-18T16:44:47.563846+00:00   INFO pegaflow_server::registry: registry.rs:217 IPC import timing: device_id=3 size_bytes=533725184 import_ms=148.31 (perf-t1)
2026-08-18T16:44:47.614803+00:00   INFO pegaflow_server::registry: registry.rs:217 IPC import timing: device_id=3 size_bytes=533725184 import_ms=50.39 (perf-t1)
2026-08-18T16:44:47.663058+00:00   INFO pegaflow_server::registry: registry.rs:217 IPC import timing: device_id=3 size_bytes=533725184 import_ms=47.71 (perf-t1)
2026-08-18T16:44:47.710571+00:00   INFO pegaflow_server::registry: registry.rs:217 IPC import timing: device_id=3 size_bytes=533725184 import_ms=46.96 (perf-t1)
2026-08-18T16:44:47.800619+00:00   INFO pegaflow_server::registry: registry.rs:217 IPC import timing: device_id=3 size_bytes=533725184 import_ms=89.51 (perf-t1)
2026-08-18T16:44:47.852467+00:00   INFO pegaflow_server::registry: registry.rs:217 IPC import timing: device_id=3 size_bytes=533725184 import_ms=51.22 (perf-t1)
2026-08-18T16:44:47.900783+00:00   INFO pegaflow_server::registry: registry.rs:217 IPC import timing: device_id=3 size_bytes=533725184 import_ms=47.74 (perf-t1)
2026-08-18T16:44:47.944767+00:00   INFO pegaflow_server::registry: registry.rs:217 IPC import timing: device_id=3 size_bytes=533725184 import_ms=43.44 (perf-t1)
2026-08-18T16:44:47.992549+00:00   INFO pegaflow_server::registry: registry.rs:217 IPC import timing: device_id=3 size_bytes=533725184 import_ms=47.23 (perf-t1)
2026-08-18T16:44:48.040706+00:00   INFO pegaflow_server::registry: registry.rs:217 IPC import timing: device_id=3 size_bytes=533725184 import_ms=47.57 (perf-t1)
2026-08-18T16:44:48.088719+00:00   INFO pegaflow_server::registry: registry.rs:217 IPC import timing: device_id=3 size_bytes=533725184 import_ms=47.45 (perf-t1)
2026-08-18T16:44:48.092454+00:00   INFO pegaflow_server::registry: registry.rs:217 IPC import timing: device_id=3 size_bytes=533725184 import_ms=3.19 (perf-t1)
2026-08-18T16:44:48.182013+00:00   INFO pegaflow_server::registry: registry.rs:217 IPC import timing: device_id=3 size_bytes=533725184 import_ms=89.00 (perf-t1)
2026-08-18T16:44:48.233696+00:00   INFO pegaflow_server::registry: registry.rs:217 IPC import timing: device_id=3 size_bytes=533725184 import_ms=51.15 (perf-t1)
2026-08-18T16:44:48.280604+00:00   INFO pegaflow_server::registry: registry.rs:217 IPC import timing: device_id=3 size_bytes=533725184 import_ms=46.33 (perf-t1)
2026-08-18T16:44:48.343358+00:00   INFO pegaflow_server::registry: registry.rs:217 IPC import timing: device_id=3 size_bytes=533725184 import_ms=62.10 (perf-t1)
2026-08-18T16:44:48.390138+00:00   INFO pegaflow_server::registry: registry.rs:217 IPC import timing: device_id=3 size_bytes=533725184 import_ms=46.26 (perf-t1)
2026-08-18T16:44:48.437603+00:00   INFO pegaflow_server::registry: registry.rs:217 IPC import timing: device_id=3 size_bytes=533725184 import_ms=46.94 (perf-t1)
2026-08-18T16:44:48.486813+00:00   INFO pegaflow_server::registry: registry.rs:217 IPC import timing: device_id=3 size_bytes=533725184 import_ms=48.64 (perf-t1)
2026-08-18T16:44:48.533854+00:00   INFO pegaflow_server::registry: registry.rs:217 IPC import timing: device_id=3 size_bytes=533725184 import_ms=46.47 (perf-t1)
2026-08-18T16:44:48.594030+00:00   INFO pegaflow_server::registry: registry.rs:217 IPC import timing: device_id=3 size_bytes=533725184 import_ms=59.64 (perf-t1)
2026-08-18T16:44:48.645854+00:00   INFO pegaflow_server::registry: registry.rs:217 IPC import timing: device_id=3 size_bytes=533725184 import_ms=51.27 (perf-t1)
2026-08-18T16:44:48.677752+00:00   INFO pegaflow_server::registry: registry.rs:217 IPC import timing: device_id=3 size_bytes=533725184 import_ms=31.37 (perf-t1)
2026-08-18T16:44:48.682878+00:00   INFO pegaflow_server::registry: registry.rs:217 IPC import timing: device_id=3 size_bytes=533725184 import_ms=4.60 (perf-t1)
2026-08-18T16:44:48.686395+00:00   INFO pegaflow_server::registry: registry.rs:217 IPC import timing: device_id=3 size_bytes=533725184 import_ms=2.94 (perf-t1)
2026-08-18T16:44:48.689827+00:00   INFO pegaflow_server::registry: registry.rs:217 IPC import timing: device_id=3 size_bytes=533725184 import_ms=2.88 (perf-t1)
2026-08-18T16:44:48.693327+00:00   INFO pegaflow_server::registry: registry.rs:217 IPC import timing: device_id=3 size_bytes=533725184 import_ms=2.95 (perf-t1)
2026-08-18T16:44:48.696771+00:00   INFO pegaflow_server::registry: registry.rs:217 IPC import timing: device_id=3 size_bytes=533725184 import_ms=2.89 (perf-t1)
2026-08-18T16:44:48.700209+00:00   INFO pegaflow_server::registry: registry.rs:217 IPC import timing: device_id=3 size_bytes=533725184 import_ms=2.91 (perf-t1)
2026-08-18T16:44:48.703605+00:00   INFO pegaflow_server::registry: registry.rs:217 IPC import timing: device_id=3 size_bytes=533725184 import_ms=2.89 (perf-t1)
2026-08-18T16:44:48.706995+00:00   INFO pegaflow_server::registry: registry.rs:217 IPC import timing: device_id=3 size_bytes=533725184 import_ms=2.84 (perf-t1)
2026-08-18T16:44:48.713172+00:00   INFO pegaflow_server::registry: registry.rs:217 IPC import timing: device_id=3 size_bytes=533725184 import_ms=5.68 (perf-t1)
2026-08-18T16:44:48.716810+00:00   INFO pegaflow_server::registry: registry.rs:217 IPC import timing: device_id=3 size_bytes=533725184 import_ms=3.10 (perf-t1)
2026-08-18T16:44:48.720250+00:00   INFO pegaflow_server::registry: registry.rs:217 IPC import timing: device_id=3 size_bytes=533725184 import_ms=2.89 (perf-t1)
2026-08-18T16:44:48.723636+00:00   INFO pegaflow_server::registry: registry.rs:217 IPC import timing: device_id=3 size_bytes=533725184 import_ms=2.87 (perf-t1)
2026-08-18T16:44:48.727062+00:00   INFO pegaflow_server::registry: registry.rs:217 IPC import timing: device_id=3 size_bytes=533725184 import_ms=2.89 (perf-t1)
2026-08-18T16:44:48.733062+00:00   INFO pegaflow_server::registry: registry.rs:217 IPC import timing: device_id=3 size_bytes=533725184 import_ms=5.48 (perf-t1)
2026-08-18T16:44:48.736527+00:00   INFO pegaflow_server::registry: registry.rs:217 IPC import timing: device_id=3 size_bytes=533725184 import_ms=2.94 (perf-t1)
2026-08-18T16:44:48.739985+00:00   INFO pegaflow_server::registry: registry.rs:217 IPC import timing: device_id=3 size_bytes=533725184 import_ms=2.92 (perf-t1)
2026-08-18T16:44:48.743354+00:00   INFO pegaflow_server::registry: registry.rs:217 IPC import timing: device_id=3 size_bytes=533725184 import_ms=2.81 (perf-t1)
2026-08-18T16:44:48.746927+00:00   INFO pegaflow_server::registry: registry.rs:217 IPC import timing: device_id=3 size_bytes=533725184 import_ms=3.04 (perf-t1)
2026-08-18T16:44:48.750313+00:00   INFO pegaflow_server::registry: registry.rs:217 IPC import timing: device_id=3 size_bytes=533725184 import_ms=2.87 (perf-t1)
2026-08-18T16:44:48.753886+00:00   INFO pegaflow_server::registry: registry.rs:217 IPC import timing: device_id=3 size_bytes=533725184 import_ms=3.06 (perf-t1)
2026-08-18T16:44:48.757407+00:00   INFO pegaflow_server::registry: registry.rs:217 IPC import timing: device_id=3 size_bytes=533725184 import_ms=2.90 (perf-t1)
2026-08-18T16:44:48.760820+00:00   INFO pegaflow_server::registry: registry.rs:217 IPC import timing: device_id=3 size_bytes=533725184 import_ms=2.90 (perf-t1)
2026-08-18T16:44:48.764136+00:00   INFO pegaflow_server::registry: registry.rs:217 IPC import timing: device_id=3 size_bytes=533725184 import_ms=2.79 (perf-t1)
2026-08-18T16:44:48.767627+00:00   INFO pegaflow_server::registry: registry.rs:217 IPC import timing: device_id=3 size_bytes=533725184 import_ms=2.92 (perf-t1)
2026-08-18T16:44:48.772643+00:00   INFO pegaflow_server::registry: registry.rs:217 IPC import timing: device_id=3 size_bytes=533725184 import_ms=4.51 (perf-t1)
2026-08-18T16:44:48.776540+00:00   INFO pegaflow_server::registry: registry.rs:217 IPC import timing: device_id=3 size_bytes=533725184 import_ms=3.35 (perf-t1)
2026-08-18T16:44:48.780000+00:00   INFO pegaflow_server::registry: registry.rs:217 IPC import timing: device_id=3 size_bytes=533725184 import_ms=2.91 (perf-t1)
2026-08-18T16:44:48.783357+00:00   INFO pegaflow_server::registry: registry.rs:217 IPC import timing: device_id=3 size_bytes=533725184 import_ms=2.83 (perf-t1)
2026-08-18T16:44:48.786824+00:00   INFO pegaflow_server::registry: registry.rs:217 IPC import timing: device_id=3 size_bytes=533725184 import_ms=2.95 (perf-t1)
2026-08-18T16:44:48.790118+00:00   INFO pegaflow_server::registry: registry.rs:217 IPC import timing: device_id=3 size_bytes=533725184 import_ms=2.75 (perf-t1)
2026-08-18T16:44:48.793464+00:00   INFO pegaflow_server::registry: registry.rs:217 IPC import timing: device_id=3 size_bytes=533725184 import_ms=2.83 (perf-t1)
2026-08-18T16:44:48.796803+00:00   INFO pegaflow_server::registry: registry.rs:217 IPC import timing: device_id=3 size_bytes=533725184 import_ms=2.79 (perf-t1)
2026-08-18T16:44:48.800272+00:00   INFO pegaflow_server::registry: registry.rs:217 IPC import timing: device_id=3 size_bytes=533725184 import_ms=2.89 (perf-t1)
2026-08-18T16:44:48.803629+00:00   INFO pegaflow_server::registry: registry.rs:217 IPC import timing: device_id=3 size_bytes=533725184 import_ms=2.82 (perf-t1)
2026-08-18T16:44:48.807024+00:00   INFO pegaflow_server::registry: registry.rs:217 IPC import timing: device_id=3 size_bytes=533725184 import_ms=2.86 (perf-t1)
2026-08-18T16:44:48.810770+00:00   INFO pegaflow_server::registry: registry.rs:217 IPC import timing: device_id=1 size_bytes=533725184 import_ms=2.98 (perf-t1)
2026-08-18T16:44:48.811216+00:00   INFO pegaflow_core::gpu_worker: gpu_worker.rs:338 GPU worker initialized: device=3 backend=ascend_batch device_id=3
2026-08-18T16:44:48.811602+00:00   INFO pegaflow_core::gpu_worker: gpu_worker.rs:338 GPU worker initialized: device=3 backend=ascend_batch device_id=3
2026-08-18T16:44:48.811803+00:00   INFO pegaflow_core::gpu_worker: gpu_worker.rs:200 GPU worker pool started: device=3, numa_node=NUMA0, transfer_mode=AscendDirect
2026-08-18T16:44:48.812462+00:00   INFO pegaflow_core::instance: instance.rs:706 Sealed instance topology: instance=9d739da2-c006-481d-9047-f7729e92ca9d-9e6e740277774db8a311d054b161ae89, num_layers=72, tp_size=1, world_size=1, total_slots=72
2026-08-18T16:44:48.812514+00:00   INFO pegaflow_core::instance: instance.rs:719 Initialized GPU context: device_id=3, numa_node=NUMA0
2026-08-18T16:44:48.812541+00:00   INFO pegaflow_core: lib.rs:452 Registered context batch: instance=9d739da2-c006-481d-9047-f7729e92ca9d-9e6e740277774db8a311d054b161ae89, namespace=perf-t2-c8-i200-shared-c3, device=3, layers=72, tp_rank=0/1, pp_rank=0
2026-08-18T16:44:48.814358+00:00   INFO pegaflow_server::registry: registry.rs:217 IPC import timing: device_id=1 size_bytes=533725184 import_ms=3.03 (perf-t1)
2026-08-18T16:44:48.817880+00:00   INFO pegaflow_server::registry: registry.rs:217 IPC import timing: device_id=1 size_bytes=533725184 import_ms=2.97 (perf-t1)
2026-08-18T16:44:48.821313+00:00   INFO pegaflow_server::registry: registry.rs:217 IPC import timing: device_id=1 size_bytes=533725184 import_ms=2.91 (perf-t1)
2026-08-18T16:44:48.824604+00:00   INFO pegaflow_server::registry: registry.rs:217 IPC import timing: device_id=1 size_bytes=533725184 import_ms=2.78 (perf-t1)
2026-08-18T16:44:48.827944+00:00   INFO pegaflow_server::registry: registry.rs:217 IPC import timing: device_id=1 size_bytes=533725184 import_ms=2.85 (perf-t1)
2026-08-18T16:44:48.834281+00:00   INFO pegaflow_server::registry: registry.rs:217 IPC import timing: device_id=1 size_bytes=533725184 import_ms=5.80 (perf-t1)
2026-08-18T16:44:48.837841+00:00   INFO pegaflow_server::registry: registry.rs:217 IPC import timing: device_id=1 size_bytes=533725184 import_ms=3.04 (perf-t1)
2026-08-18T16:44:48.841201+00:00   INFO pegaflow_server::registry: registry.rs:217 IPC import timing: device_id=1 size_bytes=533725184 import_ms=2.82 (perf-t1)
2026-08-18T16:44:48.844716+00:00   INFO pegaflow_server::registry: registry.rs:217 IPC import timing: device_id=1 size_bytes=533725184 import_ms=2.99 (perf-t1)
2026-08-18T16:44:48.848094+00:00   INFO pegaflow_server::registry: registry.rs:217 IPC import timing: device_id=1 size_bytes=533725184 import_ms=2.87 (perf-t1)
2026-08-18T16:44:48.851479+00:00   INFO pegaflow_server::registry: registry.rs:217 IPC import timing: device_id=1 size_bytes=533725184 import_ms=2.88 (perf-t1)
2026-08-18T16:44:48.854941+00:00   INFO pegaflow_server::registry: registry.rs:217 IPC import timing: device_id=1 size_bytes=533725184 import_ms=2.94 (perf-t1)
2026-08-18T16:44:48.858463+00:00   INFO pegaflow_server::registry: registry.rs:217 IPC import timing: device_id=1 size_bytes=533725184 import_ms=3.02 (perf-t1)
2026-08-18T16:44:48.862127+00:00   INFO pegaflow_server::registry: registry.rs:217 IPC import timing: device_id=1 size_bytes=533725184 import_ms=3.15 (perf-t1)
2026-08-18T16:44:48.865522+00:00   INFO pegaflow_server::registry: registry.rs:217 IPC import timing: device_id=1 size_bytes=533725184 import_ms=2.85 (perf-t1)
2026-08-18T16:44:48.868889+00:00   INFO pegaflow_server::registry: registry.rs:217 IPC import timing: device_id=1 size_bytes=533725184 import_ms=2.86 (perf-t1)
2026-08-18T16:44:48.872197+00:00   INFO pegaflow_server::registry: registry.rs:217 IPC import timing: device_id=1 size_bytes=533725184 import_ms=2.78 (perf-t1)
2026-08-18T16:44:48.877351+00:00   INFO pegaflow_server::registry: registry.rs:217 IPC import timing: device_id=1 size_bytes=533725184 import_ms=4.61 (perf-t1)
2026-08-18T16:44:48.882686+00:00   INFO pegaflow_server::registry: registry.rs:217 IPC import timing: device_id=1 size_bytes=533725184 import_ms=4.84 (perf-t1)
2026-08-18T16:44:48.886445+00:00   INFO pegaflow_server::registry: registry.rs:217 IPC import timing: device_id=1 size_bytes=533725184 import_ms=3.25 (perf-t1)
2026-08-18T16:44:48.890119+00:00   INFO pegaflow_server::registry: registry.rs:217 IPC import timing: device_id=1 size_bytes=533725184 import_ms=3.14 (perf-t1)
2026-08-18T16:44:48.893839+00:00   INFO pegaflow_server::registry: registry.rs:217 IPC import timing: device_id=1 size_bytes=533725184 import_ms=3.22 (perf-t1)
2026-08-18T16:44:48.897284+00:00   INFO pegaflow_server::registry: registry.rs:217 IPC import timing: device_id=1 size_bytes=533725184 import_ms=2.95 (perf-t1)
2026-08-18T16:44:48.900905+00:00   INFO pegaflow_server::registry: registry.rs:217 IPC import timing: device_id=1 size_bytes=533725184 import_ms=3.09 (perf-t1)
2026-08-18T16:44:48.904269+00:00   INFO pegaflow_server::registry: registry.rs:217 IPC import timing: device_id=1 size_bytes=533725184 import_ms=2.87 (perf-t1)
2026-08-18T16:44:48.907579+00:00   INFO pegaflow_server::registry: registry.rs:217 IPC import timing: device_id=1 size_bytes=533725184 import_ms=2.80 (perf-t1)
2026-08-18T16:44:48.911778+00:00   INFO pegaflow_server::registry: registry.rs:217 IPC import timing: device_id=1 size_bytes=533725184 import_ms=3.66 (perf-t1)
2026-08-18T16:44:48.915208+00:00   INFO pegaflow_server::registry: registry.rs:217 IPC import timing: device_id=1 size_bytes=533725184 import_ms=2.92 (perf-t1)
2026-08-18T16:44:48.919779+00:00   INFO pegaflow_server::registry: registry.rs:217 IPC import timing: device_id=1 size_bytes=533725184 import_ms=4.05 (perf-t1)
2026-08-18T16:44:48.923788+00:00   INFO pegaflow_server::registry: registry.rs:217 IPC import timing: device_id=1 size_bytes=533725184 import_ms=3.47 (perf-t1)
2026-08-18T16:44:48.927107+00:00   INFO pegaflow_server::registry: registry.rs:217 IPC import timing: device_id=1 size_bytes=533725184 import_ms=2.82 (perf-t1)
2026-08-18T16:44:48.932832+00:00   INFO pegaflow_server::registry: registry.rs:217 IPC import timing: device_id=1 size_bytes=533725184 import_ms=5.21 (perf-t1)
2026-08-18T16:44:48.936059+00:00   INFO pegaflow_server::registry: registry.rs:217 IPC import timing: device_id=1 size_bytes=533725184 import_ms=2.70 (perf-t1)
2026-08-18T16:44:48.939467+00:00   INFO pegaflow_server::registry: registry.rs:217 IPC import timing: device_id=1 size_bytes=533725184 import_ms=2.88 (perf-t1)
2026-08-18T16:44:48.942903+00:00   INFO pegaflow_server::registry: registry.rs:217 IPC import timing: device_id=1 size_bytes=533725184 import_ms=2.73 (perf-t1)
2026-08-18T16:44:48.946215+00:00   INFO pegaflow_server::registry: registry.rs:217 IPC import timing: device_id=1 size_bytes=533725184 import_ms=2.82 (perf-t1)
2026-08-18T16:44:48.949500+00:00   INFO pegaflow_server::registry: registry.rs:217 IPC import timing: device_id=1 size_bytes=533725184 import_ms=2.74 (perf-t1)
2026-08-18T16:44:48.952767+00:00   INFO pegaflow_server::registry: registry.rs:217 IPC import timing: device_id=1 size_bytes=533725184 import_ms=2.78 (perf-t1)
2026-08-18T16:44:48.955983+00:00   INFO pegaflow_server::registry: registry.rs:217 IPC import timing: device_id=1 size_bytes=533725184 import_ms=2.72 (perf-t1)
2026-08-18T16:44:48.959387+00:00   INFO pegaflow_server::registry: registry.rs:217 IPC import timing: device_id=1 size_bytes=533725184 import_ms=2.86 (perf-t1)
2026-08-18T16:44:48.962576+00:00   INFO pegaflow_server::registry: registry.rs:217 IPC import timing: device_id=1 size_bytes=533725184 import_ms=2.70 (perf-t1)
2026-08-18T16:44:48.971368+00:00   INFO pegaflow_server::registry: registry.rs:217 IPC import timing: device_id=1 size_bytes=533725184 import_ms=8.29 (perf-t1)
2026-08-18T16:44:48.979387+00:00   INFO pegaflow_server::registry: registry.rs:217 IPC import timing: device_id=1 size_bytes=533725184 import_ms=7.35 (perf-t1)
2026-08-18T16:44:48.983606+00:00   INFO pegaflow_server::registry: registry.rs:217 IPC import timing: device_id=1 size_bytes=533725184 import_ms=3.69 (perf-t1)
2026-08-18T16:44:48.988263+00:00   INFO pegaflow_server::registry: registry.rs:217 IPC import timing: device_id=1 size_bytes=533725184 import_ms=4.13 (perf-t1)
2026-08-18T16:44:48.997025+00:00   INFO pegaflow_server::registry: registry.rs:217 IPC import timing: device_id=1 size_bytes=533725184 import_ms=8.20 (perf-t1)
2026-08-18T16:44:49.000601+00:00   INFO pegaflow_server::registry: registry.rs:217 IPC import timing: device_id=1 size_bytes=533725184 import_ms=2.90 (perf-t1)
2026-08-18T16:44:49.003861+00:00   INFO pegaflow_server::registry: registry.rs:217 IPC import timing: device_id=1 size_bytes=533725184 import_ms=2.74 (perf-t1)
2026-08-18T16:44:49.007339+00:00   INFO pegaflow_server::registry: registry.rs:217 IPC import timing: device_id=1 size_bytes=533725184 import_ms=2.93 (perf-t1)
2026-08-18T16:44:49.010724+00:00   INFO pegaflow_server::registry: registry.rs:217 IPC import timing: device_id=1 size_bytes=533725184 import_ms=2.87 (perf-t1)
2026-08-18T16:44:49.013993+00:00   INFO pegaflow_server::registry: registry.rs:217 IPC import timing: device_id=1 size_bytes=533725184 import_ms=2.76 (perf-t1)
2026-08-18T16:44:49.017363+00:00   INFO pegaflow_server::registry: registry.rs:217 IPC import timing: device_id=1 size_bytes=533725184 import_ms=2.83 (perf-t1)
2026-08-18T16:44:49.020549+00:00   INFO pegaflow_server::registry: registry.rs:217 IPC import timing: device_id=1 size_bytes=533725184 import_ms=2.69 (perf-t1)
2026-08-18T16:44:49.023866+00:00   INFO pegaflow_server::registry: registry.rs:217 IPC import timing: device_id=1 size_bytes=533725184 import_ms=2.80 (perf-t1)
2026-08-18T16:44:49.027269+00:00   INFO pegaflow_server::registry: registry.rs:217 IPC import timing: device_id=1 size_bytes=533725184 import_ms=2.84 (perf-t1)
2026-08-18T16:44:49.033745+00:00   INFO pegaflow_server::registry: registry.rs:217 IPC import timing: device_id=1 size_bytes=533725184 import_ms=5.97 (perf-t1)
2026-08-18T16:44:49.037139+00:00   INFO pegaflow_server::registry: registry.rs:217 IPC import timing: device_id=1 size_bytes=533725184 import_ms=2.78 (perf-t1)
2026-08-18T16:44:49.041009+00:00   INFO pegaflow_server::registry: registry.rs:217 IPC import timing: device_id=1 size_bytes=533725184 import_ms=3.29 (perf-t1)
2026-08-18T16:44:49.044892+00:00   INFO pegaflow_server::registry: registry.rs:217 IPC import timing: device_id=1 size_bytes=533725184 import_ms=3.36 (perf-t1)
2026-08-18T16:44:49.048243+00:00   INFO pegaflow_server::registry: registry.rs:217 IPC import timing: device_id=1 size_bytes=533725184 import_ms=2.84 (perf-t1)
2026-08-18T16:44:49.052620+00:00   INFO pegaflow_server::registry: registry.rs:217 IPC import timing: device_id=1 size_bytes=533725184 import_ms=3.83 (perf-t1)
2026-08-18T16:44:49.056190+00:00   INFO pegaflow_server::registry: registry.rs:217 IPC import timing: device_id=1 size_bytes=533725184 import_ms=3.07 (perf-t1)
2026-08-18T16:44:49.062148+00:00   INFO pegaflow_server::registry: registry.rs:217 IPC import timing: device_id=1 size_bytes=533725184 import_ms=5.45 (perf-t1)
2026-08-18T16:44:49.065501+00:00   INFO pegaflow_server::registry: registry.rs:217 IPC import timing: device_id=1 size_bytes=533725184 import_ms=2.82 (perf-t1)
2026-08-18T16:44:49.068841+00:00   INFO pegaflow_server::registry: registry.rs:217 IPC import timing: device_id=1 size_bytes=533725184 import_ms=2.82 (perf-t1)
2026-08-18T16:44:49.072847+00:00   INFO pegaflow_server::registry: registry.rs:217 IPC import timing: device_id=1 size_bytes=533725184 import_ms=3.49 (perf-t1)
2026-08-18T16:44:49.077401+00:00   INFO pegaflow_server::registry: registry.rs:217 IPC import timing: device_id=1 size_bytes=533725184 import_ms=3.98 (perf-t1)
2026-08-18T16:44:49.088231+00:00   INFO pegaflow_server::registry: registry.rs:217 IPC import timing: device_id=1 size_bytes=533725184 import_ms=10.32 (perf-t1)
2026-08-18T16:44:49.091693+00:00   INFO pegaflow_server::registry: registry.rs:217 IPC import timing: device_id=1 size_bytes=533725184 import_ms=2.95 (perf-t1)
2026-08-18T16:44:49.095418+00:00   INFO pegaflow_server::registry: registry.rs:217 IPC import timing: device_id=1 size_bytes=533725184 import_ms=3.20 (perf-t1)
2026-08-18T16:44:49.098756+00:00   INFO pegaflow_server::registry: registry.rs:217 IPC import timing: device_id=1 size_bytes=533725184 import_ms=2.80 (perf-t1)
2026-08-18T16:44:49.102314+00:00   INFO pegaflow_core::gpu_worker: gpu_worker.rs:338 GPU worker initialized: device=1 backend=ascend_batch device_id=1
2026-08-18T16:44:49.102387+00:00   INFO pegaflow_server::registry: registry.rs:217 IPC import timing: device_id=5 size_bytes=533725184 import_ms=2.92 (perf-t1)
2026-08-18T16:44:49.102729+00:00   INFO pegaflow_core::gpu_worker: gpu_worker.rs:338 GPU worker initialized: device=1 backend=ascend_batch device_id=1
2026-08-18T16:44:49.102913+00:00   INFO pegaflow_core::gpu_worker: gpu_worker.rs:200 GPU worker pool started: device=1, numa_node=NUMA0, transfer_mode=AscendDirect
2026-08-18T16:44:49.103666+00:00   INFO pegaflow_core::instance: instance.rs:706 Sealed instance topology: instance=2721b86c-2456-47fb-b97b-39572b9a0b77-75c08b158bc94470b432e83cdf9f23f1, num_layers=72, tp_size=1, world_size=1, total_slots=72
2026-08-18T16:44:49.103725+00:00   INFO pegaflow_core::instance: instance.rs:719 Initialized GPU context: device_id=1, numa_node=NUMA0
2026-08-18T16:44:49.103753+00:00   INFO pegaflow_core: lib.rs:452 Registered context batch: instance=2721b86c-2456-47fb-b97b-39572b9a0b77-75c08b158bc94470b432e83cdf9f23f1, namespace=perf-t2-c8-i200-shared-c3, device=1, layers=72, tp_rank=0/1, pp_rank=0
2026-08-18T16:44:49.106015+00:00   INFO pegaflow_server::registry: registry.rs:217 IPC import timing: device_id=5 size_bytes=533725184 import_ms=3.01 (perf-t1)
2026-08-18T16:44:49.131354+00:00   INFO pegaflow_server::registry: registry.rs:217 IPC import timing: device_id=5 size_bytes=533725184 import_ms=24.82 (perf-t1)
2026-08-18T16:44:49.135050+00:00   INFO pegaflow_server::registry: registry.rs:217 IPC import timing: device_id=5 size_bytes=533725184 import_ms=3.17 (perf-t1)
2026-08-18T16:44:49.138555+00:00   INFO pegaflow_server::registry: registry.rs:217 IPC import timing: device_id=5 size_bytes=533725184 import_ms=2.96 (perf-t1)
2026-08-18T16:44:49.142521+00:00   INFO pegaflow_server::registry: registry.rs:217 IPC import timing: device_id=5 size_bytes=533725184 import_ms=3.46 (perf-t1)
2026-08-18T16:44:49.145893+00:00   INFO pegaflow_server::registry: registry.rs:217 IPC import timing: device_id=5 size_bytes=533725184 import_ms=2.83 (perf-t1)
2026-08-18T16:44:49.149345+00:00   INFO pegaflow_server::registry: registry.rs:217 IPC import timing: device_id=5 size_bytes=533725184 import_ms=2.91 (perf-t1)
2026-08-18T16:44:49.152762+00:00   INFO pegaflow_server::registry: registry.rs:217 IPC import timing: device_id=5 size_bytes=533725184 import_ms=2.90 (perf-t1)
2026-08-18T16:44:49.157120+00:00   INFO pegaflow_server::registry: registry.rs:217 IPC import timing: device_id=5 size_bytes=533725184 import_ms=3.86 (perf-t1)
2026-08-18T16:44:49.162134+00:00   INFO pegaflow_server::registry: registry.rs:217 IPC import timing: device_id=5 size_bytes=533725184 import_ms=4.47 (perf-t1)
2026-08-18T16:44:49.165505+00:00   INFO pegaflow_server::registry: registry.rs:217 IPC import timing: device_id=5 size_bytes=533725184 import_ms=2.86 (perf-t1)
2026-08-18T16:44:49.168944+00:00   INFO pegaflow_server::registry: registry.rs:217 IPC import timing: device_id=5 size_bytes=533725184 import_ms=2.94 (perf-t1)
2026-08-18T16:44:49.172371+00:00   INFO pegaflow_server::registry: registry.rs:217 IPC import timing: device_id=5 size_bytes=533725184 import_ms=2.88 (perf-t1)
2026-08-18T16:44:49.175691+00:00   INFO pegaflow_server::registry: registry.rs:217 IPC import timing: device_id=5 size_bytes=533725184 import_ms=2.80 (perf-t1)
2026-08-18T16:44:49.178939+00:00   INFO pegaflow_server::registry: registry.rs:217 IPC import timing: device_id=5 size_bytes=533725184 import_ms=2.70 (perf-t1)
2026-08-18T16:44:49.182279+00:00   INFO pegaflow_server::registry: registry.rs:217 IPC import timing: device_id=5 size_bytes=533725184 import_ms=2.80 (perf-t1)
2026-08-18T16:44:49.185499+00:00   INFO pegaflow_server::registry: registry.rs:217 IPC import timing: device_id=5 size_bytes=533725184 import_ms=2.72 (perf-t1)
2026-08-18T16:44:49.188910+00:00   INFO pegaflow_server::registry: registry.rs:217 IPC import timing: device_id=5 size_bytes=533725184 import_ms=2.91 (perf-t1)
2026-08-18T16:44:49.192266+00:00   INFO pegaflow_server::registry: registry.rs:217 IPC import timing: device_id=5 size_bytes=533725184 import_ms=2.82 (perf-t1)
2026-08-18T16:44:49.195529+00:00   INFO pegaflow_server::registry: registry.rs:217 IPC import timing: device_id=5 size_bytes=533725184 import_ms=2.75 (perf-t1)
2026-08-18T16:44:49.198970+00:00   INFO pegaflow_server::registry: registry.rs:217 IPC import timing: device_id=5 size_bytes=533725184 import_ms=2.89 (perf-t1)
2026-08-18T16:44:49.202243+00:00   INFO pegaflow_server::registry: registry.rs:217 IPC import timing: device_id=5 size_bytes=533725184 import_ms=2.73 (perf-t1)
2026-08-18T16:44:49.205622+00:00   INFO pegaflow_server::registry: registry.rs:217 IPC import timing: device_id=5 size_bytes=533725184 import_ms=2.86 (perf-t1)
2026-08-18T16:44:49.212982+00:00   INFO pegaflow_server::registry: registry.rs:217 IPC import timing: device_id=5 size_bytes=533725184 import_ms=6.84 (perf-t1)
2026-08-18T16:44:49.216387+00:00   INFO pegaflow_server::registry: registry.rs:217 IPC import timing: device_id=5 size_bytes=533725184 import_ms=2.86 (perf-t1)
2026-08-18T16:44:49.219810+00:00   INFO pegaflow_server::registry: registry.rs:217 IPC import timing: device_id=5 size_bytes=533725184 import_ms=2.89 (perf-t1)
2026-08-18T16:44:49.223116+00:00   INFO pegaflow_server::registry: registry.rs:217 IPC import timing: device_id=5 size_bytes=533725184 import_ms=2.81 (perf-t1)
2026-08-18T16:44:49.226326+00:00   INFO pegaflow_server::registry: registry.rs:217 IPC import timing: device_id=5 size_bytes=533725184 import_ms=2.70 (perf-t1)
2026-08-18T16:44:49.232595+00:00   INFO pegaflow_server::registry: registry.rs:217 IPC import timing: device_id=5 size_bytes=533725184 import_ms=5.70 (perf-t1)
2026-08-18T16:44:49.237436+00:00   INFO pegaflow_server::registry: registry.rs:217 IPC import timing: device_id=5 size_bytes=533725184 import_ms=4.33 (perf-t1)
2026-08-18T16:44:49.240880+00:00   INFO pegaflow_server::registry: registry.rs:217 IPC import timing: device_id=5 size_bytes=533725184 import_ms=2.94 (perf-t1)
2026-08-18T16:44:49.244240+00:00   INFO pegaflow_server::registry: registry.rs:217 IPC import timing: device_id=5 size_bytes=533725184 import_ms=2.84 (perf-t1)
2026-08-18T16:44:49.247463+00:00   INFO pegaflow_server::registry: registry.rs:217 IPC import timing: device_id=5 size_bytes=533725184 import_ms=2.70 (perf-t1)
2026-08-18T16:44:49.251461+00:00   INFO pegaflow_server::registry: registry.rs:217 IPC import timing: device_id=5 size_bytes=533725184 import_ms=3.50 (perf-t1)
2026-08-18T16:44:49.255765+00:00   INFO pegaflow_server::registry: registry.rs:217 IPC import timing: device_id=5 size_bytes=533725184 import_ms=3.75 (perf-t1)
2026-08-18T16:44:49.262955+00:00   INFO pegaflow_server::registry: registry.rs:217 IPC import timing: device_id=5 size_bytes=533725184 import_ms=6.70 (perf-t1)
2026-08-18T16:44:49.267930+00:00   INFO pegaflow_server::registry: registry.rs:217 IPC import timing: device_id=5 size_bytes=533725184 import_ms=4.48 (perf-t1)
2026-08-18T16:44:49.279675+00:00   INFO pegaflow_server::registry: registry.rs:217 IPC import timing: device_id=5 size_bytes=533725184 import_ms=11.20 (perf-t1)
2026-08-18T16:44:49.282965+00:00   INFO pegaflow_server::registry: registry.rs:217 IPC import timing: device_id=5 size_bytes=533725184 import_ms=2.78 (perf-t1)
2026-08-18T16:44:49.286601+00:00   INFO pegaflow_server::registry: registry.rs:217 IPC import timing: device_id=5 size_bytes=533725184 import_ms=3.13 (perf-t1)
2026-08-18T16:44:49.289922+00:00   INFO pegaflow_server::registry: registry.rs:217 IPC import timing: device_id=5 size_bytes=533725184 import_ms=2.79 (perf-t1)
2026-08-18T16:44:49.293208+00:00   INFO pegaflow_server::registry: registry.rs:217 IPC import timing: device_id=5 size_bytes=533725184 import_ms=2.78 (perf-t1)
2026-08-18T16:44:49.296552+00:00   INFO pegaflow_server::registry: registry.rs:217 IPC import timing: device_id=5 size_bytes=533725184 import_ms=2.85 (perf-t1)
2026-08-18T16:44:49.302938+00:00   INFO pegaflow_server::registry: registry.rs:217 IPC import timing: device_id=5 size_bytes=533725184 import_ms=5.85 (perf-t1)
2026-08-18T16:44:49.319047+00:00   INFO pegaflow_server::registry: registry.rs:217 IPC import timing: device_id=5 size_bytes=533725184 import_ms=15.58 (perf-t1)
2026-08-18T16:44:49.322687+00:00   INFO pegaflow_server::registry: registry.rs:217 IPC import timing: device_id=5 size_bytes=533725184 import_ms=3.12 (perf-t1)
2026-08-18T16:44:49.325981+00:00   INFO pegaflow_server::registry: registry.rs:217 IPC import timing: device_id=5 size_bytes=533725184 import_ms=2.77 (perf-t1)
2026-08-18T16:44:49.332270+00:00   INFO pegaflow_server::registry: registry.rs:217 IPC import timing: device_id=5 size_bytes=533725184 import_ms=5.78 (perf-t1)
2026-08-18T16:44:49.335713+00:00   INFO pegaflow_server::registry: registry.rs:217 IPC import timing: device_id=5 size_bytes=533725184 import_ms=2.89 (perf-t1)
2026-08-18T16:44:49.339071+00:00   INFO pegaflow_server::registry: registry.rs:217 IPC import timing: device_id=5 size_bytes=533725184 import_ms=2.83 (perf-t1)
2026-08-18T16:44:49.342340+00:00   INFO pegaflow_server::registry: registry.rs:217 IPC import timing: device_id=5 size_bytes=533725184 import_ms=2.77 (perf-t1)
2026-08-18T16:44:49.345658+00:00   INFO pegaflow_server::registry: registry.rs:217 IPC import timing: device_id=5 size_bytes=533725184 import_ms=2.82 (perf-t1)
2026-08-18T16:44:49.349386+00:00   INFO pegaflow_server::registry: registry.rs:217 IPC import timing: device_id=5 size_bytes=533725184 import_ms=3.18 (perf-t1)
2026-08-18T16:44:49.352843+00:00   INFO pegaflow_server::registry: registry.rs:217 IPC import timing: device_id=5 size_bytes=533725184 import_ms=2.94 (perf-t1)
2026-08-18T16:44:49.356220+00:00   INFO pegaflow_server::registry: registry.rs:217 IPC import timing: device_id=5 size_bytes=533725184 import_ms=2.84 (perf-t1)
2026-08-18T16:44:49.359663+00:00   INFO pegaflow_server::registry: registry.rs:217 IPC import timing: device_id=5 size_bytes=533725184 import_ms=2.85 (perf-t1)
2026-08-18T16:44:49.362957+00:00   INFO pegaflow_server::registry: registry.rs:217 IPC import timing: device_id=5 size_bytes=533725184 import_ms=2.71 (perf-t1)
2026-08-18T16:44:49.366321+00:00   INFO pegaflow_server::registry: registry.rs:217 IPC import timing: device_id=5 size_bytes=533725184 import_ms=2.86 (perf-t1)
2026-08-18T16:44:49.369548+00:00   INFO pegaflow_server::registry: registry.rs:217 IPC import timing: device_id=5 size_bytes=533725184 import_ms=2.69 (perf-t1)
2026-08-18T16:44:49.372877+00:00   INFO pegaflow_server::registry: registry.rs:217 IPC import timing: device_id=5 size_bytes=533725184 import_ms=2.83 (perf-t1)
2026-08-18T16:44:49.394985+00:00   INFO pegaflow_server::registry: registry.rs:217 IPC import timing: device_id=5 size_bytes=533725184 import_ms=21.60 (perf-t1)
2026-08-18T16:44:49.399019+00:00   INFO pegaflow_server::registry: registry.rs:217 IPC import timing: device_id=5 size_bytes=533725184 import_ms=3.49 (perf-t1)
2026-08-18T16:44:49.402401+00:00   INFO pegaflow_server::registry: registry.rs:217 IPC import timing: device_id=5 size_bytes=533725184 import_ms=2.77 (perf-t1)
2026-08-18T16:44:49.405824+00:00   INFO pegaflow_server::registry: registry.rs:217 IPC import timing: device_id=5 size_bytes=533725184 import_ms=2.90 (perf-t1)
2026-08-18T16:44:49.409204+00:00   INFO pegaflow_server::registry: registry.rs:217 IPC import timing: device_id=5 size_bytes=533725184 import_ms=2.81 (perf-t1)
2026-08-18T16:44:49.412678+00:00   INFO pegaflow_server::registry: registry.rs:217 IPC import timing: device_id=5 size_bytes=533725184 import_ms=2.96 (perf-t1)
2026-08-18T16:44:49.415995+00:00   INFO pegaflow_server::registry: registry.rs:217 IPC import timing: device_id=5 size_bytes=533725184 import_ms=2.80 (perf-t1)
2026-08-18T16:44:49.419263+00:00   INFO pegaflow_server::registry: registry.rs:217 IPC import timing: device_id=5 size_bytes=533725184 import_ms=2.71 (perf-t1)
2026-08-18T16:44:49.422579+00:00   INFO pegaflow_server::registry: registry.rs:217 IPC import timing: device_id=5 size_bytes=533725184 import_ms=2.82 (perf-t1)
2026-08-18T16:44:49.426107+00:00   INFO pegaflow_server::registry: registry.rs:217 IPC import timing: device_id=5 size_bytes=533725184 import_ms=3.02 (perf-t1)
2026-08-18T16:44:49.429451+00:00   INFO pegaflow_server::registry: registry.rs:217 IPC import timing: device_id=5 size_bytes=533725184 import_ms=2.80 (perf-t1)
2026-08-18T16:44:49.433322+00:00   INFO pegaflow_core::gpu_worker: gpu_worker.rs:338 GPU worker initialized: device=5 backend=ascend_batch device_id=5
2026-08-18T16:44:49.433542+00:00   INFO pegaflow_core::gpu_worker: gpu_worker.rs:338 GPU worker initialized: device=5 backend=ascend_batch device_id=5
2026-08-18T16:44:49.433686+00:00   INFO pegaflow_core::gpu_worker: gpu_worker.rs:200 GPU worker pool started: device=5, numa_node=NUMA2, transfer_mode=AscendDirect
2026-08-18T16:44:49.434344+00:00   INFO pegaflow_core::instance: instance.rs:706 Sealed instance topology: instance=a7e5918d-e7df-45d2-89c4-e5ea3316f9e6-37866c32964f42deb9b9c295359236f9, num_layers=72, tp_size=1, world_size=1, total_slots=72
2026-08-18T16:44:49.434386+00:00   INFO pegaflow_core::instance: instance.rs:719 Initialized GPU context: device_id=5, numa_node=NUMA2
2026-08-18T16:44:49.434412+00:00   INFO pegaflow_core: lib.rs:452 Registered context batch: instance=a7e5918d-e7df-45d2-89c4-e5ea3316f9e6-37866c32964f42deb9b9c295359236f9, namespace=perf-t2-c8-i200-shared-c3, device=5, layers=72, tp_rank=0/1, pp_rank=0
2026-08-18T16:44:49.434888+00:00   INFO pegaflow_server::registry: registry.rs:217 IPC import timing: device_id=4 size_bytes=533725184 import_ms=4.66 (perf-t1)
2026-08-18T16:44:49.438426+00:00   INFO pegaflow_server::registry: registry.rs:217 IPC import timing: device_id=4 size_bytes=533725184 import_ms=3.00 (perf-t1)
2026-08-18T16:44:49.441891+00:00   INFO pegaflow_server::registry: registry.rs:217 IPC import timing: device_id=4 size_bytes=533725184 import_ms=2.91 (perf-t1)
2026-08-18T16:44:49.445357+00:00   INFO pegaflow_server::registry: registry.rs:217 IPC import timing: device_id=4 size_bytes=533725184 import_ms=2.91 (perf-t1)
2026-08-18T16:44:49.448748+00:00   INFO pegaflow_server::registry: registry.rs:217 IPC import timing: device_id=4 size_bytes=533725184 import_ms=2.86 (perf-t1)
2026-08-18T16:44:49.452212+00:00   INFO pegaflow_server::registry: registry.rs:217 IPC import timing: device_id=4 size_bytes=533725184 import_ms=2.92 (perf-t1)
2026-08-18T16:44:49.455611+00:00   INFO pegaflow_server::registry: registry.rs:217 IPC import timing: device_id=4 size_bytes=533725184 import_ms=2.85 (perf-t1)
2026-08-18T16:44:49.462116+00:00   INFO pegaflow_server::registry: registry.rs:217 IPC import timing: device_id=4 size_bytes=533725184 import_ms=6.00 (perf-t1)
2026-08-18T16:44:49.465607+00:00   INFO pegaflow_server::registry: registry.rs:217 IPC import timing: device_id=4 size_bytes=533725184 import_ms=2.94 (perf-t1)
2026-08-18T16:44:49.469130+00:00   INFO pegaflow_server::registry: registry.rs:217 IPC import timing: device_id=4 size_bytes=533725184 import_ms=3.02 (perf-t1)
2026-08-18T16:44:49.472454+00:00   INFO pegaflow_server::registry: registry.rs:217 IPC import timing: device_id=4 size_bytes=533725184 import_ms=2.81 (perf-t1)
2026-08-18T16:44:49.477360+00:00   INFO pegaflow_server::registry: registry.rs:217 IPC import timing: device_id=4 size_bytes=533725184 import_ms=4.35 (perf-t1)
2026-08-18T16:44:49.482943+00:00   INFO pegaflow_server::registry: registry.rs:217 IPC import timing: device_id=4 size_bytes=533725184 import_ms=5.07 (perf-t1)
2026-08-18T16:44:49.486530+00:00   INFO pegaflow_server::registry: registry.rs:217 IPC import timing: device_id=4 size_bytes=533725184 import_ms=3.02 (perf-t1)
2026-08-18T16:44:49.489935+00:00   INFO pegaflow_server::registry: registry.rs:217 IPC import timing: device_id=4 size_bytes=533725184 import_ms=2.85 (perf-t1)
2026-08-18T16:44:49.493415+00:00   INFO pegaflow_server::registry: registry.rs:217 IPC import timing: device_id=4 size_bytes=533725184 import_ms=2.96 (perf-t1)
2026-08-18T16:44:49.497149+00:00   INFO pegaflow_server::registry: registry.rs:217 IPC import timing: device_id=4 size_bytes=533725184 import_ms=3.23 (perf-t1)
2026-08-18T16:44:49.500512+00:00   INFO pegaflow_server::registry: registry.rs:217 IPC import timing: device_id=4 size_bytes=533725184 import_ms=2.80 (perf-t1)
2026-08-18T16:44:49.503987+00:00   INFO pegaflow_server::registry: registry.rs:217 IPC import timing: device_id=4 size_bytes=533725184 import_ms=2.96 (perf-t1)
2026-08-18T16:44:49.507256+00:00   INFO pegaflow_server::registry: registry.rs:217 IPC import timing: device_id=4 size_bytes=533725184 import_ms=2.76 (perf-t1)
2026-08-18T16:44:49.511800+00:00   INFO pegaflow_server::registry: registry.rs:217 IPC import timing: device_id=4 size_bytes=533725184 import_ms=4.02 (perf-t1)
2026-08-18T16:44:49.515148+00:00   INFO pegaflow_server::registry: registry.rs:217 IPC import timing: device_id=4 size_bytes=533725184 import_ms=2.78 (perf-t1)
2026-08-18T16:44:49.518436+00:00   INFO pegaflow_server::registry: registry.rs:217 IPC import timing: device_id=4 size_bytes=533725184 import_ms=2.77 (perf-t1)
2026-08-18T16:44:49.521829+00:00   INFO pegaflow_server::registry: registry.rs:217 IPC import timing: device_id=4 size_bytes=533725184 import_ms=2.86 (perf-t1)
2026-08-18T16:44:49.525214+00:00   INFO pegaflow_server::registry: registry.rs:217 IPC import timing: device_id=4 size_bytes=533725184 import_ms=2.83 (perf-t1)
2026-08-18T16:44:49.528585+00:00   INFO pegaflow_server::registry: registry.rs:217 IPC import timing: device_id=4 size_bytes=533725184 import_ms=2.85 (perf-t1)
2026-08-18T16:44:49.532984+00:00   INFO pegaflow_server::registry: registry.rs:217 IPC import timing: device_id=4 size_bytes=533725184 import_ms=3.88 (perf-t1)
2026-08-18T16:44:49.537405+00:00   INFO pegaflow_server::registry: registry.rs:217 IPC import timing: device_id=4 size_bytes=533725184 import_ms=3.88 (perf-t1)
2026-08-18T16:44:49.540754+00:00   INFO pegaflow_server::registry: registry.rs:217 IPC import timing: device_id=4 size_bytes=533725184 import_ms=2.83 (perf-t1)
2026-08-18T16:44:49.545310+00:00   INFO pegaflow_server::registry: registry.rs:217 IPC import timing: device_id=4 size_bytes=533725184 import_ms=4.01 (perf-t1)
2026-08-18T16:44:49.549113+00:00   INFO pegaflow_server::registry: registry.rs:217 IPC import timing: device_id=4 size_bytes=533725184 import_ms=3.26 (perf-t1)
2026-08-18T16:44:49.552498+00:00   INFO pegaflow_server::registry: registry.rs:217 IPC import timing: device_id=4 size_bytes=533725184 import_ms=2.87 (perf-t1)
2026-08-18T16:44:49.557729+00:00   INFO pegaflow_server::registry: registry.rs:217 IPC import timing: device_id=4 size_bytes=533725184 import_ms=4.72 (perf-t1)
2026-08-18T16:44:49.562581+00:00   INFO pegaflow_server::registry: registry.rs:217 IPC import timing: device_id=4 size_bytes=533725184 import_ms=4.29 (perf-t1)
2026-08-18T16:44:49.566771+00:00   INFO pegaflow_server::registry: registry.rs:217 IPC import timing: device_id=4 size_bytes=533725184 import_ms=3.70 (perf-t1)
2026-08-18T16:44:49.573872+00:00   INFO pegaflow_server::registry: registry.rs:217 IPC import timing: device_id=4 size_bytes=533725184 import_ms=6.58 (perf-t1)
2026-08-18T16:44:49.579149+00:00   INFO pegaflow_server::registry: registry.rs:217 IPC import timing: device_id=4 size_bytes=533725184 import_ms=4.73 (perf-t1)
2026-08-18T16:44:49.582431+00:00   INFO pegaflow_server::registry: registry.rs:217 IPC import timing: device_id=4 size_bytes=533725184 import_ms=2.76 (perf-t1)
2026-08-18T16:44:49.585823+00:00   INFO pegaflow_server::registry: registry.rs:217 IPC import timing: device_id=4 size_bytes=533725184 import_ms=2.89 (perf-t1)
2026-08-18T16:44:49.589144+00:00   INFO pegaflow_server::registry: registry.rs:217 IPC import timing: device_id=4 size_bytes=533725184 import_ms=2.78 (perf-t1)
2026-08-18T16:44:49.592709+00:00   INFO pegaflow_server::registry: registry.rs:217 IPC import timing: device_id=4 size_bytes=533725184 import_ms=3.07 (perf-t1)
2026-08-18T16:44:49.595978+00:00   INFO pegaflow_server::registry: registry.rs:217 IPC import timing: device_id=4 size_bytes=533725184 import_ms=2.75 (perf-t1)
2026-08-18T16:44:49.599453+00:00   INFO pegaflow_server::registry: registry.rs:217 IPC import timing: device_id=4 size_bytes=533725184 import_ms=2.76 (perf-t1)
2026-08-18T16:44:49.603232+00:00   INFO pegaflow_server::registry: registry.rs:217 IPC import timing: device_id=4 size_bytes=533725184 import_ms=3.21 (perf-t1)
2026-08-18T16:44:49.606620+00:00   INFO pegaflow_server::registry: registry.rs:217 IPC import timing: device_id=4 size_bytes=533725184 import_ms=2.88 (perf-t1)
2026-08-18T16:44:49.611270+00:00   INFO pegaflow_server::registry: registry.rs:217 IPC import timing: device_id=4 size_bytes=533725184 import_ms=4.11 (perf-t1)
2026-08-18T16:44:49.614752+00:00   INFO pegaflow_server::registry: registry.rs:217 IPC import timing: device_id=4 size_bytes=533725184 import_ms=2.97 (perf-t1)
2026-08-18T16:44:49.618110+00:00   INFO pegaflow_server::registry: registry.rs:217 IPC import timing: device_id=4 size_bytes=533725184 import_ms=2.84 (perf-t1)
2026-08-18T16:44:49.621398+00:00   INFO pegaflow_server::registry: registry.rs:217 IPC import timing: device_id=4 size_bytes=533725184 import_ms=2.75 (perf-t1)
2026-08-18T16:44:49.624712+00:00   INFO pegaflow_server::registry: registry.rs:217 IPC import timing: device_id=4 size_bytes=533725184 import_ms=2.81 (perf-t1)
2026-08-18T16:44:49.627979+00:00   INFO pegaflow_server::registry: registry.rs:217 IPC import timing: device_id=4 size_bytes=533725184 import_ms=2.75 (perf-t1)
2026-08-18T16:44:49.631553+00:00   INFO pegaflow_server::registry: registry.rs:217 IPC import timing: device_id=4 size_bytes=533725184 import_ms=3.03 (perf-t1)
2026-08-18T16:44:49.635132+00:00   INFO pegaflow_server::registry: registry.rs:217 IPC import timing: device_id=4 size_bytes=533725184 import_ms=3.08 (perf-t1)
2026-08-18T16:44:49.638443+00:00   INFO pegaflow_server::registry: registry.rs:217 IPC import timing: device_id=4 size_bytes=533725184 import_ms=2.78 (perf-t1)
2026-08-18T16:44:49.641815+00:00   INFO pegaflow_server::registry: registry.rs:217 IPC import timing: device_id=4 size_bytes=533725184 import_ms=2.83 (perf-t1)
2026-08-18T16:44:49.645115+00:00   INFO pegaflow_server::registry: registry.rs:217 IPC import timing: device_id=4 size_bytes=533725184 import_ms=2.79 (perf-t1)
2026-08-18T16:44:49.648432+00:00   INFO pegaflow_server::registry: registry.rs:217 IPC import timing: device_id=4 size_bytes=533725184 import_ms=2.82 (perf-t1)
2026-08-18T16:44:49.651739+00:00   INFO pegaflow_server::registry: registry.rs:217 IPC import timing: device_id=4 size_bytes=533725184 import_ms=2.70 (perf-t1)
2026-08-18T16:44:49.655175+00:00   INFO pegaflow_server::registry: registry.rs:217 IPC import timing: device_id=4 size_bytes=533725184 import_ms=2.94 (perf-t1)
2026-08-18T16:44:49.658400+00:00   INFO pegaflow_server::registry: registry.rs:217 IPC import timing: device_id=4 size_bytes=533725184 import_ms=2.73 (perf-t1)
2026-08-18T16:44:49.661749+00:00   INFO pegaflow_server::registry: registry.rs:217 IPC import timing: device_id=4 size_bytes=533725184 import_ms=2.82 (perf-t1)
2026-08-18T16:44:49.666332+00:00   INFO pegaflow_server::registry: registry.rs:217 IPC import timing: device_id=4 size_bytes=533725184 import_ms=4.08 (perf-t1)
2026-08-18T16:44:49.669928+00:00   INFO pegaflow_server::registry: registry.rs:217 IPC import timing: device_id=4 size_bytes=533725184 import_ms=3.09 (perf-t1)
2026-08-18T16:44:49.673340+00:00   INFO pegaflow_server::registry: registry.rs:217 IPC import timing: device_id=4 size_bytes=533725184 import_ms=2.85 (perf-t1)
2026-08-18T16:44:49.676648+00:00   INFO pegaflow_server::registry: registry.rs:217 IPC import timing: device_id=4 size_bytes=533725184 import_ms=2.80 (perf-t1)
2026-08-18T16:44:49.682434+00:00   INFO pegaflow_server::registry: registry.rs:217 IPC import timing: device_id=4 size_bytes=533725184 import_ms=5.28 (perf-t1)
2026-08-18T16:44:49.685763+00:00   INFO pegaflow_server::registry: registry.rs:217 IPC import timing: device_id=4 size_bytes=533725184 import_ms=2.79 (perf-t1)
2026-08-18T16:44:49.689112+00:00   INFO pegaflow_server::registry: registry.rs:217 IPC import timing: device_id=4 size_bytes=533725184 import_ms=2.84 (perf-t1)
2026-08-18T16:44:49.692326+00:00   INFO pegaflow_server::registry: registry.rs:217 IPC import timing: device_id=4 size_bytes=533725184 import_ms=2.72 (perf-t1)
2026-08-18T16:44:49.695711+00:00   INFO pegaflow_server::registry: registry.rs:217 IPC import timing: device_id=4 size_bytes=533725184 import_ms=2.83 (perf-t1)
2026-08-18T16:44:49.699033+00:00   INFO pegaflow_server::registry: registry.rs:217 IPC import timing: device_id=4 size_bytes=533725184 import_ms=2.82 (perf-t1)
2026-08-18T16:44:49.702426+00:00   INFO pegaflow_server::registry: registry.rs:217 IPC import timing: device_id=4 size_bytes=533725184 import_ms=2.89 (perf-t1)
2026-08-18T16:44:49.706092+00:00   INFO pegaflow_server::registry: registry.rs:217 IPC import timing: device_id=7 size_bytes=533725184 import_ms=2.93 (perf-t1)
2026-08-18T16:44:49.709590+00:00   INFO pegaflow_core::gpu_worker: gpu_worker.rs:338 GPU worker initialized: device=4 backend=ascend_batch device_id=4
2026-08-18T16:44:49.710073+00:00   INFO pegaflow_core::gpu_worker: gpu_worker.rs:338 GPU worker initialized: device=4 backend=ascend_batch device_id=4
2026-08-18T16:44:49.710307+00:00   INFO pegaflow_core::gpu_worker: gpu_worker.rs:200 GPU worker pool started: device=4, numa_node=NUMA4, transfer_mode=AscendDirect
2026-08-18T16:44:49.710401+00:00   INFO pegaflow_server::registry: registry.rs:217 IPC import timing: device_id=7 size_bytes=533725184 import_ms=3.75 (perf-t1)
2026-08-18T16:44:49.710987+00:00   INFO pegaflow_core::instance: instance.rs:706 Sealed instance topology: instance=0b22ca5a-46f1-4ed8-a371-06c5bec8561b-22b50e0f32994e08b7a8df602d4a346a, num_layers=72, tp_size=1, world_size=1, total_slots=72
2026-08-18T16:44:49.711031+00:00   INFO pegaflow_core::instance: instance.rs:719 Initialized GPU context: device_id=4, numa_node=NUMA4
2026-08-18T16:44:49.711069+00:00   INFO pegaflow_core: lib.rs:452 Registered context batch: instance=0b22ca5a-46f1-4ed8-a371-06c5bec8561b-22b50e0f32994e08b7a8df602d4a346a, namespace=perf-t2-c8-i200-shared-c3, device=4, layers=72, tp_rank=0/1, pp_rank=0
2026-08-18T16:44:49.713722+00:00   INFO pegaflow_server::registry: registry.rs:217 IPC import timing: device_id=7 size_bytes=533725184 import_ms=2.81 (perf-t1)
2026-08-18T16:44:49.717107+00:00   INFO pegaflow_server::registry: registry.rs:217 IPC import timing: device_id=7 size_bytes=533725184 import_ms=2.84 (perf-t1)
2026-08-18T16:44:49.720449+00:00   INFO pegaflow_server::registry: registry.rs:217 IPC import timing: device_id=7 size_bytes=533725184 import_ms=2.84 (perf-t1)
2026-08-18T16:44:49.724837+00:00   INFO pegaflow_server::registry: registry.rs:217 IPC import timing: device_id=7 size_bytes=533725184 import_ms=3.88 (perf-t1)
2026-08-18T16:44:49.730714+00:00   INFO pegaflow_server::registry: registry.rs:217 IPC import timing: device_id=7 size_bytes=533725184 import_ms=5.35 (perf-t1)
2026-08-18T16:44:49.734254+00:00   INFO pegaflow_server::registry: registry.rs:217 IPC import timing: device_id=7 size_bytes=533725184 import_ms=3.05 (perf-t1)
2026-08-18T16:44:49.737608+00:00   INFO pegaflow_server::registry: registry.rs:217 IPC import timing: device_id=7 size_bytes=533725184 import_ms=2.83 (perf-t1)
2026-08-18T16:44:49.741053+00:00   INFO pegaflow_server::registry: registry.rs:217 IPC import timing: device_id=7 size_bytes=533725184 import_ms=2.92 (perf-t1)
2026-08-18T16:44:49.744621+00:00   INFO pegaflow_server::registry: registry.rs:217 IPC import timing: device_id=7 size_bytes=533725184 import_ms=3.07 (perf-t1)
2026-08-18T16:44:49.748029+00:00   INFO pegaflow_server::registry: registry.rs:217 IPC import timing: device_id=7 size_bytes=533725184 import_ms=2.88 (perf-t1)
2026-08-18T16:44:49.751511+00:00   INFO pegaflow_server::registry: registry.rs:217 IPC import timing: device_id=7 size_bytes=533725184 import_ms=2.95 (perf-t1)
2026-08-18T16:44:49.757865+00:00   INFO pegaflow_server::registry: registry.rs:217 IPC import timing: device_id=7 size_bytes=533725184 import_ms=5.84 (perf-t1)
2026-08-18T16:44:49.761217+00:00   INFO pegaflow_server::registry: registry.rs:217 IPC import timing: device_id=7 size_bytes=533725184 import_ms=2.83 (perf-t1)
2026-08-18T16:44:49.764562+00:00   INFO pegaflow_server::registry: registry.rs:217 IPC import timing: device_id=7 size_bytes=533725184 import_ms=2.82 (perf-t1)
2026-08-18T16:44:49.767997+00:00   INFO pegaflow_server::registry: registry.rs:217 IPC import timing: device_id=7 size_bytes=533725184 import_ms=2.88 (perf-t1)
2026-08-18T16:44:49.771244+00:00   INFO pegaflow_server::registry: registry.rs:217 IPC import timing: device_id=7 size_bytes=533725184 import_ms=2.72 (perf-t1)
2026-08-18T16:44:49.774564+00:00   INFO pegaflow_server::registry: registry.rs:217 IPC import timing: device_id=7 size_bytes=533725184 import_ms=2.82 (perf-t1)
2026-08-18T16:44:49.780568+00:00   INFO pegaflow_server::registry: registry.rs:217 IPC import timing: device_id=7 size_bytes=533725184 import_ms=5.46 (perf-t1)
2026-08-18T16:44:49.783863+00:00   INFO pegaflow_server::registry: registry.rs:217 IPC import timing: device_id=7 size_bytes=533725184 import_ms=2.81 (perf-t1)
2026-08-18T16:44:49.787309+00:00   INFO pegaflow_server::registry: registry.rs:217 IPC import timing: device_id=7 size_bytes=533725184 import_ms=2.91 (perf-t1)
2026-08-18T16:44:49.790588+00:00   INFO pegaflow_server::registry: registry.rs:217 IPC import timing: device_id=7 size_bytes=533725184 import_ms=2.76 (perf-t1)
2026-08-18T16:44:49.793904+00:00   INFO pegaflow_server::registry: registry.rs:217 IPC import timing: device_id=7 size_bytes=533725184 import_ms=2.82 (perf-t1)
2026-08-18T16:44:49.797228+00:00   INFO pegaflow_server::registry: registry.rs:217 IPC import timing: device_id=7 size_bytes=533725184 import_ms=2.81 (perf-t1)
2026-08-18T16:44:49.800711+00:00   INFO pegaflow_server::registry: registry.rs:217 IPC import timing: device_id=7 size_bytes=533725184 import_ms=2.87 (perf-t1)
2026-08-18T16:44:49.804026+00:00   INFO pegaflow_server::registry: registry.rs:217 IPC import timing: device_id=7 size_bytes=533725184 import_ms=2.78 (perf-t1)
2026-08-18T16:44:49.807365+00:00   INFO pegaflow_server::registry: registry.rs:217 IPC import timing: device_id=7 size_bytes=533725184 import_ms=2.82 (perf-t1)
2026-08-18T16:44:49.810618+00:00   INFO pegaflow_server::registry: registry.rs:217 IPC import timing: device_id=7 size_bytes=533725184 import_ms=2.74 (perf-t1)
2026-08-18T16:44:49.815193+00:00   INFO pegaflow_server::registry: registry.rs:217 IPC import timing: device_id=7 size_bytes=533725184 import_ms=4.04 (perf-t1)
2026-08-18T16:44:49.818764+00:00   INFO pegaflow_server::registry: registry.rs:217 IPC import timing: device_id=7 size_bytes=533725184 import_ms=3.06 (perf-t1)
2026-08-18T16:44:49.822053+00:00   INFO pegaflow_server::registry: registry.rs:217 IPC import timing: device_id=7 size_bytes=533725184 import_ms=2.71 (perf-t1)
2026-08-18T16:44:49.825538+00:00   INFO pegaflow_server::registry: registry.rs:217 IPC import timing: device_id=7 size_bytes=533725184 import_ms=2.97 (perf-t1)
2026-08-18T16:44:49.829036+00:00   INFO pegaflow_server::registry: registry.rs:217 IPC import timing: device_id=7 size_bytes=533725184 import_ms=3.00 (perf-t1)
2026-08-18T16:44:49.834894+00:00   INFO pegaflow_server::registry: registry.rs:217 IPC import timing: device_id=7 size_bytes=533725184 import_ms=5.32 (perf-t1)
2026-08-18T16:44:49.838142+00:00   INFO pegaflow_server::registry: registry.rs:217 IPC import timing: device_id=7 size_bytes=533725184 import_ms=2.74 (perf-t1)
2026-08-18T16:44:49.841478+00:00   INFO pegaflow_server::registry: registry.rs:217 IPC import timing: device_id=7 size_bytes=533725184 import_ms=2.82 (perf-t1)
2026-08-18T16:44:49.844739+00:00   INFO pegaflow_server::registry: registry.rs:217 IPC import timing: device_id=7 size_bytes=533725184 import_ms=2.72 (perf-t1)
2026-08-18T16:44:49.848446+00:00   INFO pegaflow_server::registry: registry.rs:217 IPC import timing: device_id=7 size_bytes=533725184 import_ms=3.18 (perf-t1)
2026-08-18T16:44:49.851682+00:00   INFO pegaflow_server::registry: registry.rs:217 IPC import timing: device_id=7 size_bytes=533725184 import_ms=2.74 (perf-t1)
2026-08-18T16:44:49.855080+00:00   INFO pegaflow_server::registry: registry.rs:217 IPC import timing: device_id=7 size_bytes=533725184 import_ms=2.88 (perf-t1)
2026-08-18T16:44:49.858331+00:00   INFO pegaflow_server::registry: registry.rs:217 IPC import timing: device_id=7 size_bytes=533725184 import_ms=2.71 (perf-t1)
2026-08-18T16:44:49.861906+00:00   INFO pegaflow_server::registry: registry.rs:217 IPC import timing: device_id=7 size_bytes=533725184 import_ms=3.07 (perf-t1)
2026-08-18T16:44:49.865224+00:00   INFO pegaflow_server::registry: registry.rs:217 IPC import timing: device_id=7 size_bytes=533725184 import_ms=2.78 (perf-t1)
2026-08-18T16:44:49.868439+00:00   INFO pegaflow_server::registry: registry.rs:217 IPC import timing: device_id=7 size_bytes=533725184 import_ms=2.71 (perf-t1)
2026-08-18T16:44:49.872698+00:00   INFO pegaflow_server::registry: registry.rs:217 IPC import timing: device_id=7 size_bytes=533725184 import_ms=3.77 (perf-t1)
2026-08-18T16:44:49.877401+00:00   INFO pegaflow_server::registry: registry.rs:217 IPC import timing: device_id=7 size_bytes=533725184 import_ms=4.18 (perf-t1)
2026-08-18T16:44:49.882636+00:00   INFO pegaflow_server::registry: registry.rs:217 IPC import timing: device_id=7 size_bytes=533725184 import_ms=4.74 (perf-t1)
2026-08-18T16:44:49.886523+00:00   INFO pegaflow_server::registry: registry.rs:217 IPC import timing: device_id=7 size_bytes=533725184 import_ms=3.37 (perf-t1)
2026-08-18T16:44:49.889922+00:00   INFO pegaflow_server::registry: registry.rs:217 IPC import timing: device_id=7 size_bytes=533725184 import_ms=2.84 (perf-t1)
2026-08-18T16:44:49.898848+00:00   INFO pegaflow_server::registry: registry.rs:217 IPC import timing: device_id=7 size_bytes=533725184 import_ms=8.43 (perf-t1)
2026-08-18T16:44:49.904261+00:00   INFO pegaflow_server::registry: registry.rs:217 IPC import timing: device_id=7 size_bytes=533725184 import_ms=4.87 (perf-t1)
2026-08-18T16:44:49.915683+00:00   INFO pegaflow_server::registry: registry.rs:217 IPC import timing: device_id=7 size_bytes=533725184 import_ms=10.83 (perf-t1)
2026-08-18T16:44:49.919134+00:00   INFO pegaflow_server::registry: registry.rs:217 IPC import timing: device_id=7 size_bytes=533725184 import_ms=2.94 (perf-t1)
2026-08-18T16:44:49.922531+00:00   INFO pegaflow_server::registry: registry.rs:217 IPC import timing: device_id=7 size_bytes=533725184 import_ms=2.88 (perf-t1)
2026-08-18T16:44:49.925950+00:00   INFO pegaflow_server::registry: registry.rs:217 IPC import timing: device_id=7 size_bytes=533725184 import_ms=2.88 (perf-t1)
2026-08-18T16:44:49.929221+00:00   INFO pegaflow_server::registry: registry.rs:217 IPC import timing: device_id=7 size_bytes=533725184 import_ms=2.77 (perf-t1)
2026-08-18T16:44:49.932662+00:00   INFO pegaflow_server::registry: registry.rs:217 IPC import timing: device_id=7 size_bytes=533725184 import_ms=2.85 (perf-t1)
2026-08-18T16:44:49.936084+00:00   INFO pegaflow_server::registry: registry.rs:217 IPC import timing: device_id=7 size_bytes=533725184 import_ms=2.88 (perf-t1)
2026-08-18T16:44:49.939409+00:00   INFO pegaflow_server::registry: registry.rs:217 IPC import timing: device_id=7 size_bytes=533725184 import_ms=2.79 (perf-t1)
2026-08-18T16:44:49.942800+00:00   INFO pegaflow_server::registry: registry.rs:217 IPC import timing: device_id=7 size_bytes=533725184 import_ms=2.89 (perf-t1)
2026-08-18T16:44:49.947221+00:00   INFO pegaflow_server::registry: registry.rs:217 IPC import timing: device_id=7 size_bytes=533725184 import_ms=3.85 (perf-t1)
2026-08-18T16:44:49.951465+00:00   INFO pegaflow_server::registry: registry.rs:217 IPC import timing: device_id=7 size_bytes=533725184 import_ms=3.74 (perf-t1)
2026-08-18T16:44:49.954878+00:00   INFO pegaflow_server::registry: registry.rs:217 IPC import timing: device_id=7 size_bytes=533725184 import_ms=2.91 (perf-t1)
2026-08-18T16:44:49.958141+00:00   INFO pegaflow_server::registry: registry.rs:217 IPC import timing: device_id=7 size_bytes=533725184 import_ms=2.73 (perf-t1)
2026-08-18T16:44:49.961503+00:00   INFO pegaflow_server::registry: registry.rs:217 IPC import timing: device_id=7 size_bytes=533725184 import_ms=2.85 (perf-t1)
2026-08-18T16:44:49.964776+00:00   INFO pegaflow_server::registry: registry.rs:217 IPC import timing: device_id=7 size_bytes=533725184 import_ms=2.76 (perf-t1)
2026-08-18T16:44:49.968147+00:00   INFO pegaflow_server::registry: registry.rs:217 IPC import timing: device_id=7 size_bytes=533725184 import_ms=2.84 (perf-t1)
2026-08-18T16:44:49.971364+00:00   INFO pegaflow_server::registry: registry.rs:217 IPC import timing: device_id=7 size_bytes=533725184 import_ms=2.71 (perf-t1)
2026-08-18T16:44:49.974749+00:00   INFO pegaflow_server::registry: registry.rs:217 IPC import timing: device_id=7 size_bytes=533725184 import_ms=2.89 (perf-t1)
2026-08-18T16:44:49.978082+00:00   INFO pegaflow_server::registry: registry.rs:217 IPC import timing: device_id=7 size_bytes=533725184 import_ms=2.80 (perf-t1)
2026-08-18T16:44:49.981322+00:00   INFO pegaflow_server::registry: registry.rs:217 IPC import timing: device_id=7 size_bytes=533725184 import_ms=2.70 (perf-t1)
2026-08-18T16:44:49.984535+00:00   INFO pegaflow_core::gpu_worker: gpu_worker.rs:338 GPU worker initialized: device=7 backend=ascend_batch device_id=7
2026-08-18T16:44:49.984825+00:00   INFO pegaflow_core::gpu_worker: gpu_worker.rs:338 GPU worker initialized: device=7 backend=ascend_batch device_id=7
2026-08-18T16:44:49.984977+00:00   INFO pegaflow_core::gpu_worker: gpu_worker.rs:200 GPU worker pool started: device=7, numa_node=NUMA2, transfer_mode=AscendDirect
2026-08-18T16:44:49.985034+00:00   INFO pegaflow_server::registry: registry.rs:217 IPC import timing: device_id=2 size_bytes=533725184 import_ms=3.01 (perf-t1)
2026-08-18T16:44:49.985612+00:00   INFO pegaflow_core::instance: instance.rs:706 Sealed instance topology: instance=866c9337-c8ca-462e-aead-6690d89f9a55-6856d663b5114468b1e7c8492670fbd6, num_layers=72, tp_size=1, world_size=1, total_slots=72
2026-08-18T16:44:49.985663+00:00   INFO pegaflow_core::instance: instance.rs:719 Initialized GPU context: device_id=7, numa_node=NUMA2
2026-08-18T16:44:49.985689+00:00   INFO pegaflow_core: lib.rs:452 Registered context batch: instance=866c9337-c8ca-462e-aead-6690d89f9a55-6856d663b5114468b1e7c8492670fbd6, namespace=perf-t2-c8-i200-shared-c3, device=7, layers=72, tp_rank=0/1, pp_rank=0
2026-08-18T16:44:49.997867+00:00   INFO pegaflow_server::registry: registry.rs:217 IPC import timing: device_id=2 size_bytes=533725184 import_ms=12.27 (perf-t1)
2026-08-18T16:44:50.001564+00:00   INFO pegaflow_server::registry: registry.rs:217 IPC import timing: device_id=2 size_bytes=533725184 import_ms=3.12 (perf-t1)
2026-08-18T16:44:50.005317+00:00   INFO pegaflow_server::registry: registry.rs:217 IPC import timing: device_id=2 size_bytes=533725184 import_ms=3.25 (perf-t1)
2026-08-18T16:44:50.008669+00:00   INFO pegaflow_server::registry: registry.rs:217 IPC import timing: device_id=2 size_bytes=533725184 import_ms=2.82 (perf-t1)
2026-08-18T16:44:50.012141+00:00   INFO pegaflow_server::registry: registry.rs:217 IPC import timing: device_id=2 size_bytes=533725184 import_ms=2.97 (perf-t1)
2026-08-18T16:44:50.015517+00:00   INFO pegaflow_server::registry: registry.rs:217 IPC import timing: device_id=2 size_bytes=533725184 import_ms=2.83 (perf-t1)
2026-08-18T16:44:50.024289+00:00   INFO pegaflow_server::registry: registry.rs:217 IPC import timing: device_id=2 size_bytes=533725184 import_ms=3.04 (perf-t1)
2026-08-18T16:44:50.027691+00:00   INFO pegaflow_server::registry: registry.rs:217 IPC import timing: device_id=2 size_bytes=533725184 import_ms=2.87 (perf-t1)
2026-08-18T16:44:50.033967+00:00   INFO pegaflow_server::registry: registry.rs:217 IPC import timing: device_id=2 size_bytes=533725184 import_ms=5.75 (perf-t1)
2026-08-18T16:44:50.043855+00:00   INFO pegaflow_server::registry: registry.rs:217 IPC import timing: device_id=2 size_bytes=533725184 import_ms=9.37 (perf-t1)
2026-08-18T16:44:50.048105+00:00   INFO pegaflow_server::registry: registry.rs:217 IPC import timing: device_id=2 size_bytes=533725184 import_ms=3.71 (perf-t1)
2026-08-18T16:44:50.051690+00:00   INFO pegaflow_server::registry: registry.rs:217 IPC import timing: device_id=2 size_bytes=533725184 import_ms=3.06 (perf-t1)
2026-08-18T16:44:50.054986+00:00   INFO pegaflow_server::registry: registry.rs:217 IPC import timing: device_id=2 size_bytes=533725184 import_ms=2.79 (perf-t1)
2026-08-18T16:44:50.058304+00:00   INFO pegaflow_server::registry: registry.rs:217 IPC import timing: device_id=2 size_bytes=533725184 import_ms=2.78 (perf-t1)
2026-08-18T16:44:50.061872+00:00   INFO pegaflow_server::registry: registry.rs:217 IPC import timing: device_id=2 size_bytes=533725184 import_ms=3.04 (perf-t1)
2026-08-18T16:44:50.065229+00:00   INFO pegaflow_server::registry: registry.rs:217 IPC import timing: device_id=2 size_bytes=533725184 import_ms=2.85 (perf-t1)
2026-08-18T16:44:50.112305+00:00   INFO pegaflow_server::registry: registry.rs:217 IPC import timing: device_id=2 size_bytes=533725184 import_ms=46.55 (perf-t1)
2026-08-18T16:44:50.117962+00:00   INFO pegaflow_server::registry: registry.rs:217 IPC import timing: device_id=2 size_bytes=533725184 import_ms=5.05 (perf-t1)
2026-08-18T16:44:50.127725+00:00   INFO pegaflow_server::registry: registry.rs:217 IPC import timing: device_id=2 size_bytes=533725184 import_ms=9.23 (perf-t1)
2026-08-18T16:44:50.133053+00:00   INFO pegaflow_server::registry: registry.rs:217 IPC import timing: device_id=2 size_bytes=533725184 import_ms=4.76 (perf-t1)
2026-08-18T16:44:50.136477+00:00   INFO pegaflow_server::registry: registry.rs:217 IPC import timing: device_id=2 size_bytes=533725184 import_ms=2.91 (perf-t1)
2026-08-18T16:44:50.139817+00:00   INFO pegaflow_server::registry: registry.rs:217 IPC import timing: device_id=2 size_bytes=533725184 import_ms=2.84 (perf-t1)
2026-08-18T16:44:50.143261+00:00   INFO pegaflow_server::registry: registry.rs:217 IPC import timing: device_id=2 size_bytes=533725184 import_ms=2.90 (perf-t1)
2026-08-18T16:44:50.146587+00:00   INFO pegaflow_server::registry: registry.rs:217 IPC import timing: device_id=2 size_bytes=533725184 import_ms=2.80 (perf-t1)
2026-08-18T16:44:50.149996+00:00   INFO pegaflow_server::registry: registry.rs:217 IPC import timing: device_id=2 size_bytes=533725184 import_ms=2.87 (perf-t1)
2026-08-18T16:44:50.153827+00:00   INFO pegaflow_server::registry: registry.rs:217 IPC import timing: device_id=2 size_bytes=533725184 import_ms=3.28 (perf-t1)
2026-08-18T16:44:50.157201+00:00   INFO pegaflow_server::registry: registry.rs:217 IPC import timing: device_id=2 size_bytes=533725184 import_ms=2.88 (perf-t1)
2026-08-18T16:44:50.161493+00:00   INFO pegaflow_server::registry: registry.rs:217 IPC import timing: device_id=2 size_bytes=533725184 import_ms=3.78 (perf-t1)
2026-08-18T16:44:50.165399+00:00   INFO pegaflow_server::registry: registry.rs:217 IPC import timing: device_id=2 size_bytes=533725184 import_ms=3.30 (perf-t1)
2026-08-18T16:44:50.168804+00:00   INFO pegaflow_server::registry: registry.rs:217 IPC import timing: device_id=2 size_bytes=533725184 import_ms=2.91 (perf-t1)
2026-08-18T16:44:50.173009+00:00   INFO pegaflow_server::registry: registry.rs:217 IPC import timing: device_id=2 size_bytes=533725184 import_ms=3.68 (perf-t1)
2026-08-18T16:44:50.176443+00:00   INFO pegaflow_server::registry: registry.rs:217 IPC import timing: device_id=2 size_bytes=533725184 import_ms=2.91 (perf-t1)
2026-08-18T16:44:50.180652+00:00   INFO pegaflow_server::registry: registry.rs:217 IPC import timing: device_id=2 size_bytes=533725184 import_ms=3.70 (perf-t1)
2026-08-18T16:44:50.184528+00:00   INFO pegaflow_server::registry: registry.rs:217 IPC import timing: device_id=2 size_bytes=533725184 import_ms=3.38 (perf-t1)
2026-08-18T16:44:50.187884+00:00   INFO pegaflow_server::registry: registry.rs:217 IPC import timing: device_id=2 size_bytes=533725184 import_ms=2.83 (perf-t1)
2026-08-18T16:44:50.191208+00:00   INFO pegaflow_server::registry: registry.rs:217 IPC import timing: device_id=2 size_bytes=533725184 import_ms=2.82 (perf-t1)
2026-08-18T16:44:50.194482+00:00   INFO pegaflow_server::registry: registry.rs:217 IPC import timing: device_id=2 size_bytes=533725184 import_ms=2.77 (perf-t1)
2026-08-18T16:44:50.197949+00:00   INFO pegaflow_server::registry: registry.rs:217 IPC import timing: device_id=2 size_bytes=533725184 import_ms=2.94 (perf-t1)
2026-08-18T16:44:50.201341+00:00   INFO pegaflow_server::registry: registry.rs:217 IPC import timing: device_id=2 size_bytes=533725184 import_ms=2.86 (perf-t1)
2026-08-18T16:44:50.204838+00:00   INFO pegaflow_server::registry: registry.rs:217 IPC import timing: device_id=2 size_bytes=533725184 import_ms=2.98 (perf-t1)
2026-08-18T16:44:50.208324+00:00   INFO pegaflow_server::registry: registry.rs:217 IPC import timing: device_id=2 size_bytes=533725184 import_ms=2.94 (perf-t1)
2026-08-18T16:44:50.211630+00:00   INFO pegaflow_server::registry: registry.rs:217 IPC import timing: device_id=2 size_bytes=533725184 import_ms=2.79 (perf-t1)
2026-08-18T16:44:50.215005+00:00   INFO pegaflow_server::registry: registry.rs:217 IPC import timing: device_id=2 size_bytes=533725184 import_ms=2.87 (perf-t1)
2026-08-18T16:44:50.219290+00:00   INFO pegaflow_server::registry: registry.rs:217 IPC import timing: device_id=2 size_bytes=533725184 import_ms=3.75 (perf-t1)
2026-08-18T16:44:50.223068+00:00   INFO pegaflow_server::registry: registry.rs:217 IPC import timing: device_id=2 size_bytes=533725184 import_ms=3.27 (perf-t1)
2026-08-18T16:44:50.226317+00:00   INFO pegaflow_server::registry: registry.rs:217 IPC import timing: device_id=2 size_bytes=533725184 import_ms=2.75 (perf-t1)
2026-08-18T16:44:50.229817+00:00   INFO pegaflow_server::registry: registry.rs:217 IPC import timing: device_id=2 size_bytes=533725184 import_ms=2.96 (perf-t1)
2026-08-18T16:44:50.235872+00:00   INFO pegaflow_server::registry: registry.rs:217 IPC import timing: device_id=2 size_bytes=533725184 import_ms=5.55 (perf-t1)
2026-08-18T16:44:50.239351+00:00   INFO pegaflow_server::registry: registry.rs:217 IPC import timing: device_id=2 size_bytes=533725184 import_ms=2.93 (perf-t1)
2026-08-18T16:44:50.242624+00:00   INFO pegaflow_server::registry: registry.rs:217 IPC import timing: device_id=2 size_bytes=533725184 import_ms=2.74 (perf-t1)
2026-08-18T16:44:50.245930+00:00   INFO pegaflow_server::registry: registry.rs:217 IPC import timing: device_id=2 size_bytes=533725184 import_ms=2.82 (perf-t1)
2026-08-18T16:44:50.249365+00:00   INFO pegaflow_server::registry: registry.rs:217 IPC import timing: device_id=2 size_bytes=533725184 import_ms=2.92 (perf-t1)
2026-08-18T16:44:50.252752+00:00   INFO pegaflow_server::registry: registry.rs:217 IPC import timing: device_id=2 size_bytes=533725184 import_ms=2.85 (perf-t1)
2026-08-18T16:44:50.256508+00:00   INFO pegaflow_server::registry: registry.rs:217 IPC import timing: device_id=2 size_bytes=533725184 import_ms=3.26 (perf-t1)
2026-08-18T16:44:50.261915+00:00   INFO pegaflow_server::registry: registry.rs:217 IPC import timing: device_id=2 size_bytes=533725184 import_ms=4.92 (perf-t1)
2026-08-18T16:44:50.265386+00:00   INFO pegaflow_server::registry: registry.rs:217 IPC import timing: device_id=2 size_bytes=533725184 import_ms=2.93 (perf-t1)
2026-08-18T16:44:50.268788+00:00   INFO pegaflow_server::registry: registry.rs:217 IPC import timing: device_id=2 size_bytes=533725184 import_ms=2.82 (perf-t1)
2026-08-18T16:44:50.278957+00:00   INFO pegaflow_server::registry: registry.rs:217 IPC import timing: device_id=2 size_bytes=533725184 import_ms=9.64 (perf-t1)
2026-08-18T16:44:50.282558+00:00   INFO pegaflow_server::registry: registry.rs:217 IPC import timing: device_id=2 size_bytes=533725184 import_ms=2.96 (perf-t1)
2026-08-18T16:44:50.287616+00:00   INFO pegaflow_server::registry: registry.rs:217 IPC import timing: device_id=2 size_bytes=533725184 import_ms=4.52 (perf-t1)
2026-08-18T16:44:50.291227+00:00   INFO pegaflow_server::registry: registry.rs:217 IPC import timing: device_id=2 size_bytes=533725184 import_ms=3.10 (perf-t1)
2026-08-18T16:44:50.294586+00:00   INFO pegaflow_server::registry: registry.rs:217 IPC import timing: device_id=2 size_bytes=533725184 import_ms=2.83 (perf-t1)
2026-08-18T16:44:50.298014+00:00   INFO pegaflow_server::registry: registry.rs:217 IPC import timing: device_id=2 size_bytes=533725184 import_ms=2.93 (perf-t1)
2026-08-18T16:44:50.301485+00:00   INFO pegaflow_server::registry: registry.rs:217 IPC import timing: device_id=2 size_bytes=533725184 import_ms=2.97 (perf-t1)
2026-08-18T16:44:50.305489+00:00   INFO pegaflow_server::registry: registry.rs:217 IPC import timing: device_id=2 size_bytes=533725184 import_ms=3.45 (perf-t1)
2026-08-18T16:44:50.315220+00:00   INFO pegaflow_server::registry: registry.rs:217 IPC import timing: device_id=2 size_bytes=533725184 import_ms=9.21 (perf-t1)
2026-08-18T16:44:50.319843+00:00   INFO pegaflow_server::registry: registry.rs:217 IPC import timing: device_id=2 size_bytes=533725184 import_ms=4.10 (perf-t1)
2026-08-18T16:44:50.323728+00:00   INFO pegaflow_server::registry: registry.rs:217 IPC import timing: device_id=2 size_bytes=533725184 import_ms=3.32 (perf-t1)
2026-08-18T16:44:50.367260+00:00   INFO pegaflow_server::registry: registry.rs:217 IPC import timing: device_id=2 size_bytes=533725184 import_ms=43.00 (perf-t1)
2026-08-18T16:44:50.370606+00:00   INFO pegaflow_server::registry: registry.rs:217 IPC import timing: device_id=2 size_bytes=533725184 import_ms=2.82 (perf-t1)
2026-08-18T16:44:50.373968+00:00   INFO pegaflow_server::registry: registry.rs:217 IPC import timing: device_id=2 size_bytes=533725184 import_ms=2.82 (perf-t1)
2026-08-18T16:44:50.377661+00:00   INFO pegaflow_server::registry: registry.rs:217 IPC import timing: device_id=0 size_bytes=533725184 import_ms=2.98 (perf-t1)
2026-08-18T16:44:50.377553+00:00   INFO pegaflow_core::gpu_worker: gpu_worker.rs:338 GPU worker initialized: device=2 backend=ascend_batch device_id=2
2026-08-18T16:44:50.377745+00:00   INFO pegaflow_core::gpu_worker: gpu_worker.rs:338 GPU worker initialized: device=2 backend=ascend_batch device_id=2
2026-08-18T16:44:50.378033+00:00   INFO pegaflow_core::gpu_worker: gpu_worker.rs:200 GPU worker pool started: device=2, numa_node=NUMA6, transfer_mode=AscendDirect
2026-08-18T16:44:50.378689+00:00   INFO pegaflow_core::instance: instance.rs:706 Sealed instance topology: instance=936fd76a-a256-4341-8f59-899c6e4e14f9-20a6cb62668644c584100bd9d5655833, num_layers=72, tp_size=1, world_size=1, total_slots=72
2026-08-18T16:44:50.378731+00:00   INFO pegaflow_core::instance: instance.rs:719 Initialized GPU context: device_id=2, numa_node=NUMA6
2026-08-18T16:44:50.378756+00:00   INFO pegaflow_core: lib.rs:452 Registered context batch: instance=936fd76a-a256-4341-8f59-899c6e4e14f9-20a6cb62668644c584100bd9d5655833, namespace=perf-t2-c8-i200-shared-c3, device=2, layers=72, tp_rank=0/1, pp_rank=0
2026-08-18T16:44:50.381186+00:00   INFO pegaflow_server::registry: registry.rs:217 IPC import timing: device_id=0 size_bytes=533725184 import_ms=2.99 (perf-t1)
2026-08-18T16:44:50.384746+00:00   INFO pegaflow_server::registry: registry.rs:217 IPC import timing: device_id=0 size_bytes=533725184 import_ms=3.00 (perf-t1)
2026-08-18T16:44:50.388253+00:00   INFO pegaflow_server::registry: registry.rs:217 IPC import timing: device_id=0 size_bytes=533725184 import_ms=3.00 (perf-t1)
2026-08-18T16:44:50.391711+00:00   INFO pegaflow_server::registry: registry.rs:217 IPC import timing: device_id=0 size_bytes=533725184 import_ms=2.94 (perf-t1)
2026-08-18T16:44:50.395152+00:00   INFO pegaflow_server::registry: registry.rs:217 IPC import timing: device_id=0 size_bytes=533725184 import_ms=2.93 (perf-t1)
2026-08-18T16:44:50.398565+00:00   INFO pegaflow_server::registry: registry.rs:217 IPC import timing: device_id=0 size_bytes=533725184 import_ms=2.87 (perf-t1)
2026-08-18T16:44:50.402058+00:00   INFO pegaflow_server::registry: registry.rs:217 IPC import timing: device_id=0 size_bytes=533725184 import_ms=2.98 (perf-t1)
2026-08-18T16:44:50.405940+00:00   INFO pegaflow_server::registry: registry.rs:217 IPC import timing: device_id=0 size_bytes=533725184 import_ms=3.18 (perf-t1)
2026-08-18T16:44:50.409497+00:00   INFO pegaflow_server::registry: registry.rs:217 IPC import timing: device_id=0 size_bytes=533725184 import_ms=2.95 (perf-t1)
2026-08-18T16:44:50.412978+00:00   INFO pegaflow_server::registry: registry.rs:217 IPC import timing: device_id=0 size_bytes=533725184 import_ms=2.95 (perf-t1)
2026-08-18T16:44:50.416309+00:00   INFO pegaflow_server::registry: registry.rs:217 IPC import timing: device_id=0 size_bytes=533725184 import_ms=2.82 (perf-t1)
2026-08-18T16:44:50.419928+00:00   INFO pegaflow_server::registry: registry.rs:217 IPC import timing: device_id=0 size_bytes=533725184 import_ms=3.05 (perf-t1)
2026-08-18T16:44:50.423349+00:00   INFO pegaflow_server::registry: registry.rs:217 IPC import timing: device_id=0 size_bytes=533725184 import_ms=2.89 (perf-t1)
2026-08-18T16:44:50.426728+00:00   INFO pegaflow_server::registry: registry.rs:217 IPC import timing: device_id=0 size_bytes=533725184 import_ms=2.84 (perf-t1)
2026-08-18T16:44:50.430095+00:00   INFO pegaflow_server::registry: registry.rs:217 IPC import timing: device_id=0 size_bytes=533725184 import_ms=2.79 (perf-t1)
2026-08-18T16:44:50.435197+00:00   INFO pegaflow_server::registry: registry.rs:217 IPC import timing: device_id=0 size_bytes=533725184 import_ms=4.59 (perf-t1)
2026-08-18T16:44:50.438540+00:00   INFO pegaflow_server::registry: registry.rs:217 IPC import timing: device_id=0 size_bytes=533725184 import_ms=2.80 (perf-t1)
2026-08-18T16:44:50.442267+00:00   INFO pegaflow_server::registry: registry.rs:217 IPC import timing: device_id=0 size_bytes=533725184 import_ms=3.17 (perf-t1)
2026-08-18T16:44:50.445584+00:00   INFO pegaflow_server::registry: registry.rs:217 IPC import timing: device_id=0 size_bytes=533725184 import_ms=2.81 (perf-t1)
2026-08-18T16:44:50.448868+00:00   INFO pegaflow_server::registry: registry.rs:217 IPC import timing: device_id=0 size_bytes=533725184 import_ms=2.77 (perf-t1)
2026-08-18T16:44:50.452183+00:00   INFO pegaflow_server::registry: registry.rs:217 IPC import timing: device_id=0 size_bytes=533725184 import_ms=2.78 (perf-t1)
2026-08-18T16:44:50.455471+00:00   INFO pegaflow_server::registry: registry.rs:217 IPC import timing: device_id=0 size_bytes=533725184 import_ms=2.76 (perf-t1)
2026-08-18T16:44:50.459104+00:00   INFO pegaflow_server::registry: registry.rs:217 IPC import timing: device_id=0 size_bytes=533725184 import_ms=2.94 (perf-t1)
2026-08-18T16:44:50.462501+00:00   INFO pegaflow_server::registry: registry.rs:217 IPC import timing: device_id=0 size_bytes=533725184 import_ms=2.85 (perf-t1)
2026-08-18T16:44:50.466054+00:00   INFO pegaflow_server::registry: registry.rs:217 IPC import timing: device_id=0 size_bytes=533725184 import_ms=3.04 (perf-t1)
2026-08-18T16:44:50.469290+00:00   INFO pegaflow_server::registry: registry.rs:217 IPC import timing: device_id=0 size_bytes=533725184 import_ms=2.74 (perf-t1)
2026-08-18T16:44:50.472836+00:00   INFO pegaflow_server::registry: registry.rs:217 IPC import timing: device_id=0 size_bytes=533725184 import_ms=2.98 (perf-t1)
2026-08-18T16:44:50.477184+00:00   INFO pegaflow_server::registry: registry.rs:217 IPC import timing: device_id=0 size_bytes=533725184 import_ms=3.85 (perf-t1)
2026-08-18T16:44:50.483971+00:00   INFO pegaflow_server::registry: registry.rs:217 IPC import timing: device_id=0 size_bytes=533725184 import_ms=6.25 (perf-t1)
2026-08-18T16:44:50.487791+00:00   INFO pegaflow_server::registry: registry.rs:217 IPC import timing: device_id=0 size_bytes=533725184 import_ms=3.24 (perf-t1)
2026-08-18T16:44:50.491089+00:00   INFO pegaflow_server::registry: registry.rs:217 IPC import timing: device_id=0 size_bytes=533725184 import_ms=2.79 (perf-t1)
2026-08-18T16:44:50.494593+00:00   INFO pegaflow_server::registry: registry.rs:217 IPC import timing: device_id=0 size_bytes=533725184 import_ms=3.00 (perf-t1)
2026-08-18T16:44:50.498055+00:00   INFO pegaflow_server::registry: registry.rs:217 IPC import timing: device_id=0 size_bytes=533725184 import_ms=2.92 (perf-t1)
2026-08-18T16:44:50.501492+00:00   INFO pegaflow_server::registry: registry.rs:217 IPC import timing: device_id=0 size_bytes=533725184 import_ms=2.92 (perf-t1)
2026-08-18T16:44:50.504792+00:00   INFO pegaflow_server::registry: registry.rs:217 IPC import timing: device_id=0 size_bytes=533725184 import_ms=2.76 (perf-t1)
2026-08-18T16:44:50.508208+00:00   INFO pegaflow_server::registry: registry.rs:217 IPC import timing: device_id=0 size_bytes=533725184 import_ms=2.84 (perf-t1)
2026-08-18T16:44:50.511739+00:00   INFO pegaflow_server::registry: registry.rs:217 IPC import timing: device_id=0 size_bytes=533725184 import_ms=2.96 (perf-t1)
2026-08-18T16:44:50.515125+00:00   INFO pegaflow_server::registry: registry.rs:217 IPC import timing: device_id=0 size_bytes=533725184 import_ms=2.86 (perf-t1)
2026-08-18T16:44:50.518772+00:00   INFO pegaflow_server::registry: registry.rs:217 IPC import timing: device_id=0 size_bytes=533725184 import_ms=3.09 (perf-t1)
2026-08-18T16:44:50.522308+00:00   INFO pegaflow_server::registry: registry.rs:217 IPC import timing: device_id=0 size_bytes=533725184 import_ms=3.01 (perf-t1)
2026-08-18T16:44:50.525701+00:00   INFO pegaflow_server::registry: registry.rs:217 IPC import timing: device_id=0 size_bytes=533725184 import_ms=2.86 (perf-t1)
2026-08-18T16:44:50.548089+00:00   INFO pegaflow_server::registry: registry.rs:217 IPC import timing: device_id=0 size_bytes=533725184 import_ms=21.83 (perf-t1)
2026-08-18T16:44:50.551617+00:00   INFO pegaflow_server::registry: registry.rs:217 IPC import timing: device_id=0 size_bytes=533725184 import_ms=2.95 (perf-t1)
2026-08-18T16:44:50.555104+00:00   INFO pegaflow_server::registry: registry.rs:217 IPC import timing: device_id=0 size_bytes=533725184 import_ms=2.98 (perf-t1)
2026-08-18T16:44:50.559677+00:00   INFO pegaflow_server::registry: registry.rs:217 IPC import timing: device_id=0 size_bytes=533725184 import_ms=4.03 (perf-t1)
2026-08-18T16:44:50.563633+00:00   INFO pegaflow_server::registry: registry.rs:217 IPC import timing: device_id=0 size_bytes=533725184 import_ms=3.44 (perf-t1)
2026-08-18T16:44:50.567118+00:00   INFO pegaflow_server::registry: registry.rs:217 IPC import timing: device_id=0 size_bytes=533725184 import_ms=2.94 (perf-t1)
2026-08-18T16:44:50.570467+00:00   INFO pegaflow_server::registry: registry.rs:217 IPC import timing: device_id=0 size_bytes=533725184 import_ms=2.79 (perf-t1)
2026-08-18T16:44:50.573839+00:00   INFO pegaflow_server::registry: registry.rs:217 IPC import timing: device_id=0 size_bytes=533725184 import_ms=2.85 (perf-t1)
2026-08-18T16:44:50.577118+00:00   INFO pegaflow_server::registry: registry.rs:217 IPC import timing: device_id=0 size_bytes=533725184 import_ms=2.75 (perf-t1)
2026-08-18T16:44:50.580427+00:00   INFO pegaflow_server::registry: registry.rs:217 IPC import timing: device_id=0 size_bytes=533725184 import_ms=2.76 (perf-t1)
2026-08-18T16:44:50.583799+00:00   INFO pegaflow_server::registry: registry.rs:217 IPC import timing: device_id=0 size_bytes=533725184 import_ms=2.87 (perf-t1)
2026-08-18T16:44:50.587473+00:00   INFO pegaflow_server::registry: registry.rs:217 IPC import timing: device_id=0 size_bytes=533725184 import_ms=3.18 (perf-t1)
2026-08-18T16:44:50.590953+00:00   INFO pegaflow_server::registry: registry.rs:217 IPC import timing: device_id=0 size_bytes=533725184 import_ms=2.91 (perf-t1)
2026-08-18T16:44:50.594529+00:00   INFO pegaflow_server::registry: registry.rs:217 IPC import timing: device_id=0 size_bytes=533725184 import_ms=3.06 (perf-t1)
2026-08-18T16:44:50.597978+00:00   INFO pegaflow_server::registry: registry.rs:217 IPC import timing: device_id=0 size_bytes=533725184 import_ms=2.92 (perf-t1)
2026-08-18T16:44:50.601489+00:00   INFO pegaflow_server::registry: registry.rs:217 IPC import timing: device_id=0 size_bytes=533725184 import_ms=2.84 (perf-t1)
2026-08-18T16:44:50.604949+00:00   INFO pegaflow_server::registry: registry.rs:217 IPC import timing: device_id=0 size_bytes=533725184 import_ms=2.88 (perf-t1)
2026-08-18T16:44:50.608285+00:00   INFO pegaflow_server::registry: registry.rs:217 IPC import timing: device_id=0 size_bytes=533725184 import_ms=2.81 (perf-t1)
2026-08-18T16:44:50.611691+00:00   INFO pegaflow_server::registry: registry.rs:217 IPC import timing: device_id=0 size_bytes=533725184 import_ms=2.84 (perf-t1)
2026-08-18T16:44:50.616052+00:00   INFO pegaflow_server::registry: registry.rs:217 IPC import timing: device_id=0 size_bytes=533725184 import_ms=3.86 (perf-t1)
2026-08-18T16:44:50.619716+00:00   INFO pegaflow_server::registry: registry.rs:217 IPC import timing: device_id=0 size_bytes=533725184 import_ms=3.13 (perf-t1)
2026-08-18T16:44:50.624030+00:00   INFO pegaflow_server::registry: registry.rs:217 IPC import timing: device_id=0 size_bytes=533725184 import_ms=3.76 (perf-t1)
2026-08-18T16:44:50.627420+00:00   INFO pegaflow_server::registry: registry.rs:217 IPC import timing: device_id=0 size_bytes=533725184 import_ms=2.84 (perf-t1)
2026-08-18T16:44:50.630816+00:00   INFO pegaflow_server::registry: registry.rs:217 IPC import timing: device_id=0 size_bytes=533725184 import_ms=2.88 (perf-t1)
2026-08-18T16:44:50.677450+00:00   INFO pegaflow_server::registry: registry.rs:217 IPC import timing: device_id=0 size_bytes=533725184 import_ms=46.08 (perf-t1)
2026-08-18T16:44:50.683944+00:00   INFO pegaflow_server::registry: registry.rs:217 IPC import timing: device_id=0 size_bytes=533725184 import_ms=5.94 (perf-t1)
2026-08-18T16:44:50.687374+00:00   INFO pegaflow_server::registry: registry.rs:217 IPC import timing: device_id=0 size_bytes=533725184 import_ms=2.87 (perf-t1)
2026-08-18T16:44:50.691103+00:00   INFO pegaflow_server::registry: registry.rs:217 IPC import timing: device_id=0 size_bytes=533725184 import_ms=3.20 (perf-t1)
2026-08-18T16:44:50.694393+00:00   INFO pegaflow_server::registry: registry.rs:217 IPC import timing: device_id=0 size_bytes=533725184 import_ms=2.78 (perf-t1)
2026-08-18T16:44:50.697718+00:00   INFO pegaflow_server::registry: registry.rs:217 IPC import timing: device_id=0 size_bytes=533725184 import_ms=2.82 (perf-t1)
2026-08-18T16:44:50.701043+00:00   INFO pegaflow_core::gpu_worker: gpu_worker.rs:338 GPU worker initialized: device=0 backend=ascend_batch device_id=0
2026-08-18T16:44:50.701271+00:00   INFO pegaflow_core::gpu_worker: gpu_worker.rs:338 GPU worker initialized: device=0 backend=ascend_batch device_id=0
2026-08-18T16:44:50.701511+00:00   INFO pegaflow_core::gpu_worker: gpu_worker.rs:200 GPU worker pool started: device=0, numa_node=NUMA6, transfer_mode=AscendDirect
2026-08-18T16:44:50.702130+00:00   INFO pegaflow_core::instance: instance.rs:706 Sealed instance topology: instance=236ee70b-2542-45d3-9310-01fa15d267de-2b12cbd006284e85837eb42e612f9048, num_layers=72, tp_size=1, world_size=1, total_slots=72
2026-08-18T16:44:50.702170+00:00   INFO pegaflow_core::instance: instance.rs:719 Initialized GPU context: device_id=0, numa_node=NUMA6
2026-08-18T16:44:50.702194+00:00   INFO pegaflow_core: lib.rs:452 Registered context batch: instance=236ee70b-2542-45d3-9310-01fa15d267de-2b12cbd006284e85837eb42e612f9048, namespace=perf-t2-c8-i200-shared-c3, device=0, layers=72, tp_rank=0/1, pp_rank=0
2026-08-18T16:45:02.471485+00:00   INFO pegaflow_server::service: service.rs:931 Session opened: instance_id=9d739da2-c006-481d-9047-f7729e92ca9d-9e6e740277774db8a311d054b161ae89 namespace=perf-t2-c8-i200-shared-c3 tp_size=1 world_size=1 token=1
2026-08-18T16:45:05.320709+00:00   INFO pegaflow_server::service: service.rs:931 Session opened: instance_id=2721b86c-2456-47fb-b97b-39572b9a0b77-75c08b158bc94470b432e83cdf9f23f1 namespace=perf-t2-c8-i200-shared-c3 tp_size=1 world_size=1 token=2
2026-08-18T16:45:09.708367+00:00   INFO pegaflow_server::service: service.rs:931 Session opened: instance_id=0b22ca5a-46f1-4ed8-a371-06c5bec8561b-22b50e0f32994e08b7a8df602d4a346a namespace=perf-t2-c8-i200-shared-c3 tp_size=1 world_size=1 token=3
2026-08-18T16:45:15.321541+00:00   INFO pegaflow_server::service: service.rs:931 Session opened: instance_id=a7e5918d-e7df-45d2-89c4-e5ea3316f9e6-37866c32964f42deb9b9c295359236f9 namespace=perf-t2-c8-i200-shared-c3 tp_size=1 world_size=1 token=4
2026-08-18T16:45:22.403632+00:00   INFO pegaflow_server::service: service.rs:931 Session opened: instance_id=236ee70b-2542-45d3-9310-01fa15d267de-2b12cbd006284e85837eb42e612f9048 namespace=perf-t2-c8-i200-shared-c3 tp_size=1 world_size=1 token=5
2026-08-18T16:45:22.417921+00:00   INFO pegaflow_server::service: service.rs:931 Session opened: instance_id=936fd76a-a256-4341-8f59-899c6e4e14f9-20a6cb62668644c584100bd9d5655833 namespace=perf-t2-c8-i200-shared-c3 tp_size=1 world_size=1 token=6
2026-08-18T16:45:25.334220+00:00   INFO pegaflow_server::service: service.rs:931 Session opened: instance_id=866c9337-c8ca-462e-aead-6690d89f9a55-6856d663b5114468b1e7c8492670fbd6 namespace=perf-t2-c8-i200-shared-c3 tp_size=1 world_size=1 token=7
2026-08-18T16:45:27.696660+00:00   INFO pegaflow_server::service: service.rs:931 Session opened: instance_id=c2e24a05-7ac3-4e43-b1e1-07a664c754cb-2121b8aac8ad4d7d996e825dd17b59f9 namespace=perf-t2-c8-i200-shared-c3 tp_size=1 world_size=1 token=8
2026-08-18T16:45:35.695805+00:00   INFO pegaflow_core::storage::prefetch: prefetch.rs:316 Prefetch local-hit timing: req_id=cmpl-perf-d368cbc926c1-0-9d07641e total_keys=76 hit=0 missing=76 key_build=54.421µs cache_scan=11.92µs task_schedule=4.32µs total=156.342µs
2026-08-18T16:46:07.771176+00:00   INFO pegaflow_core::storage::prefetch: prefetch.rs:316 Prefetch local-hit timing: req_id=cmpl-perf-3ac3ed02d616-0-98a929b7 total_keys=76 hit=76 missing=0 key_build=147.633µs cache_scan=130.002µs task_schedule=300ns total=343.486µs
2026-08-18T16:46:07.771540+00:00   INFO pegaflow_core::storage::prefetch: prefetch.rs:316 Prefetch local-hit timing: req_id=cmpl-perf-c9aae7d2ca2f-0-87f74f56 total_keys=76 hit=76 missing=0 key_build=62.791µs cache_scan=102.102µs task_schedule=170ns total=180.833µs
2026-08-18T16:46:07.772834+00:00   INFO pegaflow_core::storage::prefetch: prefetch.rs:316 Prefetch local-hit timing: req_id=cmpl-perf-2e4e0b91bb94-0-9342338c total_keys=76 hit=76 missing=0 key_build=44.301µs cache_scan=93.111µs task_schedule=110ns total=147.542µs
2026-08-18T16:46:07.773281+00:00   INFO pegaflow_core::storage::prefetch: prefetch.rs:316 Prefetch local-hit timing: req_id=cmpl-perf-82831cdbd6b5-0-ab064168 total_keys=76 hit=76 missing=0 key_build=43.121µs cache_scan=104.892µs task_schedule=160ns total=162.213µs
2026-08-18T16:46:07.774104+00:00   INFO pegaflow_core::storage::prefetch: prefetch.rs:316 Prefetch local-hit timing: req_id=cmpl-perf-07622a0079de-0-98f2599e total_keys=76 hit=76 missing=0 key_build=40.831µs cache_scan=95.082µs task_schedule=100ns total=145.643µs
2026-08-18T16:46:07.774945+00:00   INFO pegaflow_core::storage::prefetch: prefetch.rs:316 Prefetch local-hit timing: req_id=cmpl-perf-6e4e6386c715-0-8af8b033 total_keys=76 hit=76 missing=0 key_build=43.241µs cache_scan=93.422µs task_schedule=110ns total=146.403µs
2026-08-18T16:46:07.775380+00:00   INFO pegaflow_core::storage::prefetch: prefetch.rs:316 Prefetch local-hit timing: req_id=cmpl-perf-6d99123d2e9d-0-a621d9fa total_keys=76 hit=76 missing=0 key_build=90.182µs cache_scan=94.341µs task_schedule=120ns total=193.874µs
2026-08-18T16:46:07.924684+00:00   INFO pegaflow_core::gpu_worker: gpu_worker.rs:508 Load task completed: layers=72 blocks=76 copies=5472 bytes=1434451968 elapsed_ms=144.89 bandwidth_gbps=9.90 backend=ascend_batch device_id=5
2026-08-18T16:46:07.925219+00:00   INFO pegaflow_core::gpu_worker: gpu_worker.rs:508 Load task completed: layers=72 blocks=76 copies=5472 bytes=1434451968 elapsed_ms=144.44 bandwidth_gbps=9.93 backend=ascend_batch device_id=7
2026-08-18T16:46:07.925683+00:00   INFO pegaflow_core::gpu_worker: gpu_worker.rs:508 Load task completed: layers=72 blocks=76 copies=5472 bytes=1434451968 elapsed_ms=143.99 bandwidth_gbps=9.96 backend=ascend_batch device_id=6
2026-08-18T16:46:07.926426+00:00   INFO pegaflow_core::gpu_worker: gpu_worker.rs:508 Load task completed: layers=72 blocks=76 copies=5472 bytes=1434451968 elapsed_ms=142.87 bandwidth_gbps=10.04 backend=ascend_batch device_id=4
2026-08-18T16:46:07.926914+00:00   INFO pegaflow_core::gpu_worker: gpu_worker.rs:508 Load task completed: layers=72 blocks=76 copies=5472 bytes=1434451968 elapsed_ms=145.34 bandwidth_gbps=9.87 backend=ascend_batch device_id=2
2026-08-18T16:46:07.946695+00:00   INFO pegaflow_core::gpu_worker: gpu_worker.rs:508 Load task completed: layers=72 blocks=76 copies=5472 bytes=1434451968 elapsed_ms=162.17 bandwidth_gbps=8.85 backend=ascend_batch device_id=0
2026-08-18T16:46:07.965982+00:00   INFO pegaflow_core::gpu_worker: gpu_worker.rs:508 Load task completed: layers=72 blocks=76 copies=5472 bytes=1434451968 elapsed_ms=185.42 bandwidth_gbps=7.74 backend=ascend_batch device_id=1
2026-08-18T16:46:11.003685+00:00   INFO pegaflow_core::storage::prefetch: prefetch.rs:316 Prefetch local-hit timing: req_id=cmpl-perf-134be740e391-0-9359e66f total_keys=1 hit=0 missing=1 key_build=5.39µs cache_scan=11.8µs task_schedule=3.33µs total=46.221µs
2026-08-18T16:46:11.003685+00:00   INFO pegaflow_core::storage::prefetch: prefetch.rs:316 Prefetch local-hit timing: req_id=cmpl-perf-56134ee840ab-0-9d13cf8c total_keys=1 hit=0 missing=1 key_build=11.491µs cache_scan=11.86µs task_schedule=4.23µs total=61.982µs
2026-08-18T16:46:11.003962+00:00   INFO pegaflow_core::storage::prefetch: prefetch.rs:316 Prefetch local-hit timing: req_id=cmpl-perf-39948c2a7953-0-866b6b1b total_keys=1 hit=0 missing=1 key_build=5.22µs cache_scan=8.26µs task_schedule=2.71µs total=30.281µs
2026-08-18T16:46:11.004076+00:00   INFO pegaflow_core::storage::prefetch: prefetch.rs:316 Prefetch local-hit timing: req_id=cmpl-perf-dc2514b9e584-0-ade79149 total_keys=1 hit=0 missing=1 key_build=5.2µs cache_scan=8.32µs task_schedule=2.74µs total=25.791µs
2026-08-18T16:46:11.005235+00:00   INFO pegaflow_core::storage::prefetch: prefetch.rs:316 Prefetch local-hit timing: req_id=cmpl-perf-63ebf2978258-0-b9ae80d2 total_keys=1 hit=0 missing=1 key_build=3.1µs cache_scan=10.92µs task_schedule=1.5µs total=23.49µs
2026-08-18T16:46:11.005274+00:00   INFO pegaflow_core::storage::prefetch: prefetch.rs:316 Prefetch local-hit timing: req_id=cmpl-perf-2fa10d54421c-0-a0b087cd total_keys=1 hit=0 missing=1 key_build=3.5µs cache_scan=4.501µs task_schedule=1.48µs total=17.651µs
2026-08-18T16:46:11.005235+00:00   INFO pegaflow_core::storage::prefetch: prefetch.rs:316 Prefetch local-hit timing: req_id=cmpl-perf-a93cdc64ec7d-0-96f3cc86 total_keys=1 hit=0 missing=1 key_build=4.58µs cache_scan=8.68µs task_schedule=2.79µs total=29.47µs
2026-08-18T16:46:11.005677+00:00   INFO pegaflow_core::storage::prefetch: prefetch.rs:316 Prefetch local-hit timing: req_id=cmpl-perf-8c7656340710-0-9c4908df total_keys=1 hit=0 missing=1 key_build=5.58µs cache_scan=8.291µs task_schedule=2.73µs total=30.411µs
2026-08-18T16:46:18.154124+00:00   INFO pegaflow_server::service: service.rs:955 Session closed: instance_id=9d739da2-c006-481d-9047-f7729e92ca9d-9e6e740277774db8a311d054b161ae89 token=1 — running cleanup
2026-08-18T16:46:18.737089+00:00   INFO pegaflow_core: lib.rs:471 Unregistered instance: 9d739da2-c006-481d-9047-f7729e92ca9d-9e6e740277774db8a311d054b161ae89
2026-08-18T16:46:19.519256+00:00   INFO pegaflow_server::service: service.rs:955 Session closed: instance_id=2721b86c-2456-47fb-b97b-39572b9a0b77-75c08b158bc94470b432e83cdf9f23f1 token=2 — running cleanup
2026-08-18T16:46:20.063940+00:00   INFO pegaflow_core: lib.rs:471 Unregistered instance: 2721b86c-2456-47fb-b97b-39572b9a0b77-75c08b158bc94470b432e83cdf9f23f1
2026-08-18T16:46:20.836235+00:00   INFO pegaflow_server::service: service.rs:955 Session closed: instance_id=0b22ca5a-46f1-4ed8-a371-06c5bec8561b-22b50e0f32994e08b7a8df602d4a346a token=3 — running cleanup
2026-08-18T16:46:21.458309+00:00   INFO pegaflow_core: lib.rs:471 Unregistered instance: 0b22ca5a-46f1-4ed8-a371-06c5bec8561b-22b50e0f32994e08b7a8df602d4a346a
2026-08-18T16:46:22.302975+00:00   INFO pegaflow_server::service: service.rs:955 Session closed: instance_id=a7e5918d-e7df-45d2-89c4-e5ea3316f9e6-37866c32964f42deb9b9c295359236f9 token=4 — running cleanup
2026-08-18T16:46:22.976456+00:00   INFO pegaflow_server::service: service.rs:59 Session cleanup (stream closed): dropped 72 device tensors for instance a7e5918d-e7df-45d2-89c4-e5ea3316f9e6-37866c32964f42deb9b9c295359236f9
2026-08-18T16:46:22.976889+00:00   INFO pegaflow_core: lib.rs:471 Unregistered instance: a7e5918d-e7df-45d2-89c4-e5ea3316f9e6-37866c32964f42deb9b9c295359236f9
2026-08-18T16:46:23.768727+00:00   INFO pegaflow_server::service: service.rs:955 Session closed: instance_id=236ee70b-2542-45d3-9310-01fa15d267de-2b12cbd006284e85837eb42e612f9048 token=5 — running cleanup
2026-08-18T16:46:24.375786+00:00   INFO pegaflow_core: lib.rs:471 Unregistered instance: 236ee70b-2542-45d3-9310-01fa15d267de-2b12cbd006284e85837eb42e612f9048
2026-08-18T16:46:25.135973+00:00   INFO pegaflow_server::service: service.rs:955 Session closed: instance_id=936fd76a-a256-4341-8f59-899c6e4e14f9-20a6cb62668644c584100bd9d5655833 token=6 — running cleanup
2026-08-18T16:46:25.749270+00:00   INFO pegaflow_server::service: service.rs:59 Session cleanup (stream closed): dropped 72 device tensors for instance 936fd76a-a256-4341-8f59-899c6e4e14f9-20a6cb62668644c584100bd9d5655833
2026-08-18T16:46:25.749535+00:00   INFO pegaflow_core: lib.rs:471 Unregistered instance: 936fd76a-a256-4341-8f59-899c6e4e14f9-20a6cb62668644c584100bd9d5655833
2026-08-18T16:46:26.551621+00:00   INFO pegaflow_server::service: service.rs:955 Session closed: instance_id=866c9337-c8ca-462e-aead-6690d89f9a55-6856d663b5114468b1e7c8492670fbd6 token=7 — running cleanup
2026-08-18T16:46:27.143561+00:00   INFO pegaflow_server::service: service.rs:59 Session cleanup (stream closed): dropped 72 device tensors for instance 866c9337-c8ca-462e-aead-6690d89f9a55-6856d663b5114468b1e7c8492670fbd6
2026-08-18T16:46:27.143764+00:00   INFO pegaflow_core: lib.rs:471 Unregistered instance: 866c9337-c8ca-462e-aead-6690d89f9a55-6856d663b5114468b1e7c8492670fbd6
2026-08-18T16:46:27.918493+00:00   INFO pegaflow_server::service: service.rs:955 Session closed: instance_id=c2e24a05-7ac3-4e43-b1e1-07a664c754cb-2121b8aac8ad4d7d996e825dd17b59f9 token=8 — running cleanup
2026-08-18T16:46:28.514135+00:00   INFO pegaflow_server::service: service.rs:59 Session cleanup (stream closed): dropped 72 device tensors for instance c2e24a05-7ac3-4e43-b1e1-07a664c754cb-2121b8aac8ad4d7d996e825dd17b59f9
2026-08-18T16:46:28.514296+00:00   INFO pegaflow_core: lib.rs:471 Unregistered instance: c2e24a05-7ac3-4e43-b1e1-07a664c754cb-2121b8aac8ad4d7d996e825dd17b59f9
